iso,year,nlsum
"AFG",1992,7759.2847
"AFG",1993,5439.8856
"AFG",1994,5976.4608
"AFG",1995,6428.2262
"AFG",1996,6257.7985
"AFG",1997,6278.2468
"AFG",1998,7527.1322
"AFG",1999,7546.9155
"AFG",2000,10737.241
"AFG",2001,8630.2222
"AFG",2002,12959.885
"AFG",2003,19390.087
"AFG",2004,27942.086
"AFG",2005,26501.349
"AFG",2006,36094.361
"AFG",2007,35138.226
"AFG",2008,28767.262
"AFG",2009,30529.323
"AFG",2010,43197.786
"AFG",2011,48574.24
"AFG",2012,77992.354
"AFG",2013,88032.685
"AFG",2014,82007.939
"AFG",2015,69395.835
"AFG",2016,67542.494
"AFG",2017,75190.385
"AFG",2018,71314.768
"AFG",2019,72845.841
"AFG",2020,77531.49
"AFG",2021,67959.667
"AFG",2022,51384.758
"AFG",2023,64731.404
"AGO",1992,17782.702
"AGO",1993,12463.448
"AGO",1994,12774.279
"AGO",1995,16142.963
"AGO",1996,19690.103
"AGO",1997,19517.455
"AGO",1998,28898.285
"AGO",1999,28639.803
"AGO",2000,24413.41
"AGO",2001,24227.712
"AGO",2002,23533.34
"AGO",2003,30036.287
"AGO",2004,42053.503
"AGO",2005,40568.554
"AGO",2006,61415.391
"AGO",2007,59137.763
"AGO",2008,72134.491
"AGO",2009,85244.018
"AGO",2010,103429.49
"AGO",2011,123201.97
"AGO",2012,134759.31
"AGO",2013,179844.15
"AGO",2014,211054.99
"AGO",2015,188577.89
"AGO",2016,237137.38
"AGO",2017,232206.13
"AGO",2018,249931.23
"AGO",2019,267943.45
"AGO",2020,243061.91
"AGO",2021,247860.56
"AGO",2022,260054.46
"AGO",2023,245277.33
"ALB",1992,1939.776
"ALB",1993,2291.8474
"ALB",1994,6337.9998
"ALB",1995,7393.7687
"ALB",1996,7026.6823
"ALB",1997,6552.8758
"ALB",1998,8425.1494
"ALB",1999,10964.523
"ALB",2000,11421.708
"ALB",2001,11102.208
"ALB",2002,15181.095
"ALB",2003,17984.092
"ALB",2004,18202.553
"ALB",2005,17770.869
"ALB",2006,23400.676
"ALB",2007,21234.323
"ALB",2008,23482.185
"ALB",2009,17453.401
"ALB",2010,18586.014
"ALB",2011,28054.447
"ALB",2012,43275.703
"ALB",2013,50835.429
"ALB",2014,77189.47
"ALB",2015,69495.444
"ALB",2016,63433.996
"ALB",2017,75809.479
"ALB",2018,77551.7
"ALB",2019,88272.014
"ALB",2020,95166.978
"ALB",2021,108669.52
"ALB",2022,111350.89
"ALB",2023,123384.54
"ARE",1992,338297.75
"ARE",1993,343160.38
"ARE",1994,375334.78
"ARE",1995,408136.34
"ARE",1996,430288.25
"ARE",1997,450581.07
"ARE",1998,485507.44
"ARE",1999,523860.78
"ARE",2000,539487.4
"ARE",2001,598205.59
"ARE",2002,537411.21
"ARE",2003,758306.57
"ARE",2004,725568.19
"ARE",2005,681523.12
"ARE",2006,837378.58
"ARE",2007,869220.92
"ARE",2008,843335.12
"ARE",2009,827284.34
"ARE",2010,830109.84
"ARE",2011,1070086.1
"ARE",2012,1355446.3
"ARE",2013,1512679.1
"ARE",2014,1574509.1
"ARE",2015,1581455.6
"ARE",2016,1551906.2
"ARE",2017,1559038.9
"ARE",2018,1661043.9
"ARE",2019,1718245.3
"ARE",2020,1716025
"ARE",2021,1843837.3
"ARE",2022,1944946.1
"ARE",2023,2027444.8
"ARG",1992,715780.72
"ARG",1993,870079.44
"ARG",1994,920406.17
"ARG",1995,980003.91
"ARG",1996,1122823.2
"ARG",1997,1031958.4
"ARG",1998,1301956.1
"ARG",1999,1411424.5
"ARG",2000,1353407.8
"ARG",2001,1282233.8
"ARG",2002,1153688.5
"ARG",2003,1424731
"ARG",2004,1363056.1
"ARG",2005,1301157.9
"ARG",2006,1621080.9
"ARG",2007,1512486.8
"ARG",2008,1383141.7
"ARG",2009,1531818.8
"ARG",2010,1467429.2
"ARG",2011,1815840.6
"ARG",2012,3211021.3
"ARG",2013,3549720.2
"ARG",2014,3769632.4
"ARG",2015,3846487.2
"ARG",2016,3690407
"ARG",2017,3971540.1
"ARG",2018,4057775
"ARG",2019,4105535.9
"ARG",2020,3971832.4
"ARG",2021,3907570.4
"ARG",2022,4231017.7
"ARG",2023,4377823.9
"ARM",1992,6492.7052
"ARM",1993,4420.9172
"ARM",1994,3712.5336
"ARM",1995,3318.6011
"ARM",1996,5890.429
"ARM",1997,10848.417
"ARM",1998,10751.931
"ARM",1999,8421.4169
"ARM",2000,10102.419
"ARM",2001,8054.502
"ARM",2002,12330.451
"ARM",2003,11632.653
"ARM",2004,12323.528
"ARM",2005,13586.554
"ARM",2006,19787.074
"ARM",2007,21821.181
"ARM",2008,24948.981
"ARM",2009,19058.556
"ARM",2010,20577.137
"ARM",2011,23717.768
"ARM",2012,19423.936
"ARM",2013,25643.133
"ARM",2014,26371.212
"ARM",2015,24804.319
"ARM",2016,29332.352
"ARM",2017,34273.544
"ARM",2018,29491.423
"ARM",2019,40761.239
"ARM",2020,41963.523
"ARM",2021,59004.322
"ARM",2022,60222.164
"ARM",2023,72602.272
"ATG",1992,1089.9584
"ATG",1993,1081.0387
"ATG",1994,1317.9133
"ATG",1995,1563.5677
"ATG",1996,1754.5215
"ATG",1997,2201.3747
"ATG",1998,2195.4351
"ATG",1999,2544.4822
"ATG",2000,2044.8243
"ATG",2001,2625.0071
"ATG",2002,2874.1511
"ATG",2003,4346.1989
"ATG",2004,2661.4202
"ATG",2005,1946.3672
"ATG",2006,3883.1869
"ATG",2007,3066.3823
"ATG",2008,3697.763
"ATG",2009,3023.3441
"ATG",2010,2834.1364
"ATG",2011,4221.3901
"ATG",2012,4702.5738
"ATG",2013,4862.6665
"ATG",2014,5215.4892
"ATG",2015,5293.5941
"ATG",2016,4862.9065
"ATG",2017,5264.8381
"ATG",2018,5106.5559
"ATG",2019,4734.7524
"ATG",2020,4547.5649
"ATG",2021,4672.3319
"ATG",2022,5206.2452
"ATG",2023,6029.1614
"AUS",1992,645234.23
"AUS",1993,689903.71
"AUS",1994,734157.88
"AUS",1995,729493.36
"AUS",1996,788113.98
"AUS",1997,760726.54
"AUS",1998,864357.11
"AUS",1999,905052.01
"AUS",2000,806760.11
"AUS",2001,713562
"AUS",2002,720725.18
"AUS",2003,722559.69
"AUS",2004,687819.69
"AUS",2005,635559.71
"AUS",2006,518143.29
"AUS",2007,523361.9
"AUS",2008,485126.68
"AUS",2009,508700.37
"AUS",2010,490335.89
"AUS",2011,339770.26
"AUS",2012,401045.95
"AUS",2013,423130.84
"AUS",2014,445451.86
"AUS",2015,447727.85
"AUS",2016,440422.1
"AUS",2017,471569.54
"AUS",2018,484164.05
"AUS",2019,502666.53
"AUS",2020,499981.32
"AUS",2021,505243.46
"AUS",2022,505390.71
"AUS",2023,572073.56
"AUT",1992,118906.22
"AUT",1993,114653.92
"AUT",1994,141718.17
"AUT",1995,156480.05
"AUT",1996,151927.71
"AUT",1997,141322.78
"AUT",1998,206038.53
"AUT",1999,189800.29
"AUT",2000,172473.22
"AUT",2001,192743.87
"AUT",2002,192941.61
"AUT",2003,210108.8
"AUT",2004,165257.31
"AUT",2005,204612.01
"AUT",2006,224252.85
"AUT",2007,201483.83
"AUT",2008,194574.66
"AUT",2009,176326.4
"AUT",2010,216950.19
"AUT",2011,210970.69
"AUT",2012,181995.25
"AUT",2013,159965.11
"AUT",2014,294886.56
"AUT",2015,279717.39
"AUT",2016,292622.44
"AUT",2017,343408.31
"AUT",2018,349415.06
"AUT",2019,353135.53
"AUT",2020,332267.88
"AUT",2021,408029.79
"AUT",2022,356899.18
"AUT",2023,360218.45
"AZE",1992,61162.386
"AZE",1993,49145.901
"AZE",1994,49123.555
"AZE",1995,47257.443
"AZE",1996,48421.64
"AZE",1997,58293.176
"AZE",1998,59287.16
"AZE",1999,70235.271
"AZE",2000,52554.119
"AZE",2001,52301.782
"AZE",2002,65050.351
"AZE",2003,72589.385
"AZE",2004,79006.186
"AZE",2005,68867.4
"AZE",2006,85779.518
"AZE",2007,97014.104
"AZE",2008,75423.333
"AZE",2009,69523.718
"AZE",2010,82891.152
"AZE",2011,74017.055
"AZE",2012,131413.45
"AZE",2013,177585.8
"AZE",2014,222506.95
"AZE",2015,221401.63
"AZE",2016,212680.74
"AZE",2017,213878.61
"AZE",2018,201496.07
"AZE",2019,228638.27
"AZE",2020,216940.73
"AZE",2021,234679.87
"AZE",2022,274656.82
"AZE",2023,309291.99
"BDI",1992,1210.7458
"BDI",1993,1194.3522
"BDI",1994,1314.5234
"BDI",1995,1114.5252
"BDI",1996,775.21008
"BDI",1997,1157.7073
"BDI",1998,1018.6317
"BDI",1999,1290.8542
"BDI",2000,1499.5396
"BDI",2001,872.21763
"BDI",2002,848.44801
"BDI",2003,1377.5252
"BDI",2004,1322.8914
"BDI",2005,1240.6342
"BDI",2006,1917.2892
"BDI",2007,1437.7543
"BDI",2008,1416.0223
"BDI",2009,1173.1953
"BDI",2010,1981.4992
"BDI",2011,1528.07
"BDI",2012,1622.7036
"BDI",2013,2612.4719
"BDI",2014,1783.2566
"BDI",2015,1489.5147
"BDI",2016,1490.2521
"BDI",2017,1221.6668
"BDI",2018,2573.8811
"BDI",2019,2641.1017
"BDI",2020,2828.8834
"BDI",2021,3584.2928
"BDI",2022,4128.1545
"BDI",2023,6695.9019
"BEL",1992,516610.09
"BEL",1993,534997.95
"BEL",1994,619795.08
"BEL",1995,660481
"BEL",1996,597186.5
"BEL",1997,668736.72
"BEL",1998,638080.13
"BEL",1999,798378.31
"BEL",2000,699171.69
"BEL",2001,723875.73
"BEL",2002,705866.34
"BEL",2003,709581.98
"BEL",2004,560616.18
"BEL",2005,614932.12
"BEL",2006,661715.54
"BEL",2007,637118
"BEL",2008,640220.11
"BEL",2009,578091.9
"BEL",2010,726023.19
"BEL",2011,618136.53
"BEL",2012,665459.01
"BEL",2013,685146.74
"BEL",2014,1034474.4
"BEL",2015,1048162.5
"BEL",2016,1021295.5
"BEL",2017,1051261.2
"BEL",2018,1083187.1
"BEL",2019,1074461.7
"BEL",2020,1060667.9
"BEL",2021,1099096.3
"BEL",2022,978365.74
"BEL",2023,805341.07
"BEN",1992,2213.6338
"BEN",1993,4026.9173
"BEN",1994,2725.5201
"BEN",1995,4822.9832
"BEN",1996,5326.1313
"BEN",1997,4489.4245
"BEN",1998,5155.0745
"BEN",1999,5915.4779
"BEN",2000,6105.5569
"BEN",2001,6515.4782
"BEN",2002,5906.2277
"BEN",2003,7503.6906
"BEN",2004,7604.306
"BEN",2005,7281.3472
"BEN",2006,7738.4366
"BEN",2007,7279.8093
"BEN",2008,8447.1773
"BEN",2009,10353.476
"BEN",2010,8809.5657
"BEN",2011,13242.538
"BEN",2012,10766.001
"BEN",2013,11480.341
"BEN",2014,11258.005
"BEN",2015,11523.178
"BEN",2016,12401.984
"BEN",2017,15524.91
"BEN",2018,18857.865
"BEN",2019,18961.302
"BEN",2020,23116.132
"BEN",2021,28284.053
"BEN",2022,29674.225
"BEN",2023,31488.993
"BFA",1992,4519.28
"BFA",1993,5583.4525
"BFA",1994,5666.4427
"BFA",1995,7260.7342
"BFA",1996,8525.2535
"BFA",1997,8787.6058
"BFA",1998,13390.929
"BFA",1999,11275.871
"BFA",2000,10895.539
"BFA",2001,11172.645
"BFA",2002,11559.43
"BFA",2003,11708.161
"BFA",2004,12962.571
"BFA",2005,11311.407
"BFA",2006,15583.388
"BFA",2007,15303.692
"BFA",2008,14744.292
"BFA",2009,13966.204
"BFA",2010,18177.883
"BFA",2011,18405.616
"BFA",2012,21282.365
"BFA",2013,24502.2
"BFA",2014,24227.467
"BFA",2015,24060.515
"BFA",2016,26110.892
"BFA",2017,28859.24
"BFA",2018,29513.301
"BFA",2019,33022.124
"BFA",2020,34895.006
"BFA",2021,39299.761
"BFA",2022,46033.759
"BFA",2023,51369.352
"BGD",1992,57171.115
"BGD",1993,57354.552
"BGD",1994,60983.796
"BGD",1995,63518.711
"BGD",1996,61416.101
"BGD",1997,62488.316
"BGD",1998,62234.533
"BGD",1999,75274.846
"BGD",2000,63908.303
"BGD",2001,67711.729
"BGD",2002,71175.997
"BGD",2003,69784.975
"BGD",2004,69133.938
"BGD",2005,60190.486
"BGD",2006,70007.356
"BGD",2007,60171.683
"BGD",2008,58797.866
"BGD",2009,58852.003
"BGD",2010,60872.589
"BGD",2011,74870.382
"BGD",2012,74509.289
"BGD",2013,83432.863
"BGD",2014,101445.36
"BGD",2015,119771.16
"BGD",2016,117925.99
"BGD",2017,157834.72
"BGD",2018,163662.12
"BGD",2019,181536.64
"BGD",2020,140866.89
"BGD",2021,179544.84
"BGD",2022,253712.13
"BGD",2023,274863.16
"BGR",1992,57582.14
"BGR",1993,53365.492
"BGR",1994,57073.556
"BGR",1995,71155.328
"BGR",1996,53642
"BGR",1997,52807.425
"BGR",1998,66689.021
"BGR",1999,72873.357
"BGR",2000,74134.869
"BGR",2001,71794.65
"BGR",2002,76049.42
"BGR",2003,83724.284
"BGR",2004,86649.059
"BGR",2005,93833.538
"BGR",2006,99157.159
"BGR",2007,98524.951
"BGR",2008,108007.04
"BGR",2009,84540.509
"BGR",2010,100885.85
"BGR",2011,103246.01
"BGR",2012,147505.79
"BGR",2013,170347.23
"BGR",2014,242018.34
"BGR",2015,230316.79
"BGR",2016,239729.55
"BGR",2017,299843.74
"BGR",2018,271871.33
"BGR",2019,276587.27
"BGR",2020,283279.49
"BGR",2021,323535.71
"BGR",2022,297486.49
"BGR",2023,325918.34
"BHR",1992,79121.38
"BHR",1993,67736.92
"BHR",1994,76050.713
"BHR",1995,79252.795
"BHR",1996,78116.801
"BHR",1997,84699.795
"BHR",1998,74568.588
"BHR",1999,76482.006
"BHR",2000,87076.347
"BHR",2001,75683.011
"BHR",2002,51222.389
"BHR",2003,93867.791
"BHR",2004,84148.214
"BHR",2005,87712.708
"BHR",2006,99496.402
"BHR",2007,97183.213
"BHR",2008,96200.288
"BHR",2009,94028.076
"BHR",2010,96047.408
"BHR",2011,134538.76
"BHR",2012,170077.31
"BHR",2013,193631.77
"BHR",2014,188254.68
"BHR",2015,194207.76
"BHR",2016,205655.82
"BHR",2017,206056.1
"BHR",2018,212678.57
"BHR",2019,234224.67
"BHR",2020,252341.78
"BHR",2021,236936.62
"BHR",2022,230177.09
"BHR",2023,237938.53
"BHS",1992,11106.205
"BHS",1993,11601.824
"BHS",1994,11281.161
"BHS",1995,13167.004
"BHS",1996,12848.559
"BHS",1997,15337.913
"BHS",1998,17390.428
"BHS",1999,16802.575
"BHS",2000,17138.662
"BHS",2001,17939.89
"BHS",2002,18118.63
"BHS",2003,19332.812
"BHS",2004,17515.149
"BHS",2005,15222.843
"BHS",2006,16242.976
"BHS",2007,19586.562
"BHS",2008,18463.702
"BHS",2009,16027.384
"BHS",2010,15556.781
"BHS",2011,19963.424
"BHS",2012,29726.678
"BHS",2013,33510.649
"BHS",2014,32774.828
"BHS",2015,31449.143
"BHS",2016,26382.209
"BHS",2017,28691.863
"BHS",2018,27327.909
"BHS",2019,26636.488
"BHS",2020,24780.67
"BHS",2021,27231.591
"BHS",2022,28453.377
"BHS",2023,31754.835
"BIH",1992,2855.3289
"BIH",1993,2745.3427
"BIH",1994,7373.8932
"BIH",1995,10501.922
"BIH",1996,19192.858
"BIH",1997,27499.789
"BIH",1998,37596.399
"BIH",1999,39996.346
"BIH",2000,40627.141
"BIH",2001,39055.704
"BIH",2002,41172.287
"BIH",2003,52462.58
"BIH",2004,38224.214
"BIH",2005,54463.823
"BIH",2006,52393.639
"BIH",2007,48172.894
"BIH",2008,53130.938
"BIH",2009,44124.776
"BIH",2010,56289.923
"BIH",2011,55889.034
"BIH",2012,80111.399
"BIH",2013,64758.464
"BIH",2014,112555.06
"BIH",2015,111853.47
"BIH",2016,119787.76
"BIH",2017,145582.85
"BIH",2018,137436.05
"BIH",2019,149453.32
"BIH",2020,143310.09
"BIH",2021,196932.49
"BIH",2022,164960.94
"BIH",2023,183768.33
"BLR",1992,137061.11
"BLR",1993,89242.953
"BLR",1994,128995.83
"BLR",1995,126032.08
"BLR",1996,105715.03
"BLR",1997,146727.36
"BLR",1998,177906.78
"BLR",1999,124802.35
"BLR",2000,108058.26
"BLR",2001,159443.89
"BLR",2002,134516.34
"BLR",2003,122614.17
"BLR",2004,140471.6
"BLR",2005,154065.84
"BLR",2006,187557.13
"BLR",2007,166118.74
"BLR",2008,151314.36
"BLR",2009,166552.24
"BLR",2010,246827.02
"BLR",2011,206687.75
"BLR",2012,281228.07
"BLR",2013,114.87463
"BLR",2014,383471.84
"BLR",2015,272787.93
"BLR",2016,331788.96
"BLR",2017,335233.52
"BLR",2018,427692.06
"BLR",2019,350994.41
"BLR",2020,275481.98
"BLR",2021,569334.87
"BLR",2022,356763.44
"BLR",2023,406689.29
"BLZ",1992,2419.0595
"BLZ",1993,2182.7523
"BLZ",1994,3532.6349
"BLZ",1995,3218.6309
"BLZ",1996,3321.2366
"BLZ",1997,3083.305
"BLZ",1998,3859.204
"BLZ",1999,4326.6362
"BLZ",2000,3720.6863
"BLZ",2001,4852.1545
"BLZ",2002,4326.193
"BLZ",2003,5410.9613
"BLZ",2004,4320.5535
"BLZ",2005,4453.3827
"BLZ",2006,6318.1613
"BLZ",2007,5033.1621
"BLZ",2008,3930.8555
"BLZ",2009,4544.0566
"BLZ",2010,4638.7491
"BLZ",2011,6771.6429
"BLZ",2012,10106.951
"BLZ",2013,9915.7182
"BLZ",2014,10159.803
"BLZ",2015,9949.2615
"BLZ",2016,10014.693
"BLZ",2017,11005.916
"BLZ",2018,10983.129
"BLZ",2019,11898.961
"BLZ",2020,12206.05
"BLZ",2021,11968.36
"BLZ",2022,13001.928
"BLZ",2023,15304.225
"BOL",1992,38923.607
"BOL",1993,56573.263
"BOL",1994,62450.309
"BOL",1995,59654.381
"BOL",1996,75311.75
"BOL",1997,62083.47
"BOL",1998,83513.357
"BOL",1999,93216.055
"BOL",2000,80492.429
"BOL",2001,83874.797
"BOL",2002,76530.736
"BOL",2003,96839.601
"BOL",2004,90417.63
"BOL",2005,90324.668
"BOL",2006,116272.2
"BOL",2007,115531.01
"BOL",2008,102738.88
"BOL",2009,105047.84
"BOL",2010,109440.81
"BOL",2011,135366.43
"BOL",2012,206554.39
"BOL",2013,233935.96
"BOL",2014,257554.93
"BOL",2015,297840.06
"BOL",2016,326060.87
"BOL",2017,336205.81
"BOL",2018,340949.92
"BOL",2019,353961.54
"BOL",2020,348927.95
"BOL",2021,326861.37
"BOL",2022,375954.79
"BOL",2023,405564.91
"BRA",1992,1720075.1
"BRA",1993,1932152.5
"BRA",1994,1984186.2
"BRA",1995,2248207.5
"BRA",1996,2584526.8
"BRA",1997,2685193.6
"BRA",1998,3087701
"BRA",1999,3384028.5
"BRA",2000,3330781
"BRA",2001,2945217.4
"BRA",2002,2811511.6
"BRA",2003,3553238.1
"BRA",2004,3310131.3
"BRA",2005,3166791.3
"BRA",2006,3977101.1
"BRA",2007,4043533.5
"BRA",2008,3509678.3
"BRA",2009,3637321.4
"BRA",2010,3784896.5
"BRA",2011,4421992.8
"BRA",2012,6406336.5
"BRA",2013,7044620.9
"BRA",2014,7508193.6
"BRA",2015,7206216
"BRA",2016,7317586.4
"BRA",2017,7800752.7
"BRA",2018,7705258.3
"BRA",2019,7856799.4
"BRA",2020,7588162.8
"BRA",2021,7696737.2
"BRA",2022,8264587.6
"BRA",2023,9365814.4
"BRB",1992,6254.3005
"BRB",1993,6299.4099
"BRB",1994,7394.7932
"BRB",1995,7901.3538
"BRB",1996,7941.0845
"BRB",1997,7580.9962
"BRB",1998,8680.439
"BRB",1999,8651.4351
"BRB",2000,7719.2562
"BRB",2001,8694.2467
"BRB",2002,8917.9128
"BRB",2003,8940.5967
"BRB",2004,7745.1772
"BRB",2005,7565.3097
"BRB",2006,8843.9202
"BRB",2007,8538.3616
"BRB",2008,8051.1569
"BRB",2009,8942.1418
"BRB",2010,7652.7952
"BRB",2011,7301.9879
"BRB",2012,8775.2814
"BRB",2013,9230.8209
"BRB",2014,9216.0206
"BRB",2015,9037.1662
"BRB",2016,8996.3556
"BRB",2017,9745.9097
"BRB",2018,9685.9737
"BRB",2019,10195.436
"BRB",2020,9350.0324
"BRB",2021,9414.8639
"BRB",2022,9652.1112
"BRB",2023,10503.066
"BRN",1992,1470.4251
"BRN",1993,2518.0897
"BRN",1994,1594.9596
"BRN",1995,4032.6055
"BRN",1996,5264.3924
"BRN",1997,5732.7063
"BRN",1998,6267.6356
"BRN",1999,4453.6068
"BRN",2000,3891.4615
"BRN",2001,4501.6991
"BRN",2002,3709.954
"BRN",2003,4375.3057
"BRN",2004,3685.6531
"BRN",2005,3401.5129
"BRN",2006,3751.7429
"BRN",2007,4364.8068
"BRN",2008,4005.341
"BRN",2009,4010.4766
"BRN",2010,4154.0617
"BRN",2011,4344.7301
"BRN",2012,4095.1803
"BRN",2013,37648.995
"BRN",2014,59477.664
"BRN",2015,57555.155
"BRN",2016,49128.143
"BRN",2017,43473.03
"BRN",2018,45584.722
"BRN",2019,48757.201
"BRN",2020,43331.015
"BRN",2021,19640.957
"BRN",2022,49556.656
"BRN",2023,51539.913
"BTN",1992,366.27649
"BTN",1993,224.23588
"BTN",1994,272.69411
"BTN",1995,274.52278
"BTN",1996,274.20088
"BTN",1997,500.42665
"BTN",1998,568.6883
"BTN",1999,1087.2426
"BTN",2000,914.42288
"BTN",2001,1119.8481
"BTN",2002,1503.16
"BTN",2003,1367.5327
"BTN",2004,1646.1568
"BTN",2005,1619.3666
"BTN",2006,1851.6096
"BTN",2007,1988.4076
"BTN",2008,1752.1832
"BTN",2009,1982.4583
"BTN",2010,1965.7364
"BTN",2011,3247.035
"BTN",2012,4600.6244
"BTN",2013,5079.6926
"BTN",2014,5023.3426
"BTN",2015,5276.8213
"BTN",2016,4047.9239
"BTN",2017,5795.4799
"BTN",2018,5004.2127
"BTN",2019,5653.5578
"BTN",2020,3986.0195
"BTN",2021,3820.2054
"BTN",2022,7274.3002
"BTN",2023,9185.8349
"BWA",1992,7602.4054
"BWA",1993,9471.0831
"BWA",1994,9768.5334
"BWA",1995,11162.535
"BWA",1996,11295.399
"BWA",1997,12032.599
"BWA",1998,14629.488
"BWA",1999,18040.414
"BWA",2000,16591.259
"BWA",2001,17768.433
"BWA",2002,19265.423
"BWA",2003,22876.799
"BWA",2004,22070.244
"BWA",2005,22182.236
"BWA",2006,27619.912
"BWA",2007,24408.671
"BWA",2008,21824.139
"BWA",2009,21881.426
"BWA",2010,24733.211
"BWA",2011,22282.346
"BWA",2012,39289.973
"BWA",2013,42866.48
"BWA",2014,38389.726
"BWA",2015,41563.284
"BWA",2016,45214.975
"BWA",2017,48284.154
"BWA",2018,50482.772
"BWA",2019,57984.018
"BWA",2020,58934.56
"BWA",2021,60087.782
"BWA",2022,65165.643
"BWA",2023,74876.857
"CAF",1992,737.07714
"CAF",1993,814.29027
"CAF",1994,1296.7688
"CAF",1995,1319.7378
"CAF",1996,1086.1007
"CAF",1997,1133.3791
"CAF",1998,1232.1716
"CAF",1999,1686.6614
"CAF",2000,1298.8238
"CAF",2001,1268.3711
"CAF",2002,1212.015
"CAF",2003,946.73489
"CAF",2004,1043.4802
"CAF",2005,774.71477
"CAF",2006,1082.2048
"CAF",2007,1077.87
"CAF",2008,1019.2981
"CAF",2009,864.43866
"CAF",2010,980.07707
"CAF",2011,979.10259
"CAF",2012,1190.0761
"CAF",2013,969.38452
"CAF",2014,1067.7563
"CAF",2015,1355.2996
"CAF",2016,1228.4929
"CAF",2017,1581.0284
"CAF",2018,1829.3054
"CAF",2019,1672.926
"CAF",2020,1431.5721
"CAF",2021,1930.1796
"CAF",2022,2548.2232
"CAF",2023,2882.3393
"CAN",1992,2776148.1
"CAN",1993,3178656.3
"CAN",1994,2781510.2
"CAN",1995,3396165.1
"CAN",1996,2978481.8
"CAN",1997,2398915.2
"CAN",1998,2483508.7
"CAN",1999,2549285.8
"CAN",2000,2318456.2
"CAN",2001,2344194
"CAN",2002,2413809.8
"CAN",2003,2479611.5
"CAN",2004,2067635.1
"CAN",2005,1928744.9
"CAN",2006,2192812.6
"CAN",2007,2418850.2
"CAN",2008,2136119.3
"CAN",2009,1990248.9
"CAN",2010,1614857.6
"CAN",2011,2047323.8
"CAN",2012,2988327.1
"CAN",2013,2068200.2
"CAN",2014,5048188.6
"CAN",2015,4066713.3
"CAN",2016,3802132.9
"CAN",2017,4230156.2
"CAN",2018,4388316.9
"CAN",2019,4621519.4
"CAN",2020,4879903.4
"CAN",2021,4442164.8
"CAN",2022,4665477.2
"CAN",2023,4351992.7
"CHE",1992,147099.66
"CHE",1993,122349.82
"CHE",1994,156296.62
"CHE",1995,186840.26
"CHE",1996,170498.53
"CHE",1997,213536.45
"CHE",1998,250003.95
"CHE",1999,224413.53
"CHE",2000,192276.92
"CHE",2001,194582.37
"CHE",2002,198629.36
"CHE",2003,269990.13
"CHE",2004,192262.54
"CHE",2005,251172.4
"CHE",2006,233394.84
"CHE",2007,234336.19
"CHE",2008,225046.51
"CHE",2009,205988.77
"CHE",2010,260838.39
"CHE",2011,228765.8
"CHE",2012,231859.06
"CHE",2013,142271.2
"CHE",2014,264747.36
"CHE",2015,270514.12
"CHE",2016,256284.61
"CHE",2017,295674.41
"CHE",2018,266295.63
"CHE",2019,272485.88
"CHE",2020,257477.67
"CHE",2021,283980.52
"CHE",2022,247095.63
"CHE",2023,227181.92
"CHL",1992,172692.79
"CHL",1993,209980.6
"CHL",1994,223554.11
"CHL",1995,247008.61
"CHL",1996,288292.47
"CHL",1997,247181.84
"CHL",1998,326550.69
"CHL",1999,324047.8
"CHL",2000,321631.42
"CHL",2001,343899.81
"CHL",2002,295571.91
"CHL",2003,394957.34
"CHL",2004,363812.3
"CHL",2005,335723.96
"CHL",2006,413115.12
"CHL",2007,379435.77
"CHL",2008,324876.73
"CHL",2009,368624.61
"CHL",2010,354953.78
"CHL",2011,438084.62
"CHL",2012,653956.8
"CHL",2013,727705.2
"CHL",2014,726462.52
"CHL",2015,745288.55
"CHL",2016,741891.07
"CHL",2017,782326.77
"CHL",2018,812363.87
"CHL",2019,831734.5
"CHL",2020,839735.44
"CHL",2021,869614.89
"CHL",2022,943479.66
"CHL",2023,1088966.9
"CHN",1992,1917393.6
"CHN",1993,1770334.8
"CHN",1994,2373590.2
"CHN",1995,2860394.3
"CHN",1996,2578928.8
"CHN",1997,3223794.5
"CHN",1998,3542848.9
"CHN",1999,3717921.7
"CHN",2000,3662687.1
"CHN",2001,3840537.4
"CHN",2002,4837230
"CHN",2003,5988059.8
"CHN",2004,6657188.4
"CHN",2005,6339617.8
"CHN",2006,7954228.7
"CHN",2007,8180027.3
"CHN",2008,7990842.9
"CHN",2009,7520454.2
"CHN",2010,8622960.7
"CHN",2011,10739492
"CHN",2012,11380022
"CHN",2013,12674599
"CHN",2014,14399983
"CHN",2015,14482918
"CHN",2016,14628704
"CHN",2017,16829127
"CHN",2018,18100552
"CHN",2019,19661031
"CHN",2020,20830976
"CHN",2021,23345452
"CHN",2022,24778443
"CHN",2023,26621004
"CIV",1992,17185.197
"CIV",1993,21013.352
"CIV",1994,20745.845
"CIV",1995,26630.377
"CIV",1996,33452.128
"CIV",1997,31101.199
"CIV",1998,41472.565
"CIV",1999,40559.482
"CIV",2000,37466.855
"CIV",2001,40544.821
"CIV",2002,41350.619
"CIV",2003,42523.688
"CIV",2004,38212.165
"CIV",2005,34283.374
"CIV",2006,42913.133
"CIV",2007,41134.118
"CIV",2008,40186.071
"CIV",2009,40658.009
"CIV",2010,39837.167
"CIV",2011,43809.781
"CIV",2012,61153.943
"CIV",2013,85202.135
"CIV",2014,89911.899
"CIV",2015,104383.05
"CIV",2016,119100.56
"CIV",2017,139444.53
"CIV",2018,145591.71
"CIV",2019,149619.25
"CIV",2020,190037.09
"CIV",2021,223585.58
"CIV",2022,271509.88
"CIV",2023,287648.8
"CMR",1992,11416.912
"CMR",1993,11899.021
"CMR",1994,10168.678
"CMR",1995,10517.294
"CMR",1996,13093.449
"CMR",1997,12671.196
"CMR",1998,15776.912
"CMR",1999,15450.029
"CMR",2000,14219.187
"CMR",2001,15419.549
"CMR",2002,15002.189
"CMR",2003,15693.053
"CMR",2004,17314.676
"CMR",2005,13419.161
"CMR",2006,16301.057
"CMR",2007,16707.428
"CMR",2008,18286.847
"CMR",2009,15942.711
"CMR",2010,20779.305
"CMR",2011,19241.409
"CMR",2012,19047.359
"CMR",2013,26226.181
"CMR",2014,23930.932
"CMR",2015,32723.489
"CMR",2016,34402.529
"CMR",2017,38015.851
"CMR",2018,44195.312
"CMR",2019,43769.808
"CMR",2020,36319.932
"CMR",2021,38602.094
"CMR",2022,56357.939
"CMR",2023,57123.697
"COD",1992,25109.886
"COD",1993,27349.903
"COD",1994,24859.081
"COD",1995,30932.055
"COD",1996,39321.887
"COD",1997,30802.294
"COD",1998,33940.462
"COD",1999,36381.68
"COD",2000,32420.883
"COD",2001,34874.51
"COD",2002,31150.566
"COD",2003,33301.814
"COD",2004,35565.797
"COD",2005,34307.458
"COD",2006,35776.16
"COD",2007,36479.53
"COD",2008,32546.243
"COD",2009,32977.589
"COD",2010,40157.728
"COD",2011,42401.036
"COD",2012,72949.196
"COD",2013,78283.709
"COD",2014,73219.058
"COD",2015,85350.01
"COD",2016,87964.339
"COD",2017,92291.575
"COD",2018,96848.96
"COD",2019,95357.573
"COD",2020,71257.662
"COD",2021,105497.02
"COD",2022,104904.75
"COD",2023,107298.17
"COG",1992,6876.5861
"COG",1993,6850.0453
"COG",1994,8146.1743
"COG",1995,8390.1332
"COG",1996,7099.0349
"COG",1997,4329.0819
"COG",1998,12318.51
"COG",1999,9374.8684
"COG",2000,7295.8141
"COG",2001,8724.517
"COG",2002,9059.6949
"COG",2003,11968.656
"COG",2004,16734.776
"COG",2005,24907.867
"COG",2006,23962.969
"COG",2007,31372.026
"COG",2008,33563.886
"COG",2009,26182.858
"COG",2010,36409.3
"COG",2011,27825.325
"COG",2012,70501.668
"COG",2013,95624.115
"COG",2014,69898.724
"COG",2015,52718.692
"COG",2016,52981.566
"COG",2017,63473.855
"COG",2018,82799.21
"COG",2019,119351.09
"COG",2020,101980.56
"COG",2021,143156.02
"COG",2022,160815.62
"COG",2023,155468.53
"COL",1992,235355.44
"COL",1993,299703.24
"COL",1994,320865.96
"COL",1995,376617.95
"COL",1996,357602.64
"COL",1997,372034.97
"COL",1998,418136.94
"COL",1999,414842.05
"COL",2000,373136.67
"COL",2001,404052.08
"COL",2002,404151.43
"COL",2003,408499.62
"COL",2004,389173.14
"COL",2005,353477.2
"COL",2006,430777.68
"COL",2007,428112.03
"COL",2008,369080.94
"COL",2009,393932.84
"COL",2010,391942.02
"COL",2011,450947.55
"COL",2012,634212.77
"COL",2013,781488.07
"COL",2014,816499
"COL",2015,825497.76
"COL",2016,817041.41
"COL",2017,852680.78
"COL",2018,874971.29
"COL",2019,882092.76
"COL",2020,794315.06
"COL",2021,739267.28
"COL",2022,900572.8
"COL",2023,1077739.2
"COM",1992,11.308149
"COM",1993,36.967465
"COM",1994,26.898638
"COM",1995,48.042833
"COM",1996,38.001504
"COM",1997,9.2219161
"COM",1998,35.728426
"COM",1999,21.414772
"COM",2000,17.656723
"COM",2001,16.752098
"COM",2002,25.972499
"COM",2003,8.0047401
"COM",2004,9.2846928
"COM",2005,18.169407
"COM",2006,19.991618
"COM",2007,12.383947
"COM",2008,6.6804257
"COM",2009,16.818063
"COM",2010,33.208284
"COM",2011,64.517803
"COM",2012,203.07976
"COM",2013,199.61503
"COM",2014,171.22498
"COM",2015,107.59903
"COM",2016,103.81853
"COM",2017,185.70445
"COM",2018,235.04104
"COM",2019,225.59803
"COM",2020,211.667
"COM",2021,218.05031
"COM",2022,296.70919
"COM",2023,362.01777
"CPV",1992,619.7873
"CPV",1993,622.29982
"CPV",1994,832.15516
"CPV",1995,1108.051
"CPV",1996,1283.7413
"CPV",1997,1175.4857
"CPV",1998,1912.1126
"CPV",1999,1568.9633
"CPV",2000,1508.3942
"CPV",2001,2091.1309
"CPV",2002,1611.7946
"CPV",2003,2381.4187
"CPV",2004,2075.1706
"CPV",2005,1618.6386
"CPV",2006,2375.8145
"CPV",2007,2673.7034
"CPV",2008,1936.2809
"CPV",2009,1991.1757
"CPV",2010,3339.0022
"CPV",2011,2915.3877
"CPV",2012,3191.8556
"CPV",2013,3858.5129
"CPV",2014,4284.4073
"CPV",2015,4104.9745
"CPV",2016,4562.3516
"CPV",2017,5493.1666
"CPV",2018,5879.4964
"CPV",2019,6271.435
"CPV",2020,6000.8512
"CPV",2021,5975.9098
"CPV",2022,6364.4024
"CPV",2023,6456.5297
"CRI",1992,43230.887
"CRI",1993,49238.743
"CRI",1994,53703.379
"CRI",1995,56413.149
"CRI",1996,55889.416
"CRI",1997,61862.719
"CRI",1998,60909.804
"CRI",1999,65091.077
"CRI",2000,62768.177
"CRI",2001,67245.073
"CRI",2002,67477.411
"CRI",2003,59009.659
"CRI",2004,59445.649
"CRI",2005,49991.869
"CRI",2006,60714.451
"CRI",2007,57943.288
"CRI",2008,60228.889
"CRI",2009,64028.712
"CRI",2010,61737.89
"CRI",2011,70947.636
"CRI",2012,101899.67
"CRI",2013,119152.8
"CRI",2014,120594.35
"CRI",2015,111041.73
"CRI",2016,115836.49
"CRI",2017,133621.54
"CRI",2018,122092.61
"CRI",2019,133651.44
"CRI",2020,125685.13
"CRI",2021,125615.42
"CRI",2022,135389.39
"CRI",2023,149879.16
"CYP",1992,28065.583
"CYP",1993,24683.574
"CYP",1994,29013.53
"CYP",1995,33236.884
"CYP",1996,32474.29
"CYP",1997,35555.894
"CYP",1998,37499.251
"CYP",1999,41967.066
"CYP",2000,39186.028
"CYP",2001,38766.047
"CYP",2002,46610.011
"CYP",2003,48312.814
"CYP",2004,46153.52
"CYP",2005,44358.084
"CYP",2006,54487.302
"CYP",2007,60947.14
"CYP",2008,52075.551
"CYP",2009,42952.693
"CYP",2010,52321.751
"CYP",2011,56427.398
"CYP",2012,58633.902
"CYP",2013,64638.861
"CYP",2014,74046.963
"CYP",2015,74323.575
"CYP",2016,77621.466
"CYP",2017,82793.581
"CYP",2018,85035.522
"CYP",2019,80879.429
"CYP",2020,74875.107
"CYP",2021,75151.735
"CYP",2022,72645.628
"CYP",2023,78606.011
"CZE",1992,196400.29
"CZE",1993,180048.73
"CZE",1994,204617.49
"CZE",1995,244895.52
"CZE",1996,259056.03
"CZE",1997,220219.07
"CZE",1998,341760.39
"CZE",1999,275042.84
"CZE",2000,287892.41
"CZE",2001,338116.86
"CZE",2002,362785.88
"CZE",2003,298115.46
"CZE",2004,266733.64
"CZE",2005,326764.06
"CZE",2006,352514.39
"CZE",2007,268740.5
"CZE",2008,264341.67
"CZE",2009,267852.65
"CZE",2010,395914.06
"CZE",2011,291493.27
"CZE",2012,389586.51
"CZE",2013,104347.18
"CZE",2014,542686.41
"CZE",2015,542663.83
"CZE",2016,570097.12
"CZE",2017,700058.94
"CZE",2018,671562.7
"CZE",2019,664096.64
"CZE",2020,575780.4
"CZE",2021,877994.68
"CZE",2022,625560.19
"CZE",2023,618959.94
"DEU",1992,1368520.7
"DEU",1993,1195119.8
"DEU",1994,1309636
"DEU",1995,1709378.3
"DEU",1996,1552645
"DEU",1997,1643960.1
"DEU",1998,1954560.4
"DEU",1999,1983545.5
"DEU",2000,1740201.1
"DEU",2001,1837231.9
"DEU",2002,1865796.7
"DEU",2003,1859480.7
"DEU",2004,1597845.6
"DEU",2005,1730124
"DEU",2006,1924102.3
"DEU",2007,1792072.5
"DEU",2008,1680723.1
"DEU",2009,1597260.1
"DEU",2010,2270497.3
"DEU",2011,1808246.3
"DEU",2012,1738264.4
"DEU",2013,595009.47
"DEU",2014,2539534.7
"DEU",2015,2561324.5
"DEU",2016,2529087.1
"DEU",2017,2864094.9
"DEU",2018,2879471.5
"DEU",2019,2809977.1
"DEU",2020,2786699.1
"DEU",2021,3470389.4
"DEU",2022,2926221.4
"DEU",2023,2925488.2
"DJI",1992,1588.3033
"DJI",1993,2547.1575
"DJI",1994,1869.3855
"DJI",1995,2164.4304
"DJI",1996,1768.1359
"DJI",1997,1670.1229
"DJI",1998,1124.8564
"DJI",1999,1584.8966
"DJI",2000,1604.6066
"DJI",2001,1854.1614
"DJI",2002,2017.488
"DJI",2003,2973.4919
"DJI",2004,2701.005
"DJI",2005,2754.974
"DJI",2006,3495.9895
"DJI",2007,3834.3388
"DJI",2008,3559.9679
"DJI",2009,4307.4009
"DJI",2010,5643.6965
"DJI",2011,6642.759
"DJI",2012,4673.5599
"DJI",2013,5081.1128
"DJI",2014,5250.1651
"DJI",2015,5893.953
"DJI",2016,6528.0343
"DJI",2017,7992.041
"DJI",2018,8658.9598
"DJI",2019,8911.4583
"DJI",2020,8504.2404
"DJI",2021,9187.6476
"DJI",2022,9398.3867
"DJI",2023,10311.886
"DMA",1992,47.413214
"DMA",1993,141.92672
"DMA",1994,139.82985
"DMA",1995,138.06195
"DMA",1996,148.64103
"DMA",1997,120.27363
"DMA",1998,184.10551
"DMA",1999,308.33553
"DMA",2000,293.12373
"DMA",2001,273.24668
"DMA",2002,219.8917
"DMA",2003,252.3915
"DMA",2004,176.73273
"DMA",2005,216.51348
"DMA",2006,263.98525
"DMA",2007,254.12391
"DMA",2008,226.72052
"DMA",2009,259.3898
"DMA",2010,154.68815
"DMA",2011,258.00277
"DMA",2012,580.18768
"DMA",2013,590.40558
"DMA",2014,591.77557
"DMA",2015,640.78161
"DMA",2016,576.41154
"DMA",2017,470.27515
"DMA",2018,264.56363
"DMA",2019,528.42124
"DMA",2020,744.86348
"DMA",2021,658.00597
"DMA",2022,638.84652
"DMA",2023,823.19644
"DNK",1992,155987.34
"DNK",1993,141059.2
"DNK",1994,146036.73
"DNK",1995,230322.48
"DNK",1996,133952.57
"DNK",1997,150282.71
"DNK",1998,211896.59
"DNK",1999,211598.73
"DNK",2000,178842.22
"DNK",2001,160609.89
"DNK",2002,145007.82
"DNK",2003,174799.52
"DNK",2004,169606.2
"DNK",2005,153683.22
"DNK",2006,197773.35
"DNK",2007,168043.08
"DNK",2008,136477.73
"DNK",2009,125960.15
"DNK",2010,262149.94
"DNK",2011,142318.57
"DNK",2012,235909.79
"DNK",2013,0
"DNK",2014,225339.68
"DNK",2015,256682.92
"DNK",2016,258494.14
"DNK",2017,248888.43
"DNK",2018,261610.91
"DNK",2019,265133.88
"DNK",2020,261033.73
"DNK",2021,394700.04
"DNK",2022,304449.31
"DNK",2023,308011.4
"DOM",1992,39142.984
"DOM",1993,37213.06
"DOM",1994,42168.215
"DOM",1995,42609.393
"DOM",1996,46648.848
"DOM",1997,59074.795
"DOM",1998,60785.132
"DOM",1999,82543.952
"DOM",2000,79445.244
"DOM",2001,84308.894
"DOM",2002,79283.793
"DOM",2003,85088.488
"DOM",2004,69567.088
"DOM",2005,67619.437
"DOM",2006,82002.35
"DOM",2007,73628.955
"DOM",2008,72413.1
"DOM",2009,66884.658
"DOM",2010,66303.155
"DOM",2011,84606.568
"DOM",2012,122055.48
"DOM",2013,139339.77
"DOM",2014,146837.97
"DOM",2015,157930.54
"DOM",2016,160028.15
"DOM",2017,179302.69
"DOM",2018,197536.68
"DOM",2019,223832.39
"DOM",2020,227357.82
"DOM",2021,260797.85
"DOM",2022,289309.57
"DOM",2023,327108.64
"DZA",1992,593172.46
"DZA",1993,498945
"DZA",1994,547139.37
"DZA",1995,620795.43
"DZA",1996,593875.49
"DZA",1997,551240.7
"DZA",1998,565383.14
"DZA",1999,581080.02
"DZA",2000,531463.77
"DZA",2001,519346.55
"DZA",2002,463903.03
"DZA",2003,565436.69
"DZA",2004,568537.67
"DZA",2005,541337.43
"DZA",2006,749479.55
"DZA",2007,719239.21
"DZA",2008,672438.91
"DZA",2009,639292.13
"DZA",2010,721679.54
"DZA",2011,924921.96
"DZA",2012,2203287.8
"DZA",2013,2337514.8
"DZA",2014,2975812.3
"DZA",2015,3036290
"DZA",2016,3214489.3
"DZA",2017,3141465.5
"DZA",2018,2976396
"DZA",2019,2985832.1
"DZA",2020,2898866.1
"DZA",2021,2855904.4
"DZA",2022,2843785.2
"DZA",2023,3207762.2
"ECU",1992,83446.459
"ECU",1993,89191.99
"ECU",1994,99523.611
"ECU",1995,125352.14
"ECU",1996,156957.2
"ECU",1997,136923.93
"ECU",1998,156654.02
"ECU",1999,155287.45
"ECU",2000,148851.32
"ECU",2001,148810.68
"ECU",2002,149953.48
"ECU",2003,169633.49
"ECU",2004,171107.33
"ECU",2005,171631.85
"ECU",2006,205168.52
"ECU",2007,200446.57
"ECU",2008,177404.09
"ECU",2009,192102.85
"ECU",2010,204441.28
"ECU",2011,235165.92
"ECU",2012,353083.54
"ECU",2013,398768.51
"ECU",2014,446424.59
"ECU",2015,484672.89
"ECU",2016,538082.13
"ECU",2017,534464.42
"ECU",2018,590141.05
"ECU",2019,595908.68
"ECU",2020,606486.67
"ECU",2021,541106.27
"ECU",2022,720507.64
"ECU",2023,877616.35
"EGY",1992,582469.19
"EGY",1993,624740.09
"EGY",1994,714435.66
"EGY",1995,854128.46
"EGY",1996,894387.3
"EGY",1997,976323.39
"EGY",1998,1078450.8
"EGY",1999,1168899.7
"EGY",2000,1100316.4
"EGY",2001,1219223.6
"EGY",2002,1206219.4
"EGY",2003,1412671.5
"EGY",2004,1427564.3
"EGY",2005,1350170.7
"EGY",2006,1669628.8
"EGY",2007,1728076.6
"EGY",2008,1600499.1
"EGY",2009,1628108.5
"EGY",2010,1708290.3
"EGY",2011,2043284.8
"EGY",2012,3432116.2
"EGY",2013,3390847.1
"EGY",2014,3230104.2
"EGY",2015,3216120.7
"EGY",2016,3430716.8
"EGY",2017,3460001.5
"EGY",2018,3406059.8
"EGY",2019,3522836.4
"EGY",2020,3352725.4
"EGY",2021,3678753.2
"EGY",2022,3549104.6
"EGY",2023,3434684
"ERI",1992,1013.0041
"ERI",1993,1036.5412
"ERI",1994,1183.8468
"ERI",1995,1448.4804
"ERI",1996,2014.4622
"ERI",1997,2267.7398
"ERI",1998,2694.7084
"ERI",1999,2751.336
"ERI",2000,1987.4839
"ERI",2001,2346.3997
"ERI",2002,2544.648
"ERI",2003,2674.9555
"ERI",2004,2720.648
"ERI",2005,2278.2107
"ERI",2006,2361.4716
"ERI",2007,3091.2785
"ERI",2008,2739.9921
"ERI",2009,2389.0331
"ERI",2010,2898.5318
"ERI",2011,2769.8766
"ERI",2012,2677.8799
"ERI",2013,2468.1067
"ERI",2014,2228.8002
"ERI",2015,2137.7718
"ERI",2016,2247.9795
"ERI",2017,2715.6707
"ERI",2018,2723.912
"ERI",2019,2497.6425
"ERI",2020,2342.8596
"ERI",2021,2005.9246
"ERI",2022,1907.4243
"ERI",2023,2047.7116
"ESP",1992,1248187.7
"ESP",1993,1251023.2
"ESP",1994,1298789.1
"ESP",1995,1546586.8
"ESP",1996,1469888.7
"ESP",1997,1662712.1
"ESP",1998,1875525.3
"ESP",1999,1892060.7
"ESP",2000,1799346.9
"ESP",2001,1926489.8
"ESP",2002,1946518.1
"ESP",2003,2174514.7
"ESP",2004,2041519.8
"ESP",2005,1943911.8
"ESP",2006,2353770
"ESP",2007,2436507.6
"ESP",2008,2136824.8
"ESP",2009,2011332.9
"ESP",2010,1883766
"ESP",2011,2373802.1
"ESP",2012,2695468.4
"ESP",2013,2925593.9
"ESP",2014,4025089.2
"ESP",2015,3960549
"ESP",2016,3838293.4
"ESP",2017,4018569.6
"ESP",2018,3895685.2
"ESP",2019,4010537.1
"ESP",2020,3794448.3
"ESP",2021,4026035.5
"ESP",2022,3798204.5
"ESP",2023,3999900.3
"EST",1992,40182.834
"EST",1993,37536.426
"EST",1994,38073.684
"EST",1995,55248.157
"EST",1996,44940.767
"EST",1997,78721.682
"EST",1998,93305.95
"EST",1999,77004.452
"EST",2000,62116.829
"EST",2001,86073.585
"EST",2002,812.8027
"EST",2003,75184.173
"EST",2004,66628.191
"EST",2005,71555.81
"EST",2006,92103.555
"EST",2007,76276.62
"EST",2008,70719.269
"EST",2009,71202.917
"EST",2010,110157.97
"EST",2011,80068.701
"EST",2012,155690.6
"EST",2013,0
"EST",2014,183678.11
"EST",2015,176422.19
"EST",2016,217723.66
"EST",2017,172898.35
"EST",2018,219301.59
"EST",2019,252185.97
"EST",2020,182836.38
"EST",2021,259171.89
"EST",2022,261239.18
"EST",2023,206953.56
"ETH",1992,8019.7644
"ETH",1993,7819.1122
"ETH",1994,8748.0991
"ETH",1995,10491.629
"ETH",1996,9779.7118
"ETH",1997,10003.486
"ETH",1998,12136.265
"ETH",1999,13791.035
"ETH",2000,11630.025
"ETH",2001,12614.981
"ETH",2002,13804.56
"ETH",2003,16500.127
"ETH",2004,20399.384
"ETH",2005,22546.611
"ETH",2006,28075.341
"ETH",2007,27824.947
"ETH",2008,25505.734
"ETH",2009,24062.907
"ETH",2010,23197.771
"ETH",2011,27846.969
"ETH",2012,38535.594
"ETH",2013,42186.108
"ETH",2014,47020.326
"ETH",2015,52281.656
"ETH",2016,49021.526
"ETH",2017,66176.64
"ETH",2018,53264.939
"ETH",2019,57613.339
"ETH",2020,54814.09
"ETH",2021,61184.45
"ETH",2022,72473.709
"ETH",2023,86420.879
"FIN",1992,643790.67
"FIN",1993,681862.93
"FIN",1994,709078.16
"FIN",1995,1079804
"FIN",1996,705308.49
"FIN",1997,944672.23
"FIN",1998,1207074.6
"FIN",1999,1276930
"FIN",2000,765847.22
"FIN",2001,934469.75
"FIN",2002,0
"FIN",2003,1027640.3
"FIN",2004,820868.77
"FIN",2005,722431.15
"FIN",2006,1008514.8
"FIN",2007,803889.05
"FIN",2008,769397.16
"FIN",2009,704708.2
"FIN",2010,986924.98
"FIN",2011,754000.68
"FIN",2012,1768599.8
"FIN",2013,0
"FIN",2014,1474649.2
"FIN",2015,1516325.6
"FIN",2016,1594458.2
"FIN",2017,2195671.1
"FIN",2018,2077806.8
"FIN",2019,2224525.4
"FIN",2020,1631845.5
"FIN",2021,1572555.5
"FIN",2022,3098402.3
"FIN",2023,2877643.5
"FJI",1992,1127.3731
"FJI",1993,1429.5762
"FJI",1994,1778.2632
"FJI",1995,2166.6637
"FJI",1996,2328.3992
"FJI",1997,1878.1441
"FJI",1998,2459.7644
"FJI",1999,2407.8673
"FJI",2000,1933.977
"FJI",2001,2268.9309
"FJI",2002,1670.9576
"FJI",2003,2616.1582
"FJI",2004,1885.4257
"FJI",2005,2018.2515
"FJI",2006,2396.3196
"FJI",2007,1926.346
"FJI",2008,2263.9606
"FJI",2009,2193.6255
"FJI",2010,1937.0561
"FJI",2011,1661.2162
"FJI",2012,2692.1804
"FJI",2013,3121.3932
"FJI",2014,3097.6634
"FJI",2015,3461.5706
"FJI",2016,3817.3602
"FJI",2017,4659.3628
"FJI",2018,5464.7013
"FJI",2019,5515.6387
"FJI",2020,6046.1764
"FJI",2021,5987.3588
"FJI",2022,7152.4754
"FJI",2023,8441.6102
"FRA",1992,1699398.3
"FRA",1993,1653783.1
"FRA",1994,1818400.2
"FRA",1995,2298233.1
"FRA",1996,1956511.1
"FRA",1997,2419478.2
"FRA",1998,2484962.7
"FRA",1999,2368023.3
"FRA",2000,2309209.7
"FRA",2001,2467314.5
"FRA",2002,2402743.9
"FRA",2003,2674434.5
"FRA",2004,2220628.1
"FRA",2005,2228512.5
"FRA",2006,2543893.4
"FRA",2007,2586889.1
"FRA",2008,2295084.7
"FRA",2009,2161708.4
"FRA",2010,2364102.2
"FRA",2011,2468336.8
"FRA",2012,2648783.2
"FRA",2013,2826519.9
"FRA",2014,4592886.2
"FRA",2015,4687558.4
"FRA",2016,4481881.4
"FRA",2017,4560616.6
"FRA",2018,4412577.3
"FRA",2019,4258899.2
"FRA",2020,4042461.7
"FRA",2021,4099122.7
"FRA",2022,3797085.7
"FRA",2023,2839441.2
"FSM",1992,71.033911
"FSM",1993,159.29054
"FSM",1994,153.42423
"FSM",1995,160.47691
"FSM",1996,132.56937
"FSM",1997,152.29066
"FSM",1998,136.23405
"FSM",1999,159.04103
"FSM",2000,111.01125
"FSM",2001,93.869299
"FSM",2002,119.94643
"FSM",2003,130.47681
"FSM",2004,103.33117
"FSM",2005,85.200282
"FSM",2006,100.3661
"FSM",2007,96.462587
"FSM",2008,96.067954
"FSM",2009,92.794157
"FSM",2010,73.175707
"FSM",2011,112.45565
"FSM",2012,77.695301
"FSM",2013,188.64198
"FSM",2014,180.26141
"FSM",2015,215.90334
"FSM",2016,222.03122
"FSM",2017,306.96285
"FSM",2018,313.2315
"FSM",2019,302.66081
"FSM",2020,317.58499
"FSM",2021,314.38966
"FSM",2022,363.60057
"FSM",2023,368.41896
"GAB",1992,18885.982
"GAB",1993,15523.863
"GAB",1994,15174.702
"GAB",1995,16274.991
"GAB",1996,16491.263
"GAB",1997,16731.565
"GAB",1998,25298.435
"GAB",1999,25875.898
"GAB",2000,26554.304
"GAB",2001,32903.754
"GAB",2002,28843.893
"GAB",2003,32867.569
"GAB",2004,26629.02
"GAB",2005,26070.39
"GAB",2006,26945.935
"GAB",2007,22103.247
"GAB",2008,27158.006
"GAB",2009,22807.069
"GAB",2010,23995.959
"GAB",2011,25094.04
"GAB",2012,65668.617
"GAB",2013,67256.271
"GAB",2014,57811.813
"GAB",2015,68464.222
"GAB",2016,61989.78
"GAB",2017,68282.379
"GAB",2018,76341.815
"GAB",2019,94467.495
"GAB",2020,66013.109
"GAB",2021,56299.941
"GAB",2022,72874.275
"GAB",2023,59836.719
"GBR",1992,2252633.3
"GBR",1993,2308670.3
"GBR",1994,2448000.9
"GBR",1995,2748469.8
"GBR",1996,2317626
"GBR",1997,2776293.7
"GBR",1998,2807363.1
"GBR",1999,2809812.2
"GBR",2000,2642678.2
"GBR",2001,2602900
"GBR",2002,2342499.5
"GBR",2003,2804092.8
"GBR",2004,2437059.1
"GBR",2005,2294621.5
"GBR",2006,2603079.7
"GBR",2007,2647636.9
"GBR",2008,2269135.7
"GBR",2009,2089204.9
"GBR",2010,2209200.8
"GBR",2011,2317632.3
"GBR",2012,2027754.1
"GBR",2013,551572.63
"GBR",2014,3516630.1
"GBR",2015,3533566.3
"GBR",2016,3297738.6
"GBR",2017,3098057.1
"GBR",2018,3147888.7
"GBR",2019,2991859.8
"GBR",2020,2877549.1
"GBR",2021,3192397.1
"GBR",2022,2855433.1
"GBR",2023,2971597.2
"GEO",1992,22019.411
"GEO",1993,15120.87
"GEO",1994,9001.1841
"GEO",1995,7608.5844
"GEO",1996,6120.8151
"GEO",1997,10094.229
"GEO",1998,10771.821
"GEO",1999,10846.056
"GEO",2000,10028.254
"GEO",2001,9451.0761
"GEO",2002,13092.689
"GEO",2003,13980.952
"GEO",2004,15415.245
"GEO",2005,17007.417
"GEO",2006,27002.141
"GEO",2007,29884.237
"GEO",2008,35248.651
"GEO",2009,29833.947
"GEO",2010,34987.304
"GEO",2011,38956.714
"GEO",2012,71452.302
"GEO",2013,74848.941
"GEO",2014,112328.96
"GEO",2015,112569.49
"GEO",2016,111708.53
"GEO",2017,128763.75
"GEO",2018,118860.14
"GEO",2019,137206.68
"GEO",2020,144739.51
"GEO",2021,155366.29
"GEO",2022,169482.06
"GEO",2023,192291.44
"GHA",1992,31131.917
"GHA",1993,33231.743
"GHA",1994,35420.781
"GHA",1995,47147.062
"GHA",1996,50410.717
"GHA",1997,49357.336
"GHA",1998,51272.671
"GHA",1999,57079.099
"GHA",2000,53483.916
"GHA",2001,54239.208
"GHA",2002,59135.241
"GHA",2003,62081.984
"GHA",2004,64749.274
"GHA",2005,55905.944
"GHA",2006,72489.698
"GHA",2007,55577.014
"GHA",2008,66547.696
"GHA",2009,68266.398
"GHA",2010,82437.916
"GHA",2011,88545.939
"GHA",2012,99507.374
"GHA",2013,122041.81
"GHA",2014,126918.35
"GHA",2015,122456.78
"GHA",2016,168385.98
"GHA",2017,205609.15
"GHA",2018,233494.73
"GHA",2019,256874.49
"GHA",2020,304354.21
"GHA",2021,405616.58
"GHA",2022,446812.67
"GHA",2023,533117.78
"GIN",1992,1682.8123
"GIN",1993,2685.5867
"GIN",1994,2174.072
"GIN",1995,3060.3756
"GIN",1996,2361.6656
"GIN",1997,3733.8717
"GIN",1998,5810.7829
"GIN",1999,6390.1106
"GIN",2000,6114.2508
"GIN",2001,6072.5953
"GIN",2002,6825.7999
"GIN",2003,3896.0739
"GIN",2004,5272.1982
"GIN",2005,4052.9509
"GIN",2006,5056.7414
"GIN",2007,5885.4009
"GIN",2008,5033.1229
"GIN",2009,4800.879
"GIN",2010,4084.744
"GIN",2011,4584.673
"GIN",2012,6162.4669
"GIN",2013,6933.8112
"GIN",2014,6916.7404
"GIN",2015,8920.4959
"GIN",2016,11351.849
"GIN",2017,14607.739
"GIN",2018,16451.672
"GIN",2019,17374.471
"GIN",2020,18897.616
"GIN",2021,23440.179
"GIN",2022,25153.957
"GIN",2023,31803.577
"GMB",1992,769.70735
"GMB",1993,770.67459
"GMB",1994,1133.2656
"GMB",1995,968.07858
"GMB",1996,1107.471
"GMB",1997,1138.0556
"GMB",1998,1382.6378
"GMB",1999,1484.1519
"GMB",2000,936.12725
"GMB",2001,1244.448
"GMB",2002,1233.0305
"GMB",2003,1388.3874
"GMB",2004,1529.8079
"GMB",2005,1285.3609
"GMB",2006,2246.4877
"GMB",2007,2963.5298
"GMB",2008,2382.7816
"GMB",2009,2810.3801
"GMB",2010,2718.4697
"GMB",2011,3084.7262
"GMB",2012,3091.7299
"GMB",2013,3257.06
"GMB",2014,3229.4029
"GMB",2015,3258.3408
"GMB",2016,3528.6019
"GMB",2017,3012.7384
"GMB",2018,3204.4869
"GMB",2019,3741.1379
"GMB",2020,4078.6463
"GMB",2021,5593.8078
"GMB",2022,7311.0005
"GMB",2023,9060.8469
"GNB",1992,340.2497
"GNB",1993,218.4111
"GNB",1994,230.37723
"GNB",1995,482.01106
"GNB",1996,178.39987
"GNB",1997,296.31208
"GNB",1998,218.25806
"GNB",1999,157.30768
"GNB",2000,156.38693
"GNB",2001,136.26044
"GNB",2002,140.68747
"GNB",2003,145.41883
"GNB",2004,151.02235
"GNB",2005,143.55629
"GNB",2006,236.08443
"GNB",2007,288.81164
"GNB",2008,288.71691
"GNB",2009,289.76726
"GNB",2010,254.89441
"GNB",2011,297.93793
"GNB",2012,313.85907
"GNB",2013,354.83015
"GNB",2014,300.25118
"GNB",2015,752.11328
"GNB",2016,732.10388
"GNB",2017,808.72844
"GNB",2018,804.38165
"GNB",2019,916.26125
"GNB",2020,871.62451
"GNB",2021,1355.4761
"GNB",2022,1976.1616
"GNB",2023,2033.5415
"GNQ",1992,2009.6489
"GNQ",1993,4645.6102
"GNQ",1994,6118.0372
"GNQ",1995,5189.8572
"GNQ",1996,7879.1773
"GNQ",1997,5193.0994
"GNQ",1998,5772.3298
"GNQ",1999,5157.1799
"GNQ",2000,3853.35
"GNQ",2001,2248.5952
"GNQ",2002,2739.9693
"GNQ",2003,3247.8917
"GNQ",2004,2683.0452
"GNQ",2005,1992.9818
"GNQ",2006,2777.2649
"GNQ",2007,4132.53
"GNQ",2008,4536.1863
"GNQ",2009,4033.7956
"GNQ",2010,4545.6916
"GNQ",2011,9095.0791
"GNQ",2012,9457.0578
"GNQ",2013,14804.223
"GNQ",2014,15275.741
"GNQ",2015,19798.028
"GNQ",2016,19637.486
"GNQ",2017,18794.476
"GNQ",2018,20674.831
"GNQ",2019,19424.846
"GNQ",2020,15980.926
"GNQ",2021,15606.444
"GNQ",2022,17012.908
"GNQ",2023,17357.095
"GRC",1992,189419.49
"GRC",1993,197940.44
"GRC",1994,211606.08
"GRC",1995,222217.25
"GRC",1996,209488.53
"GRC",1997,241884.92
"GRC",1998,287822.67
"GRC",1999,323504.86
"GRC",2000,318486.89
"GRC",2001,287330.75
"GRC",2002,347776.05
"GRC",2003,367968.16
"GRC",2004,375006.54
"GRC",2005,354791.52
"GRC",2006,399133.65
"GRC",2007,409488.96
"GRC",2008,355677.24
"GRC",2009,314535.6
"GRC",2010,329502.53
"GRC",2011,348290.07
"GRC",2012,519747.32
"GRC",2013,519350.16
"GRC",2014,702035.72
"GRC",2015,688801
"GRC",2016,697449.3
"GRC",2017,795571.56
"GRC",2018,775547.67
"GRC",2019,830711.56
"GRC",2020,847108.03
"GRC",2021,894938.91
"GRC",2022,909784.46
"GRC",2023,944631.11
"GRD",1992,151.51741
"GRD",1993,231.31545
"GRD",1994,272.08341
"GRD",1995,278.54364
"GRD",1996,275.32929
"GRD",1997,278.8339
"GRD",1998,385.79775
"GRD",1999,472.26783
"GRD",2000,446.00203
"GRD",2001,837.57394
"GRD",2002,654.10332
"GRD",2003,830.93774
"GRD",2004,494.33011
"GRD",2005,450.95512
"GRD",2006,1002.154
"GRD",2007,963.0412
"GRD",2008,828.38273
"GRD",2009,960.01499
"GRD",2010,955.87654
"GRD",2011,825.40889
"GRD",2012,1656.8761
"GRD",2013,1835.3369
"GRD",2014,1615.6594
"GRD",2015,1604.5347
"GRD",2016,1494.8267
"GRD",2017,1649.7668
"GRD",2018,1605.9775
"GRD",2019,1549.7811
"GRD",2020,1524.8979
"GRD",2021,1514.8568
"GRD",2022,1569.1646
"GRD",2023,1849.9073
"GTM",1992,29104.825
"GTM",1993,27510.579
"GTM",1994,32692.682
"GTM",1995,40342.443
"GTM",1996,40995.53
"GTM",1997,52573.841
"GTM",1998,54584.893
"GTM",1999,62048.151
"GTM",2000,52141.55
"GTM",2001,60767.724
"GTM",2002,60230.699
"GTM",2003,62018.106
"GTM",2004,59839.571
"GTM",2005,49980.116
"GTM",2006,60543.253
"GTM",2007,65418.246
"GTM",2008,53667.413
"GTM",2009,62485.465
"GTM",2010,54494.975
"GTM",2011,71143.425
"GTM",2012,92950.709
"GTM",2013,102145.65
"GTM",2014,105464.11
"GTM",2015,109115.47
"GTM",2016,113209.59
"GTM",2017,130294.73
"GTM",2018,127323.06
"GTM",2019,131710.26
"GTM",2020,130485.97
"GTM",2021,134161.12
"GTM",2022,149873.16
"GTM",2023,174911.25
"GUY",1992,1205.1805
"GUY",1993,1602.6472
"GUY",1994,1778.9233
"GUY",1995,2017.2744
"GUY",1996,2217.8232
"GUY",1997,3416.1014
"GUY",1998,3397.7697
"GUY",1999,3444.7366
"GUY",2000,3723.2992
"GUY",2001,3533.42
"GUY",2002,3750.6087
"GUY",2003,3260.1238
"GUY",2004,3349.686
"GUY",2005,3582.7432
"GUY",2006,3717.4587
"GUY",2007,4241.1263
"GUY",2008,2893.014
"GUY",2009,3319.2209
"GUY",2010,3875.8379
"GUY",2011,4404.3076
"GUY",2012,5618.2089
"GUY",2013,7723.3477
"GUY",2014,7693.7436
"GUY",2015,8905.5684
"GUY",2016,10185.585
"GUY",2017,11710.152
"GUY",2018,11915.071
"GUY",2019,13643.751
"GUY",2020,15786.183
"GUY",2021,17066.904
"GUY",2022,19860.777
"GUY",2023,26171.396
"HND",1992,17299.885
"HND",1993,20006.69
"HND",1994,17113.581
"HND",1995,24678.87
"HND",1996,27233.073
"HND",1997,33719.029
"HND",1998,36837.211
"HND",1999,34971.432
"HND",2000,37979.719
"HND",2001,42287.599
"HND",2002,39876.36
"HND",2003,43590.089
"HND",2004,44463.303
"HND",2005,42967.039
"HND",2006,49983.353
"HND",2007,48959.208
"HND",2008,42538.771
"HND",2009,45024.121
"HND",2010,41203.475
"HND",2011,56665.903
"HND",2012,77143.574
"HND",2013,91505.451
"HND",2014,94911.643
"HND",2015,96382.226
"HND",2016,90251.248
"HND",2017,110698.33
"HND",2018,98143.453
"HND",2019,106091.42
"HND",2020,98229.379
"HND",2021,102347.37
"HND",2022,100372.78
"HND",2023,119542.94
"HRV",1992,34866.772
"HRV",1993,40964.884
"HRV",1994,52755.239
"HRV",1995,65252.827
"HRV",1996,73279.238
"HRV",1997,82339.662
"HRV",1998,110920.42
"HRV",1999,104085.24
"HRV",2000,98767.844
"HRV",2001,98588.457
"HRV",2002,97830.224
"HRV",2003,133792.86
"HRV",2004,104968.51
"HRV",2005,139592.29
"HRV",2006,143088.77
"HRV",2007,144072.47
"HRV",2008,137379.05
"HRV",2009,127035.39
"HRV",2010,153709.29
"HRV",2011,133768.37
"HRV",2012,201661.19
"HRV",2013,207010.35
"HRV",2014,359267.3
"HRV",2015,329285.96
"HRV",2016,339850.29
"HRV",2017,382016.96
"HRV",2018,369631.68
"HRV",2019,362505.09
"HRV",2020,341485.36
"HRV",2021,383601.29
"HRV",2022,346596.14
"HRV",2023,350922.52
"HTI",1992,3435.5563
"HTI",1993,1612.1726
"HTI",1994,1614.4994
"HTI",1995,3190.1775
"HTI",1996,3175.3908
"HTI",1997,3721.461
"HTI",1998,4080.5654
"HTI",1999,4088.1596
"HTI",2000,3629.2119
"HTI",2001,4019.5211
"HTI",2002,3497.4132
"HTI",2003,3527.0007
"HTI",2004,3624.7059
"HTI",2005,2813.0892
"HTI",2006,3159.2961
"HTI",2007,4253.1143
"HTI",2008,3543.4131
"HTI",2009,4861.8436
"HTI",2010,5372.2315
"HTI",2011,7916.4049
"HTI",2012,10211.421
"HTI",2013,11331.784
"HTI",2014,11304.034
"HTI",2015,10819.157
"HTI",2016,10388.452
"HTI",2017,11608.055
"HTI",2018,11506.953
"HTI",2019,9088.2836
"HTI",2020,7047.893
"HTI",2021,7858.4373
"HTI",2022,6245.9024
"HTI",2023,5342.1888
"HUN",1992,103252.6
"HUN",1993,130575.91
"HUN",1994,138843.03
"HUN",1995,182294.68
"HUN",1996,156198.08
"HUN",1997,169983.7
"HUN",1998,213096.4
"HUN",1999,180545.68
"HUN",2000,184570.23
"HUN",2001,200904.6
"HUN",2002,194201.61
"HUN",2003,235387.05
"HUN",2004,165860.99
"HUN",2005,220762.08
"HUN",2006,223292.37
"HUN",2007,188309.62
"HUN",2008,205381.14
"HUN",2009,152334.62
"HUN",2010,216713.92
"HUN",2011,175129.6
"HUN",2012,233394.84
"HUN",2013,223019.66
"HUN",2014,380047.62
"HUN",2015,334684.29
"HUN",2016,361746
"HUN",2017,406621.34
"HUN",2018,410019.82
"HUN",2019,431729.78
"HUN",2020,391224.48
"HUN",2021,492543.27
"HUN",2022,433053.78
"HUN",2023,451189.52
"IDN",1992,240796.4
"IDN",1993,283215.01
"IDN",1994,344833.81
"IDN",1995,399024.37
"IDN",1996,436793.03
"IDN",1997,472178.05
"IDN",1998,461759.4
"IDN",1999,447723.94
"IDN",2000,427932.24
"IDN",2001,456408.26
"IDN",2002,464986.68
"IDN",2003,480030.93
"IDN",2004,511751.61
"IDN",2005,469597.83
"IDN",2006,600039.88
"IDN",2007,583129.14
"IDN",2008,523058.89
"IDN",2009,545435.8
"IDN",2010,559226.27
"IDN",2011,644051.2
"IDN",2012,900216.67
"IDN",2013,725097.77
"IDN",2014,843757.17
"IDN",2015,1228178.7
"IDN",2016,1035847
"IDN",2017,1268840.7
"IDN",2018,1472415.3
"IDN",2019,1792798.1
"IDN",2020,1625015.4
"IDN",2021,1447708.9
"IDN",2022,2181982.9
"IDN",2023,2599155.3
"IND",1992,1341107.4
"IND",1993,1334568.6
"IND",1994,1426764.2
"IND",1995,1717015.8
"IND",1996,1677336.9
"IND",1997,1868452.8
"IND",1998,2134578.2
"IND",1999,2258215.2
"IND",2000,2120428.1
"IND",2001,2280556.3
"IND",2002,2230363.1
"IND",2003,2270059.3
"IND",2004,2341997.8
"IND",2005,2186406.5
"IND",2006,2625663.4
"IND",2007,2709325.6
"IND",2008,2591761.3
"IND",2009,2829601.8
"IND",2010,2852499.9
"IND",2011,3432657.4
"IND",2012,4548413
"IND",2013,5130176.7
"IND",2014,5829587.8
"IND",2015,6301425.6
"IND",2016,6141527.9
"IND",2017,8201007.1
"IND",2018,7947780.6
"IND",2019,8644661.8
"IND",2020,8269656.9
"IND",2021,8796851.1
"IND",2022,11560413
"IND",2023,13591527
"IRL",1992,98184.984
"IRL",1993,91557.147
"IRL",1994,103688.82
"IRL",1995,114871.99
"IRL",1996,101420.24
"IRL",1997,131696.89
"IRL",1998,145792.87
"IRL",1999,132794.69
"IRL",2000,141868.9
"IRL",2001,152201.14
"IRL",2002,135899.99
"IRL",2003,179892.34
"IRL",2004,155779.22
"IRL",2005,139497
"IRL",2006,168027.7
"IRL",2007,184344.18
"IRL",2008,155425.38
"IRL",2009,143984.49
"IRL",2010,164850.86
"IRL",2011,159982.99
"IRL",2012,146956.79
"IRL",2013,0
"IRL",2014,311259.44
"IRL",2015,299320.47
"IRL",2016,308529.73
"IRL",2017,299126.88
"IRL",2018,306965.76
"IRL",2019,286517.7
"IRL",2020,280710.5
"IRL",2021,310149.21
"IRL",2022,298627.8
"IRL",2023,316572.45
"IRN",1992,1587648.1
"IRN",1993,1464535.4
"IRN",1994,1546785.5
"IRN",1995,1452119.1
"IRN",1996,1515135.6
"IRN",1997,1852087.9
"IRN",1998,1727953.8
"IRN",1999,1831654.6
"IRN",2000,1920816.1
"IRN",2001,1780079.8
"IRN",2002,1672385.1
"IRN",2003,2455189
"IRN",2004,2502277.5
"IRN",2005,2436205.8
"IRN",2006,3091529.8
"IRN",2007,3034079.8
"IRN",2008,2820428.5
"IRN",2009,2546771.2
"IRN",2010,2571720.8
"IRN",2011,2949833.9
"IRN",2012,4798340.7
"IRN",2013,5098566.6
"IRN",2014,5777500.3
"IRN",2015,5868977.7
"IRN",2016,7101684.2
"IRN",2017,8123190.2
"IRN",2018,7515159.7
"IRN",2019,6657782.9
"IRN",2020,6682709.8
"IRN",2021,7602049.4
"IRN",2022,8386730.2
"IRN",2023,9584700.8
"IRQ",1992,421701.26
"IRQ",1993,404129.5
"IRQ",1994,394595.4
"IRQ",1995,400622.06
"IRQ",1996,367621.28
"IRQ",1997,508014.93
"IRQ",1998,542810.41
"IRQ",1999,644046.25
"IRQ",2000,745846.99
"IRQ",2001,632795.92
"IRQ",2002,709028.94
"IRQ",2003,725176.46
"IRQ",2004,869637.39
"IRQ",2005,832846.53
"IRQ",2006,990419.87
"IRQ",2007,859984.14
"IRQ",2008,895836.52
"IRQ",2009,993325.57
"IRQ",2010,1138035.7
"IRQ",2011,1345278.1
"IRQ",2012,4285488.5
"IRQ",2013,4602619.3
"IRQ",2014,5006958.1
"IRQ",2015,5782612.7
"IRQ",2016,6452168.8
"IRQ",2017,6650864
"IRQ",2018,6695405.1
"IRQ",2019,6760162.3
"IRQ",2020,6637350.8
"IRQ",2021,6820520.3
"IRQ",2022,7699282.7
"IRQ",2023,7851033.4
"ISL",1992,44319.792
"ISL",1993,48525.784
"ISL",1994,31839.327
"ISL",1995,31608.261
"ISL",1996,51073.319
"ISL",1997,1311.3343
"ISL",1998,42863.584
"ISL",1999,5520.2684
"ISL",2000,52120.476
"ISL",2001,0
"ISL",2002,0
"ISL",2003,48191.754
"ISL",2004,44871.452
"ISL",2005,42578.935
"ISL",2006,49299.8
"ISL",2007,47382.676
"ISL",2008,42457.838
"ISL",2009,30419.398
"ISL",2010,37258.404
"ISL",2011,50801.701
"ISL",2012,74376.149
"ISL",2013,0
"ISL",2014,128367.31
"ISL",2015,129290.3
"ISL",2016,85834.862
"ISL",2017,161662.46
"ISL",2018,147544.23
"ISL",2019,111056.12
"ISL",2020,122377.34
"ISL",2021,73626.598
"ISL",2022,201172.03
"ISL",2023,209253.37
"ISR",1992,230898.28
"ISR",1993,226117.96
"ISR",1994,237816.76
"ISR",1995,316138.75
"ISR",1996,320247.71
"ISR",1997,363627.64
"ISR",1998,392462.49
"ISR",1999,422256.58
"ISR",2000,382303.73
"ISR",2001,398482.94
"ISR",2002,371210.08
"ISR",2003,427988.06
"ISR",2004,384448.83
"ISR",2005,369600.65
"ISR",2006,434125.37
"ISR",2007,437682.18
"ISR",2008,370253.75
"ISR",2009,380815.77
"ISR",2010,381961.23
"ISR",2011,477258.68
"ISR",2012,668091.5
"ISR",2013,710999.86
"ISR",2014,749310.33
"ISR",2015,745164.32
"ISR",2016,764702.97
"ISR",2017,803550.68
"ISR",2018,827870.15
"ISR",2019,847699.02
"ISR",2020,842157.75
"ISR",2021,903403.34
"ISR",2022,898286.05
"ISR",2023,976996.68
"ITA",1992,1673844.3
"ITA",1993,1498207.4
"ITA",1994,1843568.7
"ITA",1995,2047426
"ITA",1996,1899382.7
"ITA",1997,2052746.6
"ITA",1998,2491629.3
"ITA",1999,2455065.9
"ITA",2000,2352105
"ITA",2001,2428951
"ITA",2002,2674178.1
"ITA",2003,2791662.5
"ITA",2004,2537856.6
"ITA",2005,2503440.3
"ITA",2006,2786137.8
"ITA",2007,2903438
"ITA",2008,2605010.4
"ITA",2009,2517149.9
"ITA",2010,2522264.5
"ITA",2011,3067887
"ITA",2012,3432206.1
"ITA",2013,3288565.6
"ITA",2014,5206746.7
"ITA",2015,5185144.9
"ITA",2016,5119293.9
"ITA",2017,5569392.3
"ITA",2018,5427037.9
"ITA",2019,5538800.8
"ITA",2020,5517721.8
"ITA",2021,5772071.6
"ITA",2022,5514574.1
"ITA",2023,5510403.2
"JAM",1992,25181.175
"JAM",1993,26253.572
"JAM",1994,27372.38
"JAM",1995,27896.178
"JAM",1996,33086.923
"JAM",1997,36447.171
"JAM",1998,42546.533
"JAM",1999,42103.311
"JAM",2000,38401.395
"JAM",2001,40225.106
"JAM",2002,37683.017
"JAM",2003,37556.063
"JAM",2004,36120.803
"JAM",2005,33425.026
"JAM",2006,40641.499
"JAM",2007,34102.837
"JAM",2008,32206.888
"JAM",2009,33587.343
"JAM",2010,30550.064
"JAM",2011,33373.795
"JAM",2012,49099.566
"JAM",2013,52856.358
"JAM",2014,50635.755
"JAM",2015,52129.783
"JAM",2016,51576.667
"JAM",2017,57599.941
"JAM",2018,57356.028
"JAM",2019,60881.595
"JAM",2020,57003.547
"JAM",2021,60367.032
"JAM",2022,63401.486
"JAM",2023,69105.665
"JOR",1992,71747.228
"JOR",1993,76472.797
"JOR",1994,82437.87
"JOR",1995,93749.836
"JOR",1996,98416.289
"JOR",1997,119174.61
"JOR",1998,118845.38
"JOR",1999,140115.81
"JOR",2000,126670.95
"JOR",2001,126704.91
"JOR",2002,98745.132
"JOR",2003,148145.23
"JOR",2004,155877.7
"JOR",2005,147926.44
"JOR",2006,200529.16
"JOR",2007,187889.79
"JOR",2008,195638.38
"JOR",2009,213515.64
"JOR",2010,211310.82
"JOR",2011,270884.89
"JOR",2012,268005.16
"JOR",2013,273856.25
"JOR",2014,314800.44
"JOR",2015,326175.36
"JOR",2016,380393.09
"JOR",2017,433963.64
"JOR",2018,487194.42
"JOR",2019,529279.34
"JOR",2020,510845.69
"JOR",2021,552947.6
"JOR",2022,582613.75
"JOR",2023,679056.18
"JPN",1992,2950892.4
"JPN",1993,2718025.5
"JPN",1994,3088754.9
"JPN",1995,3328933.5
"JPN",1996,3307924.1
"JPN",1997,3590268.2
"JPN",1998,3851182.7
"JPN",1999,3730481
"JPN",2000,3457694.7
"JPN",2001,3384274.1
"JPN",2002,3484147.7
"JPN",2003,3501053.6
"JPN",2004,3344436.7
"JPN",2005,3296333
"JPN",2006,3630925.3
"JPN",2007,3686578.5
"JPN",2008,3296751.7
"JPN",2009,3166705.3
"JPN",2010,3018919.5
"JPN",2011,3453861.4
"JPN",2012,2454541.8
"JPN",2013,2492900.6
"JPN",2014,2846027.7
"JPN",2015,2698630.5
"JPN",2016,2688229.3
"JPN",2017,3043721.3
"JPN",2018,2966413.3
"JPN",2019,2990208.7
"JPN",2020,2751710.8
"JPN",2021,2892311
"JPN",2022,2978189.1
"JPN",2023,2969692.6
"KAZ",1992,384413.95
"KAZ",1993,391158.72
"KAZ",1994,367648.35
"KAZ",1995,352777.16
"KAZ",1996,318459.58
"KAZ",1997,421145.93
"KAZ",1998,428640.47
"KAZ",1999,420691.93
"KAZ",2000,413250.57
"KAZ",2001,420422.96
"KAZ",2002,469228.44
"KAZ",2003,574599.51
"KAZ",2004,567777.07
"KAZ",2005,511636.99
"KAZ",2006,695917.4
"KAZ",2007,587200.32
"KAZ",2008,597127.8
"KAZ",2009,525307.82
"KAZ",2010,523403.08
"KAZ",2011,682636.69
"KAZ",2012,1357309.8
"KAZ",2013,1314490.6
"KAZ",2014,2562924.7
"KAZ",2015,2127543.3
"KAZ",2016,1658060.4
"KAZ",2017,1619219
"KAZ",2018,1610866.6
"KAZ",2019,1527492
"KAZ",2020,1737689.8
"KAZ",2021,1773788.3
"KAZ",2022,1625635.4
"KAZ",2023,1649697.1
"KEN",1992,20415.956
"KEN",1993,18881.339
"KEN",1994,17618.916
"KEN",1995,22666.723
"KEN",1996,24165.521
"KEN",1997,24961.789
"KEN",1998,28803.865
"KEN",1999,32145.293
"KEN",2000,21188.663
"KEN",2001,21809.208
"KEN",2002,21878.069
"KEN",2003,22788.369
"KEN",2004,25254.539
"KEN",2005,22744.686
"KEN",2006,30018.429
"KEN",2007,25864.452
"KEN",2008,27057.853
"KEN",2009,27592.935
"KEN",2010,26940.51
"KEN",2011,29153.226
"KEN",2012,47722.608
"KEN",2013,57056.125
"KEN",2014,68415.634
"KEN",2015,79583.727
"KEN",2016,89500.868
"KEN",2017,115760.11
"KEN",2018,112802.64
"KEN",2019,139946.71
"KEN",2020,127662.2
"KEN",2021,132810.37
"KEN",2022,172595.05
"KEN",2023,201254.2
"KGZ",1992,29490.801
"KGZ",1993,29346.046
"KGZ",1994,33236.338
"KGZ",1995,29117.987
"KGZ",1996,27337.42
"KGZ",1997,42236.634
"KGZ",1998,33758.894
"KGZ",1999,27137.522
"KGZ",2000,23763.398
"KGZ",2001,27225.796
"KGZ",2002,32168.724
"KGZ",2003,33329.685
"KGZ",2004,28817.348
"KGZ",2005,31137.784
"KGZ",2006,39254.548
"KGZ",2007,34887.856
"KGZ",2008,35563.549
"KGZ",2009,27888.553
"KGZ",2010,38753.802
"KGZ",2011,35580.31
"KGZ",2012,56401.795
"KGZ",2013,59358.709
"KGZ",2014,100919.52
"KGZ",2015,87206.155
"KGZ",2016,92968.233
"KGZ",2017,112281.08
"KGZ",2018,120622.45
"KGZ",2019,147816.6
"KGZ",2020,181149.51
"KGZ",2021,167078.07
"KGZ",2022,154214.82
"KGZ",2023,191850.85
"KHM",1992,302.71906
"KHM",1993,568.8379
"KHM",1994,421.98761
"KHM",1995,697.5618
"KHM",1996,825.27401
"KHM",1997,1285.2316
"KHM",1998,2133.2862
"KHM",1999,1970.5637
"KHM",2000,2046.2809
"KHM",2001,2136.42
"KHM",2002,2192.5651
"KHM",2003,2577.4202
"KHM",2004,2958.6607
"KHM",2005,2936.1315
"KHM",2006,4381.8819
"KHM",2007,4460.307
"KHM",2008,4188.403
"KHM",2009,6069.4982
"KHM",2010,6015.5031
"KHM",2011,6636.8031
"KHM",2012,2874.0463
"KHM",2013,11278.104
"KHM",2014,14104.619
"KHM",2015,20764.116
"KHM",2016,22213.972
"KHM",2017,26184.202
"KHM",2018,19740.859
"KHM",2019,37781.031
"KHM",2020,46842.899
"KHM",2021,56207.29
"KHM",2022,69925.042
"KHM",2023,83627.518
"KNA",1992,465.85895
"KNA",1993,620.88211
"KNA",1994,676.4024
"KNA",1995,640.51891
"KNA",1996,702.82878
"KNA",1997,975.00978
"KNA",1998,945.35652
"KNA",1999,893.26567
"KNA",2000,991.04131
"KNA",2001,1068.9651
"KNA",2002,909.1482
"KNA",2003,1086.9676
"KNA",2004,914.64943
"KNA",2005,997.35877
"KNA",2006,1219.5306
"KNA",2007,1303.4842
"KNA",2008,1017.4714
"KNA",2009,1091.0261
"KNA",2010,1104.1785
"KNA",2011,1693.7995
"KNA",2012,2297.306
"KNA",2013,2353.4574
"KNA",2014,2554.4666
"KNA",2015,2646.0138
"KNA",2016,2577.3986
"KNA",2017,2876.901
"KNA",2018,2982.5375
"KNA",2019,3036.3285
"KNA",2020,2787.7879
"KNA",2021,2741.6183
"KNA",2022,2918.5745
"KNA",2023,3197.7656
"KOR",1992,486523.1
"KOR",1993,619284.05
"KOR",1994,767832.13
"KOR",1995,957579.64
"KOR",1996,1036041.8
"KOR",1997,1113580.1
"KOR",1998,1158358.9
"KOR",1999,1186349.7
"KOR",2000,1125153.1
"KOR",2001,1177486.4
"KOR",2002,1229132.2
"KOR",2003,1316620.6
"KOR",2004,1228874.6
"KOR",2005,1192592
"KOR",2006,1408119
"KOR",2007,1393710.1
"KOR",2008,1248633.2
"KOR",2009,1200164.3
"KOR",2010,1243126.8
"KOR",2011,1478953.9
"KOR",2012,1749756.5
"KOR",2013,1484622.9
"KOR",2014,1711604.7
"KOR",2015,1819970.7
"KOR",2016,1836773.6
"KOR",2017,2111186.5
"KOR",2018,2182401.1
"KOR",2019,2223998
"KOR",2020,2199715.8
"KOR",2021,2317911.3
"KOR",2022,2534072.3
"KOR",2023,2467053.2
"KWT",1992,248011.06
"KWT",1993,285417.48
"KWT",1994,368288.89
"KWT",1995,354074.55
"KWT",1996,384218.03
"KWT",1997,442099.08
"KWT",1998,365527.87
"KWT",1999,360351.55
"KWT",2000,404103.19
"KWT",2001,233730.02
"KWT",2002,277892.3
"KWT",2003,520273.7
"KWT",2004,508193.67
"KWT",2005,499449.56
"KWT",2006,527660.95
"KWT",2007,475377.77
"KWT",2008,415492.03
"KWT",2009,378437.64
"KWT",2010,380242.24
"KWT",2011,431003.95
"KWT",2012,708869.61
"KWT",2013,792541.53
"KWT",2014,860943.99
"KWT",2015,829390.83
"KWT",2016,887149.84
"KWT",2017,835158.84
"KWT",2018,888843.18
"KWT",2019,861880.91
"KWT",2020,881200.2
"KWT",2021,878997.21
"KWT",2022,876044.88
"KWT",2023,942586.63
"LAO",1992,1602.6328
"LAO",1993,1402.1989
"LAO",1994,1956.7796
"LAO",1995,2202.0564
"LAO",1996,2873.4475
"LAO",1997,3073.2023
"LAO",1998,3793.0929
"LAO",1999,4243.2725
"LAO",2000,4120.2151
"LAO",2001,4596.6352
"LAO",2002,5359.5091
"LAO",2003,6032.4035
"LAO",2004,6306.3722
"LAO",2005,5887.5252
"LAO",2006,8320.0452
"LAO",2007,8817.7137
"LAO",2008,8662.3179
"LAO",2009,12660.834
"LAO",2010,11613.938
"LAO",2011,15546.859
"LAO",2012,15078.653
"LAO",2013,23551.817
"LAO",2014,25461.848
"LAO",2015,31038.632
"LAO",2016,31648.178
"LAO",2017,34267.491
"LAO",2018,32791.983
"LAO",2019,33533.335
"LAO",2020,35121.14
"LAO",2021,44373.811
"LAO",2022,48191.22
"LAO",2023,59051.107
"LBN",1992,32404.224
"LBN",1993,36354.033
"LBN",1994,46460.589
"LBN",1995,65457.204
"LBN",1996,87098.316
"LBN",1997,116422.5
"LBN",1998,144475.6
"LBN",1999,168526.45
"LBN",2000,145216.89
"LBN",2001,140233.86
"LBN",2002,133654.95
"LBN",2003,158927.95
"LBN",2004,149883.83
"LBN",2005,135376.55
"LBN",2006,141215.23
"LBN",2007,124414.21
"LBN",2008,101286.04
"LBN",2009,84756.59
"LBN",2010,113789.2
"LBN",2011,105089.04
"LBN",2012,151147.78
"LBN",2013,189325.21
"LBN",2014,188680.38
"LBN",2015,192188.05
"LBN",2016,207067.97
"LBN",2017,250802.94
"LBN",2018,259756.22
"LBN",2019,260574.54
"LBN",2020,214185.86
"LBN",2021,154409.71
"LBN",2022,69738.574
"LBN",2023,107178.28
"LBR",1992,91.305969
"LBR",1993,42.414056
"LBR",1994,22.373881
"LBR",1995,54.589469
"LBR",1996,41.196979
"LBR",1997,139.23168
"LBR",1998,289.02472
"LBR",1999,447.39367
"LBR",2000,384.32657
"LBR",2001,508.29072
"LBR",2002,397.55802
"LBR",2003,293.67306
"LBR",2004,355.84432
"LBR",2005,755.90054
"LBR",2006,1477.0373
"LBR",2007,1228.1208
"LBR",2008,1448.7384
"LBR",2009,1386.2503
"LBR",2010,1659.8405
"LBR",2011,1521.6811
"LBR",2012,1666.7744
"LBR",2013,2000.5369
"LBR",2014,1782.014
"LBR",2015,2042.9843
"LBR",2016,2082.3563
"LBR",2017,2889.8406
"LBR",2018,3106.7621
"LBR",2019,2992.5792
"LBR",2020,3393.5379
"LBR",2021,5087.3795
"LBR",2022,5688.1843
"LBR",2023,8262.4083
"LBY",1992,436403.21
"LBY",1993,387729.36
"LBY",1994,399503.91
"LBY",1995,425174.75
"LBY",1996,468798.97
"LBY",1997,444031.04
"LBY",1998,413803.95
"LBY",1999,425862.19
"LBY",2000,451326.27
"LBY",2001,481925.87
"LBY",2002,422606.57
"LBY",2003,592564.6
"LBY",2004,628703.23
"LBY",2005,610937.45
"LBY",2006,762335.23
"LBY",2007,718766.63
"LBY",2008,651563.48
"LBY",2009,615119.59
"LBY",2010,772878.22
"LBY",2011,543501.59
"LBY",2012,1436016.4
"LBY",2013,1340712.8
"LBY",2014,1103899.5
"LBY",2015,989803.29
"LBY",2016,994098.91
"LBY",2017,1223688.2
"LBY",2018,1330310.2
"LBY",2019,1332108.1
"LBY",2020,940126.75
"LBY",2021,1561251.8
"LBY",2022,1590518
"LBY",2023,2066353.8
"LCA",1992,856.11775
"LCA",1993,954.96581
"LCA",1994,932.69379
"LCA",1995,1076.4059
"LCA",1996,1376.6305
"LCA",1997,1303.8354
"LCA",1998,1513.288
"LCA",1999,1648.9921
"LCA",2000,1744.5443
"LCA",2001,2021.8815
"LCA",2002,2076.4796
"LCA",2003,2198.1645
"LCA",2004,2092.4818
"LCA",2005,1992.6195
"LCA",2006,2261.2605
"LCA",2007,2806.8366
"LCA",2008,2879.0912
"LCA",2009,2418.3218
"LCA",2010,2856.107
"LCA",2011,3017.8476
"LCA",2012,4727.1957
"LCA",2013,5012.1885
"LCA",2014,4771.317
"LCA",2015,4886.6413
"LCA",2016,4646.415
"LCA",2017,5175.0343
"LCA",2018,4871.3491
"LCA",2019,5046.1768
"LCA",2020,5104.8887
"LCA",2021,5024.3825
"LCA",2022,4992.8394
"LCA",2023,5139.9358
"LKA",1992,18873.141
"LKA",1993,18686.914
"LKA",1994,19405.497
"LKA",1995,24272.671
"LKA",1996,20047.315
"LKA",1997,25224.583
"LKA",1998,41940.809
"LKA",1999,34661.309
"LKA",2000,27488.906
"LKA",2001,23933.84
"LKA",2002,22474.407
"LKA",2003,30530.824
"LKA",2004,29716.355
"LKA",2005,27464.879
"LKA",2006,33396.216
"LKA",2007,33252.471
"LKA",2008,28936.019
"LKA",2009,30135.467
"LKA",2010,33956.507
"LKA",2011,33901.436
"LKA",2012,27172.961
"LKA",2013,36672.057
"LKA",2014,43133.581
"LKA",2015,43689.515
"LKA",2016,48800.076
"LKA",2017,58251.229
"LKA",2018,60105.55
"LKA",2019,67055.743
"LKA",2020,62999.205
"LKA",2021,77375.251
"LKA",2022,78148.889
"LKA",2023,79612.574
"LSO",1992,1746.6696
"LSO",1993,2256.3716
"LSO",1994,2725.4196
"LSO",1995,2386.8811
"LSO",1996,2462.1141
"LSO",1997,2648.4013
"LSO",1998,2907.005
"LSO",1999,3688.959
"LSO",2000,3323.7341
"LSO",2001,3583.7595
"LSO",2002,3455.1198
"LSO",2003,4255.4529
"LSO",2004,4237.6692
"LSO",2005,3861.1106
"LSO",2006,4806.2232
"LSO",2007,5108.0423
"LSO",2008,4406.0957
"LSO",2009,4897.9835
"LSO",2010,5002.6311
"LSO",2011,4062.3242
"LSO",2012,7777.1085
"LSO",2013,9366.782
"LSO",2014,7959.5631
"LSO",2015,7492.255
"LSO",2016,7236.8675
"LSO",2017,7807.9487
"LSO",2018,7590.4033
"LSO",2019,9776.9303
"LSO",2020,8985.9273
"LSO",2021,9067.7092
"LSO",2022,7733.3192
"LSO",2023,10155.29
"LTU",1992,36683.605
"LTU",1993,37830.033
"LTU",1994,51996.443
"LTU",1995,52893.853
"LTU",1996,56787.971
"LTU",1997,59213.253
"LTU",1998,91045.796
"LTU",1999,70509.871
"LTU",2000,55073.294
"LTU",2001,63798.376
"LTU",2002,81072.413
"LTU",2003,74644.342
"LTU",2004,70122.005
"LTU",2005,75868.793
"LTU",2006,90739.741
"LTU",2007,77480.835
"LTU",2008,72009.778
"LTU",2009,48720.977
"LTU",2010,114246.75
"LTU",2011,83619.002
"LTU",2012,107610.56
"LTU",2013,0
"LTU",2014,140189.1
"LTU",2015,116443.96
"LTU",2016,162113.07
"LTU",2017,168186.04
"LTU",2018,209781.23
"LTU",2019,194582.62
"LTU",2020,152635.02
"LTU",2021,340712.86
"LTU",2022,192138.75
"LTU",2023,173351.82
"LUX",1992,21003.53
"LUX",1993,17052.632
"LUX",1994,21185.608
"LUX",1995,25844.883
"LUX",1996,29782.449
"LUX",1997,31166.607
"LUX",1998,29862.95
"LUX",1999,24933.3
"LUX",2000,27660.761
"LUX",2001,33416.264
"LUX",2002,38560.731
"LUX",2003,36293.286
"LUX",2004,26038.434
"LUX",2005,31144.956
"LUX",2006,33584.6
"LUX",2007,27408.454
"LUX",2008,30917.621
"LUX",2009,27008.339
"LUX",2010,37462.056
"LUX",2011,29613.427
"LUX",2012,43835.798
"LUX",2013,21852.021
"LUX",2014,54974.059
"LUX",2015,57588.643
"LUX",2016,56585.469
"LUX",2017,61602.845
"LUX",2018,63454.46
"LUX",2019,60229.885
"LUX",2020,59627.689
"LUX",2021,65857.535
"LUX",2022,63684.441
"LUX",2023,54437.272
"LVA",1992,30903.3
"LVA",1993,25680.18
"LVA",1994,41352.7
"LVA",1995,49688.4
"LVA",1996,41409.734
"LVA",1997,51226.352
"LVA",1998,74648.899
"LVA",1999,53147.236
"LVA",2000,49903.961
"LVA",2001,58934.556
"LVA",2002,61045.836
"LVA",2003,53276.805
"LVA",2004,55089.541
"LVA",2005,57011.914
"LVA",2006,64887.003
"LVA",2007,55685.231
"LVA",2008,54957.871
"LVA",2009,41227.036
"LVA",2010,85573.648
"LVA",2011,63659.987
"LVA",2012,98493.495
"LVA",2013,0
"LVA",2014,117866.98
"LVA",2015,118744.29
"LVA",2016,152070.18
"LVA",2017,149025.02
"LVA",2018,188705.9
"LVA",2019,180773.07
"LVA",2020,124339.79
"LVA",2021,241472.58
"LVA",2022,166677.06
"LVA",2023,153397.54
"MAR",1992,134428.51
"MAR",1993,138166.35
"MAR",1994,155133.43
"MAR",1995,190383.89
"MAR",1996,157770.94
"MAR",1997,183774.61
"MAR",1998,214068.59
"MAR",1999,202391.35
"MAR",2000,187793.83
"MAR",2001,209617.49
"MAR",2002,214828.46
"MAR",2003,243945.28
"MAR",2004,248259.06
"MAR",2005,232280.81
"MAR",2006,290964.06
"MAR",2007,313822.05
"MAR",2008,275818.02
"MAR",2009,284088.91
"MAR",2010,269012.9
"MAR",2011,365220.16
"MAR",2012,565521.41
"MAR",2013,613936.64
"MAR",2014,693931.23
"MAR",2015,743570.85
"MAR",2016,792123.7
"MAR",2017,875421.09
"MAR",2018,864978.28
"MAR",2019,946863.09
"MAR",2020,947626.67
"MAR",2021,941519.46
"MAR",2022,953273.71
"MAR",2023,1060085.5
"MDA",1992,18012.331
"MDA",1993,14746.209
"MDA",1994,13180.602
"MDA",1995,15767.943
"MDA",1996,13378.408
"MDA",1997,9238.2633
"MDA",1998,12151.826
"MDA",1999,10255.085
"MDA",2000,10004.009
"MDA",2001,11615.912
"MDA",2002,12354.122
"MDA",2003,11520.025
"MDA",2004,13716.343
"MDA",2005,12902.108
"MDA",2006,19893.497
"MDA",2007,13150.461
"MDA",2008,12994.42
"MDA",2009,11359.115
"MDA",2010,18359.977
"MDA",2011,16532.507
"MDA",2012,19284.03
"MDA",2013,24530.543
"MDA",2014,41551.526
"MDA",2015,31192.823
"MDA",2016,35685.696
"MDA",2017,35598.322
"MDA",2018,49627.455
"MDA",2019,48932.576
"MDA",2020,45005.742
"MDA",2021,73468.592
"MDA",2022,59561.213
"MDA",2023,57640.473
"MDG",1992,2815.0614
"MDG",1993,3289.1988
"MDG",1994,3579.7377
"MDG",1995,4175.0518
"MDG",1996,3786.6637
"MDG",1997,3879.2382
"MDG",1998,4649.1286
"MDG",1999,5805.9784
"MDG",2000,4401.8118
"MDG",2001,5538.9534
"MDG",2002,4121.6217
"MDG",2003,4770.9815
"MDG",2004,5221.2059
"MDG",2005,4358.0326
"MDG",2006,5785.8896
"MDG",2007,6036.5065
"MDG",2008,4785.3425
"MDG",2009,5493.5431
"MDG",2010,6074.4514
"MDG",2011,5478.2889
"MDG",2012,8997.7437
"MDG",2013,10049.212
"MDG",2014,9753.7223
"MDG",2015,9552.3136
"MDG",2016,9536.8087
"MDG",2017,11067.585
"MDG",2018,10914.39
"MDG",2019,11230.607
"MDG",2020,11415.31
"MDG",2021,13106.554
"MDG",2022,14728.825
"MDG",2023,15871.332
"MEX",1992,1355355.8
"MEX",1993,1525168.5
"MEX",1994,1619538.1
"MEX",1995,1748907.6
"MEX",1996,1738117.7
"MEX",1997,1905660.1
"MEX",1998,2060283.8
"MEX",1999,2273450.9
"MEX",2000,2081939.4
"MEX",2001,2212820.7
"MEX",2002,2126415.8
"MEX",2003,2298980.2
"MEX",2004,2126709.2
"MEX",2005,2110870.3
"MEX",2006,2408028.1
"MEX",2007,2431001.6
"MEX",2008,2265848.6
"MEX",2009,2286485.3
"MEX",2010,2175887.6
"MEX",2011,2842995.8
"MEX",2012,4059160
"MEX",2013,4092709.7
"MEX",2014,4137797.7
"MEX",2015,4003530.1
"MEX",2016,4068123.1
"MEX",2017,4318485.1
"MEX",2018,4259623.7
"MEX",2019,4599709.8
"MEX",2020,4809845.6
"MEX",2021,5029159.9
"MEX",2022,5352404.2
"MEX",2023,6005141.4
"MHL",1992,50.205342
"MHL",1993,145.76486
"MHL",1994,119.63826
"MHL",1995,105.08408
"MHL",1996,86.70977
"MHL",1997,131.25103
"MHL",1998,187.90347
"MHL",1999,215.56695
"MHL",2000,149.50525
"MHL",2001,175.71911
"MHL",2002,138.86613
"MHL",2003,149.56026
"MHL",2004,128.86843
"MHL",2005,135.41713
"MHL",2006,163.43607
"MHL",2007,164.67036
"MHL",2008,119.0782
"MHL",2009,88.532956
"MHL",2010,26.262842
"MHL",2011,159.71025
"MHL",2012,159.6907
"MHL",2013,217.75652
"MHL",2014,196.31162
"MHL",2015,192.40194
"MHL",2016,199.53746
"MHL",2017,226.84393
"MHL",2018,215.15317
"MHL",2019,241.2444
"MHL",2020,257.22636
"MHL",2021,291.65822
"MHL",2022,314.58354
"MHL",2023,280.9036
"MKD",1992,10876.185
"MKD",1993,13800.21
"MKD",1994,16006.851
"MKD",1995,19380.621
"MKD",1996,16768.497
"MKD",1997,16767.012
"MKD",1998,23750.756
"MKD",1999,28017.307
"MKD",2000,27683.811
"MKD",2001,23128.573
"MKD",2002,25837.752
"MKD",2003,28888.473
"MKD",2004,24300.281
"MKD",2005,25867.339
"MKD",2006,28090.879
"MKD",2007,24034.542
"MKD",2008,27205.09
"MKD",2009,22598.864
"MKD",2010,24791.86
"MKD",2011,28788.669
"MKD",2012,42567.097
"MKD",2013,47488.944
"MKD",2014,74350.064
"MKD",2015,73618.274
"MKD",2016,70205.103
"MKD",2017,79521.023
"MKD",2018,74046.507
"MKD",2019,82121.607
"MKD",2020,83094.981
"MKD",2021,96714.89
"MKD",2022,69861.261
"MKD",2023,70047.17
"MLI",1992,4046.8393
"MLI",1993,4890.4122
"MLI",1994,4626.8341
"MLI",1995,5467.8855
"MLI",1996,5204.8008
"MLI",1997,7063.1079
"MLI",1998,10589.84
"MLI",1999,8014.3378
"MLI",2000,7718.4829
"MLI",2001,10022.375
"MLI",2002,11282.376
"MLI",2003,13262.266
"MLI",2004,13617.944
"MLI",2005,12641.022
"MLI",2006,13996.465
"MLI",2007,15838.678
"MLI",2008,13857.842
"MLI",2009,15049.682
"MLI",2010,18293.102
"MLI",2011,19378.391
"MLI",2012,19802.491
"MLI",2013,21983.356
"MLI",2014,23138.721
"MLI",2015,25735.668
"MLI",2016,29608.866
"MLI",2017,36510.639
"MLI",2018,39004.391
"MLI",2019,41665.711
"MLI",2020,43127.876
"MLI",2021,47754.471
"MLI",2022,58523.983
"MLI",2023,60242.165
"MLT",1992,18207.738
"MLT",1993,14472.663
"MLT",1994,14432.308
"MLT",1995,17597.12
"MLT",1996,18593.185
"MLT",1997,20474.699
"MLT",1998,16542.366
"MLT",1999,17121.88
"MLT",2000,17157.619
"MLT",2001,21100.836
"MLT",2002,18266.385
"MLT",2003,19500.917
"MLT",2004,18389.856
"MLT",2005,17811.011
"MLT",2006,20731.922
"MLT",2007,22507.337
"MLT",2008,18090.006
"MLT",2009,16834.723
"MLT",2010,19730.57
"MLT",2011,18613.852
"MLT",2012,22251.063
"MLT",2013,23080.955
"MLT",2014,27850.026
"MLT",2015,27343.743
"MLT",2016,26650.765
"MLT",2017,28247.364
"MLT",2018,27887.541
"MLT",2019,28065.624
"MLT",2020,28311.747
"MLT",2021,28353.882
"MLT",2022,28525.431
"MLT",2023,29790.245
"MMR",1992,11921.169
"MMR",1993,15932.489
"MMR",1994,17929.732
"MMR",1995,21734.92
"MMR",1996,25775.018
"MMR",1997,32972.408
"MMR",1998,32619.751
"MMR",1999,30657.048
"MMR",2000,32970.428
"MMR",2001,29882.448
"MMR",2002,28231.336
"MMR",2003,27947.355
"MMR",2004,29495.016
"MMR",2005,24906.182
"MMR",2006,31407.852
"MMR",2007,32096.608
"MMR",2008,33030.798
"MMR",2009,34020.048
"MMR",2010,42755.322
"MMR",2011,63099.03
"MMR",2012,59406.102
"MMR",2013,76806.65
"MMR",2014,88557.599
"MMR",2015,94195.537
"MMR",2016,91647.888
"MMR",2017,121387.55
"MMR",2018,119600.56
"MMR",2019,161746.43
"MMR",2020,149291.6
"MMR",2021,174801.74
"MMR",2022,181640.66
"MMR",2023,169253.48
"MNE",1992,4993.1932
"MNE",1993,3767.4753
"MNE",1994,5450.5345
"MNE",1995,6333.7539
"MNE",1996,6920.8435
"MNE",1997,7272.6262
"MNE",1998,10012.947
"MNE",1999,10161.259
"MNE",2000,9269.9912
"MNE",2001,9713.2378
"MNE",2002,10705.859
"MNE",2003,12746.444
"MNE",2004,10978.983
"MNE",2005,12138.901
"MNE",2006,13680.27
"MNE",2007,13264.69
"MNE",2008,14664.332
"MNE",2009,11582.691
"MNE",2010,15037.243
"MNE",2011,19402.061
"MNE",2012,27538.074
"MNE",2013,27402.062
"MNE",2014,41821.379
"MNE",2015,44331.185
"MNE",2016,41282.243
"MNE",2017,47844.766
"MNE",2018,46967.054
"MNE",2019,48674.666
"MNE",2020,47561.536
"MNE",2021,55342.39
"MNE",2022,54445.815
"MNE",2023,54032.858
"MNG",1992,10523.563
"MNG",1993,9214.5307
"MNG",1994,9173.1581
"MNG",1995,8983.149
"MNG",1996,11186.141
"MNG",1997,10175.961
"MNG",1998,12262.17
"MNG",1999,13369.01
"MNG",2000,12716.798
"MNG",2001,13946.364
"MNG",2002,15459.339
"MNG",2003,14662.66
"MNG",2004,14654.879
"MNG",2005,15572.365
"MNG",2006,16798.237
"MNG",2007,21048.501
"MNG",2008,17901.139
"MNG",2009,21148.984
"MNG",2010,23088.643
"MNG",2011,30205.517
"MNG",2012,33830.925
"MNG",2013,38064.21
"MNG",2014,56821.927
"MNG",2015,59040.343
"MNG",2016,62296.783
"MNG",2017,71386.989
"MNG",2018,69781.7
"MNG",2019,86306.239
"MNG",2020,102081.08
"MNG",2021,99002.947
"MNG",2022,128124.41
"MNG",2023,148793.07
"MOZ",1992,7652.2538
"MOZ",1993,8021.8202
"MOZ",1994,10644.354
"MOZ",1995,10625.649
"MOZ",1996,11794.363
"MOZ",1997,12083.161
"MOZ",1998,15038.363
"MOZ",1999,15014.161
"MOZ",2000,15044.941
"MOZ",2001,16706.415
"MOZ",2002,17141.932
"MOZ",2003,20419.571
"MOZ",2004,20912.863
"MOZ",2005,20099.812
"MOZ",2006,29685.969
"MOZ",2007,29921.217
"MOZ",2008,29672.291
"MOZ",2009,32111.425
"MOZ",2010,39809.826
"MOZ",2011,41348.499
"MOZ",2012,63401.202
"MOZ",2013,72625.956
"MOZ",2014,78210.998
"MOZ",2015,85082.694
"MOZ",2016,83533.395
"MOZ",2017,92839.498
"MOZ",2018,94892.269
"MOZ",2019,96039.149
"MOZ",2020,98404.841
"MOZ",2021,105544.31
"MOZ",2022,117644.24
"MOZ",2023,134518.38
"MRT",1992,3117.2594
"MRT",1993,3072.2422
"MRT",1994,3969.4539
"MRT",1995,4547.1349
"MRT",1996,5735.7707
"MRT",1997,6472.544
"MRT",1998,8010.0363
"MRT",1999,7935.7562
"MRT",2000,6109.5232
"MRT",2001,6220.5091
"MRT",2002,6227.7105
"MRT",2003,6709.4722
"MRT",2004,7380.2722
"MRT",2005,8335.7412
"MRT",2006,8231.4839
"MRT",2007,11366.796
"MRT",2008,9128.7417
"MRT",2009,8269.9206
"MRT",2010,9904.9787
"MRT",2011,11424.731
"MRT",2012,10878.68
"MRT",2013,13099.665
"MRT",2014,14787.949
"MRT",2015,16518.433
"MRT",2016,18767.931
"MRT",2017,23594.469
"MRT",2018,26766.31
"MRT",2019,29629.783
"MRT",2020,28463.721
"MRT",2021,31774.809
"MRT",2022,34286.021
"MRT",2023,37982.949
"MUS",1992,4052.3395
"MUS",1993,4412.8717
"MUS",1994,5165.8529
"MUS",1995,6308.3191
"MUS",1996,7974.1312
"MUS",1997,8453.663
"MUS",1998,11198.21
"MUS",1999,9746.8162
"MUS",2000,9520.4305
"MUS",2001,8445.2187
"MUS",2002,8617.2253
"MUS",2003,10054.006
"MUS",2004,9265.2127
"MUS",2005,8386.5694
"MUS",2006,10176.807
"MUS",2007,9698.9493
"MUS",2008,8754.0855
"MUS",2009,8500.1094
"MUS",2010,9216.6135
"MUS",2011,10114.901
"MUS",2012,12084.054
"MUS",2013,14083.914
"MUS",2014,13393.926
"MUS",2015,13480.967
"MUS",2016,13971.672
"MUS",2017,16065.123
"MUS",2018,16460.148
"MUS",2019,17372.24
"MUS",2020,17805.846
"MUS",2021,18729.994
"MUS",2022,22158.824
"MUS",2023,25139.92
"MWI",1992,5624.9687
"MWI",1993,5576.6171
"MWI",1994,6779.5992
"MWI",1995,8998.975
"MWI",1996,8837.5201
"MWI",1997,8492.9629
"MWI",1998,11230.013
"MWI",1999,10964.752
"MWI",2000,11902.17
"MWI",2001,13409.105
"MWI",2002,12770.731
"MWI",2003,13738.671
"MWI",2004,14379.775
"MWI",2005,14392.262
"MWI",2006,17918.697
"MWI",2007,17506.562
"MWI",2008,14491.23
"MWI",2009,14059.775
"MWI",2010,15193.284
"MWI",2011,14720.58
"MWI",2012,24365.357
"MWI",2013,24019.067
"MWI",2014,17269.134
"MWI",2015,22533.759
"MWI",2016,20010.177
"MWI",2017,18934.29
"MWI",2018,21130.406
"MWI",2019,20431.645
"MWI",2020,20853.857
"MWI",2021,23087.207
"MWI",2022,22748.78
"MWI",2023,27120.629
"MYS",1992,89700.977
"MYS",1993,113489.98
"MYS",1994,130807.91
"MYS",1995,164091.46
"MYS",1996,193249.21
"MYS",1997,229296.36
"MYS",1998,253575.88
"MYS",1999,272942.09
"MYS",2000,273668.43
"MYS",2001,289854.95
"MYS",2002,314029.16
"MYS",2003,341540.32
"MYS",2004,340983.4
"MYS",2005,316207.67
"MYS",2006,385369.61
"MYS",2007,392723.27
"MYS",2008,369945.16
"MYS",2009,382626.4
"MYS",2010,414323.5
"MYS",2011,481471.05
"MYS",2012,368041.72
"MYS",2013,734641.93
"MYS",2014,1003144.4
"MYS",2015,1098470.1
"MYS",2016,1046479
"MYS",2017,1231989.8
"MYS",2018,1292719
"MYS",2019,1407153.5
"MYS",2020,1375231.8
"MYS",2021,1312560.4
"MYS",2022,1448006.8
"MYS",2023,1554518.2
"NAM",1992,12023.174
"NAM",1993,16473.239
"NAM",1994,18087.155
"NAM",1995,18600.415
"NAM",1996,22938.289
"NAM",1997,18062.718
"NAM",1998,23231.528
"NAM",1999,25315.217
"NAM",2000,23675.002
"NAM",2001,23180.136
"NAM",2002,19684.736
"NAM",2003,23874.991
"NAM",2004,22859.442
"NAM",2005,19247.84
"NAM",2006,23325.681
"NAM",2007,25239.522
"NAM",2008,18213.518
"NAM",2009,19769.596
"NAM",2010,20645.004
"NAM",2011,23309.272
"NAM",2012,35553.679
"NAM",2013,39965.518
"NAM",2014,40734.1
"NAM",2015,43536.225
"NAM",2016,47494.96
"NAM",2017,52242.022
"NAM",2018,52242.657
"NAM",2019,53607.052
"NAM",2020,52797.898
"NAM",2021,50680.491
"NAM",2022,52926.318
"NAM",2023,57396.803
"NER",1992,5237.4156
"NER",1993,5369.6366
"NER",1994,6282.0441
"NER",1995,6629.6358
"NER",1996,6200.9207
"NER",1997,7070.528
"NER",1998,7220.6717
"NER",1999,7464.4438
"NER",2000,6288.5921
"NER",2001,6025.8593
"NER",2002,6995.2031
"NER",2003,7216.3831
"NER",2004,7415.8586
"NER",2005,6214.1516
"NER",2006,9012.7601
"NER",2007,8153.4329
"NER",2008,6879.8693
"NER",2009,6977.2745
"NER",2010,9579.0882
"NER",2011,10477.675
"NER",2012,18514.127
"NER",2013,24967.869
"NER",2014,25531.224
"NER",2015,17534.617
"NER",2016,16344.858
"NER",2017,18609.491
"NER",2018,20635.432
"NER",2019,23867.12
"NER",2020,27784.903
"NER",2021,30750.654
"NER",2022,35296.599
"NER",2023,37476.275
"NGA",1992,698435.27
"NGA",1993,365710.21
"NGA",1994,309424.27
"NGA",1995,364605.57
"NGA",1996,422327.95
"NGA",1997,343568.4
"NGA",1998,338125.95
"NGA",1999,340158.13
"NGA",2000,364672.01
"NGA",2001,370972.6
"NGA",2002,341207.16
"NGA",2003,363553.5
"NGA",2004,382707.43
"NGA",2005,329372.09
"NGA",2006,337506.61
"NGA",2007,290638.9
"NGA",2008,303171.95
"NGA",2009,283915.08
"NGA",2010,319740.7
"NGA",2011,347792.73
"NGA",2012,566445.79
"NGA",2013,855659.78
"NGA",2014,817833.03
"NGA",2015,939132.92
"NGA",2016,713514.39
"NGA",2017,954592.94
"NGA",2018,1066761.3
"NGA",2019,991484.09
"NGA",2020,754537.45
"NGA",2021,772700.03
"NGA",2022,777144.37
"NGA",2023,815705.85
"NIC",1992,12443.682
"NIC",1993,12343.569
"NIC",1994,18076.873
"NIC",1995,18212.503
"NIC",1996,17363.416
"NIC",1997,19224.124
"NIC",1998,21765.901
"NIC",1999,23734.834
"NIC",2000,24670.125
"NIC",2001,27481.066
"NIC",2002,22634.972
"NIC",2003,23733.155
"NIC",2004,22418.043
"NIC",2005,20863.373
"NIC",2006,23905.53
"NIC",2007,22835.101
"NIC",2008,19150.08
"NIC",2009,23326.08
"NIC",2010,24431.193
"NIC",2011,27319.158
"NIC",2012,31753.164
"NIC",2013,39898.255
"NIC",2014,43432.913
"NIC",2015,44721.641
"NIC",2016,49583.934
"NIC",2017,56442.451
"NIC",2018,53409.127
"NIC",2019,57174.112
"NIC",2020,46635.58
"NIC",2021,50762.815
"NIC",2022,55006.618
"NIC",2023,54252.025
"NLD",1992,465377.48
"NLD",1993,587948.55
"NLD",1994,565782.12
"NLD",1995,743950.51
"NLD",1996,574166.15
"NLD",1997,625543.21
"NLD",1998,666286.01
"NLD",1999,788423.72
"NLD",2000,702837.74
"NLD",2001,683963.6
"NLD",2002,655279.81
"NLD",2003,662446.21
"NLD",2004,555351.89
"NLD",2005,597372.29
"NLD",2006,640830.5
"NLD",2007,706231.94
"NLD",2008,646724.96
"NLD",2009,581318.74
"NLD",2010,701626.16
"NLD",2011,642128.64
"NLD",2012,1206770.7
"NLD",2013,122348.64
"NLD",2014,2033243.9
"NLD",2015,1954587.3
"NLD",2016,1841985.3
"NLD",2017,1859419.7
"NLD",2018,1880678.3
"NLD",2019,1874102.9
"NLD",2020,1880997.3
"NLD",2021,1828356.1
"NLD",2022,1197400.4
"NLD",2023,1268484.1
"NOR",1992,374645.48
"NOR",1993,438874.47
"NOR",1994,465371.18
"NOR",1995,625553.52
"NOR",1996,595922.28
"NOR",1997,511080.45
"NOR",1998,546367.55
"NOR",1999,633447.89
"NOR",2000,440796.23
"NOR",2001,517616.09
"NOR",2002,1845.6297
"NOR",2003,579807.83
"NOR",2004,487995.1
"NOR",2005,397579.9
"NOR",2006,521063.12
"NOR",2007,548098.57
"NOR",2008,495452.38
"NOR",2009,419081.32
"NOR",2010,624695.79
"NOR",2011,490707.02
"NOR",2012,891581.37
"NOR",2013,0
"NOR",2014,881357.67
"NOR",2015,964353.49
"NOR",2016,877829.56
"NOR",2017,1511547.6
"NOR",2018,1129756.7
"NOR",2019,1412747.5
"NOR",2020,957119.3
"NOR",2021,1212280.2
"NOR",2022,1691421.4
"NOR",2023,1993678.2
"NPL",1992,8435.7192
"NPL",1993,5688.5944
"NPL",1994,7500.7987
"NPL",1995,8187.1004
"NPL",1996,9333.6993
"NPL",1997,9325.6377
"NPL",1998,10081.617
"NPL",1999,11634.275
"NPL",2000,9879.5736
"NPL",2001,10666.611
"NPL",2002,11401.527
"NPL",2003,9975.698
"NPL",2004,12187.217
"NPL",2005,10402.087
"NPL",2006,11092.647
"NPL",2007,12385.85
"NPL",2008,7866.2436
"NPL",2009,11068.992
"NPL",2010,7271.3548
"NPL",2011,8357.1801
"NPL",2012,8536.6884
"NPL",2013,9439.8628
"NPL",2014,10232.298
"NPL",2015,12538.956
"NPL",2016,10307.955
"NPL",2017,21814.019
"NPL",2018,18681.807
"NPL",2019,26723.399
"NPL",2020,31763.044
"NPL",2021,35910.384
"NPL",2022,77387.709
"NPL",2023,110585.79
"NRU",1992,79.287645
"NRU",1993,83.170008
"NRU",1994,114.35033
"NRU",1995,89.901852
"NRU",1996,127.19696
"NRU",1997,59.926592
"NRU",1998,133.28634
"NRU",1999,109.11294
"NRU",2000,97.803122
"NRU",2001,76.459166
"NRU",2002,50.635442
"NRU",2003,85.131758
"NRU",2004,59.117264
"NRU",2005,27.868396
"NRU",2006,35.370251
"NRU",2007,41.521883
"NRU",2008,45.683109
"NRU",2009,50.727885
"NRU",2010,57.482223
"NRU",2011,85.26562
"NRU",2012,126.66294
"NRU",2013,234.21347
"NRU",2014,374.95247
"NRU",2015,424.30753
"NRU",2016,399.28884
"NRU",2017,445.74075
"NRU",2018,373.56867
"NRU",2019,353.15887
"NRU",2020,520.983
"NRU",2021,525.08125
"NRU",2022,524.32724
"NRU",2023,501.17689
"NZL",1992,74769.78
"NZL",1993,106814.95
"NZL",1994,134901.85
"NZL",1995,157904.94
"NZL",1996,146850.01
"NZL",1997,162906.91
"NZL",1998,181862.67
"NZL",1999,135467.02
"NZL",2000,124834.82
"NZL",2001,123926.41
"NZL",2002,119210.37
"NZL",2003,124154.24
"NZL",2004,114207.36
"NZL",2005,103278.23
"NZL",2006,131970.06
"NZL",2007,127403.96
"NZL",2008,104932.46
"NZL",2009,114624.69
"NZL",2010,124303.51
"NZL",2011,127299.88
"NZL",2012,176847.83
"NZL",2013,176479.25
"NZL",2014,197708.13
"NZL",2015,193972.32
"NZL",2016,188983.31
"NZL",2017,203391.79
"NZL",2018,193357.9
"NZL",2019,199526.44
"NZL",2020,194062.99
"NZL",2021,188415.62
"NZL",2022,194395.49
"NZL",2023,221241.16
"OMN",1992,137765.14
"OMN",1993,154392.89
"OMN",1994,157700.68
"OMN",1995,190270.46
"OMN",1996,209564.4
"OMN",1997,232122.53
"OMN",1998,226092.85
"OMN",1999,250319.58
"OMN",2000,241735.2
"OMN",2001,281771.84
"OMN",2002,222851.24
"OMN",2003,386144.93
"OMN",2004,356537.31
"OMN",2005,313953.69
"OMN",2006,349454.28
"OMN",2007,358054.34
"OMN",2008,338096.16
"OMN",2009,334754.81
"OMN",2010,360106.7
"OMN",2011,490692.92
"OMN",2012,793712.59
"OMN",2013,904549.61
"OMN",2014,987691.66
"OMN",2015,1040781
"OMN",2016,1107845
"OMN",2017,1163311.8
"OMN",2018,1136766.3
"OMN",2019,1146584.1
"OMN",2020,1016268.6
"OMN",2021,1029219.3
"OMN",2022,985816.72
"OMN",2023,1013730.2
"PAK",1992,436600.21
"PAK",1993,420932.26
"PAK",1994,374772.61
"PAK",1995,460785.96
"PAK",1996,459421.61
"PAK",1997,502179.9
"PAK",1998,549687.35
"PAK",1999,561611.72
"PAK",2000,545151.58
"PAK",2001,530607.29
"PAK",2002,535421.18
"PAK",2003,637445.22
"PAK",2004,623431.14
"PAK",2005,592675.84
"PAK",2006,696085.36
"PAK",2007,685689.13
"PAK",2008,550479.27
"PAK",2009,547222.55
"PAK",2010,518078.53
"PAK",2011,552194.51
"PAK",2012,657196.88
"PAK",2013,693863.32
"PAK",2014,657513.89
"PAK",2015,645531.8
"PAK",2016,669830.68
"PAK",2017,908038.28
"PAK",2018,921837.71
"PAK",2019,921442.9
"PAK",2020,913908.45
"PAK",2021,1019765.3
"PAK",2022,1091952.4
"PAK",2023,1198524.8
"PAN",1992,17052.797
"PAN",1993,18369.759
"PAN",1994,22154.815
"PAN",1995,25681.631
"PAN",1996,24968.34
"PAN",1997,30017.04
"PAN",1998,32957.809
"PAN",1999,34561.311
"PAN",2000,31011.97
"PAN",2001,34847.139
"PAN",2002,35470.427
"PAN",2003,35538.624
"PAN",2004,35997.889
"PAN",2005,33885.262
"PAN",2006,38680.565
"PAN",2007,35560.452
"PAN",2008,36731.903
"PAN",2009,38261.316
"PAN",2010,37675.037
"PAN",2011,45306.916
"PAN",2012,58549.248
"PAN",2013,76040.602
"PAN",2014,77765.697
"PAN",2015,81913.272
"PAN",2016,83236.169
"PAN",2017,99339.067
"PAN",2018,99970.844
"PAN",2019,107049.62
"PAN",2020,105960.53
"PAN",2021,104720.58
"PAN",2022,115056.98
"PAN",2023,131604.28
"PER",1992,97649.68
"PER",1993,123138.68
"PER",1994,140624.61
"PER",1995,160448.97
"PER",1996,190684.85
"PER",1997,190350.87
"PER",1998,222349.54
"PER",1999,232150.11
"PER",2000,204173.29
"PER",2001,187220.05
"PER",2002,184956.92
"PER",2003,225937.55
"PER",2004,203149.81
"PER",2005,210650.28
"PER",2006,255706.63
"PER",2007,237459.04
"PER",2008,209021.14
"PER",2009,220451.87
"PER",2010,231329.15
"PER",2011,275887.39
"PER",2012,389408.44
"PER",2013,462011.16
"PER",2014,445067.45
"PER",2015,487929.98
"PER",2016,515133.9
"PER",2017,513884.12
"PER",2018,515225.05
"PER",2019,591639.39
"PER",2020,540468.16
"PER",2021,594688.95
"PER",2022,636394.21
"PER",2023,784906.11
"PHL",1992,72477.708
"PHL",1993,69688.46
"PHL",1994,86887.026
"PHL",1995,104152.52
"PHL",1996,110982.74
"PHL",1997,137710.98
"PHL",1998,150696.66
"PHL",1999,133094.45
"PHL",2000,130956.37
"PHL",2001,126961.04
"PHL",2002,137905.64
"PHL",2003,142898.44
"PHL",2004,139143.93
"PHL",2005,122708.41
"PHL",2006,136724.16
"PHL",2007,136962.06
"PHL",2008,124299.37
"PHL",2009,131006.42
"PHL",2010,148558.86
"PHL",2011,167981.12
"PHL",2012,128936.85
"PHL",2013,180781.12
"PHL",2014,229613.26
"PHL",2015,251255.6
"PHL",2016,257907.51
"PHL",2017,240604.54
"PHL",2018,270206.63
"PHL",2019,287748.55
"PHL",2020,320788.21
"PHL",2021,319607.33
"PHL",2022,386840.55
"PHL",2023,453194.22
"PLW",1992,22.774833
"PLW",1993,52.84085
"PLW",1994,42.196992
"PLW",1995,19.679219
"PLW",1996,24.509699
"PLW",1997,32.869749
"PLW",1998,225.78487
"PLW",1999,235.99844
"PLW",2000,212.41899
"PLW",2001,125.08512
"PLW",2002,153.33978
"PLW",2003,123.63291
"PLW",2004,173.81345
"PLW",2005,69.833681
"PLW",2006,45.637892
"PLW",2007,88.161146
"PLW",2008,28.44152
"PLW",2009,41.780824
"PLW",2010,8.7286068
"PLW",2011,17.127468
"PLW",2012,23.748938
"PLW",2013,234.49967
"PLW",2014,299.85176
"PLW",2015,293.52555
"PLW",2016,328.22854
"PLW",2017,413.60022
"PLW",2018,383.4631
"PLW",2019,395.97125
"PLW",2020,404.83135
"PLW",2021,261.4177
"PLW",2022,379.37623
"PLW",2023,453.20326
"PNG",1992,5186.9713
"PNG",1993,6294.475
"PNG",1994,4597.0288
"PNG",1995,6419.0353
"PNG",1996,7673.0523
"PNG",1997,8122.2322
"PNG",1998,10418.714
"PNG",1999,11216.029
"PNG",2000,7900.3383
"PNG",2001,8269.235
"PNG",2002,8410.4958
"PNG",2003,8825.268
"PNG",2004,12643.319
"PNG",2005,15294.379
"PNG",2006,18231.728
"PNG",2007,18242.604
"PNG",2008,18172.631
"PNG",2009,8952.1191
"PNG",2010,8205.2757
"PNG",2011,6851.8366
"PNG",2012,21342.981
"PNG",2013,19637.098
"PNG",2014,82044.831
"PNG",2015,29593.927
"PNG",2016,30304.667
"PNG",2017,25067.642
"PNG",2018,30797.385
"PNG",2019,27618.547
"PNG",2020,35014.115
"PNG",2021,24045.519
"PNG",2022,40322.683
"PNG",2023,39981.203
"POL",1992,503864.47
"POL",1993,352480.96
"POL",1994,435470.68
"POL",1995,744166.09
"POL",1996,678481.54
"POL",1997,575815.16
"POL",1998,1052922.7
"POL",1999,981138.46
"POL",2000,803315.87
"POL",2001,988734.25
"POL",2002,1089205.4
"POL",2003,956337.38
"POL",2004,941670.13
"POL",2005,1078182.3
"POL",2006,1322505.8
"POL",2007,983469.28
"POL",2008,980884.34
"POL",2009,916560.97
"POL",2010,1581264.9
"POL",2011,1199942.8
"POL",2012,1959847.9
"POL",2013,118840.23
"POL",2014,2478120.7
"POL",2015,2217329.1
"POL",2016,2436348.4
"POL",2017,2704414.3
"POL",2018,2887298.7
"POL",2019,2691679.6
"POL",2020,2472162.5
"POL",2021,4159916
"POL",2022,2662912.9
"POL",2023,2513741.9
"PRI",1992,137487.06
"PRI",1993,137118.04
"PRI",1994,154994.17
"PRI",1995,168252.91
"PRI",1996,159659.6
"PRI",1997,179586.32
"PRI",1998,175321.53
"PRI",1999,190654.24
"PRI",2000,189395.7
"PRI",2001,192265.79
"PRI",2002,189557.16
"PRI",2003,189696.18
"PRI",2004,174085.29
"PRI",2005,166943.18
"PRI",2006,190351.36
"PRI",2007,191755.33
"PRI",2008,172261.11
"PRI",2009,159054.95
"PRI",2010,155547.92
"PRI",2011,185864.38
"PRI",2012,205809.5
"PRI",2013,212137.18
"PRI",2014,210975.78
"PRI",2015,204779.2
"PRI",2016,186489.72
"PRI",2017,159958.76
"PRI",2018,157496.25
"PRI",2019,187201.81
"PRI",2020,183467.52
"PRI",2021,194053.66
"PRI",2022,180842.38
"PRI",2023,200597.75
"PRT",1992,195050.44
"PRT",1993,220139.96
"PRT",1994,231709.94
"PRT",1995,287576.13
"PRT",1996,326132.76
"PRT",1997,343611.26
"PRT",1998,408817.8
"PRT",1999,415310.18
"PRT",2000,382836.28
"PRT",2001,439022.56
"PRT",2002,481929.24
"PRT",2003,516744.41
"PRT",2004,525771.2
"PRT",2005,504152.13
"PRT",2006,603020.26
"PRT",2007,614489.17
"PRT",2008,554800.31
"PRT",2009,500100.91
"PRT",2010,502776.38
"PRT",2011,650207.96
"PRT",2012,744239.52
"PRT",2013,786762.77
"PRT",2014,1126868.2
"PRT",2015,1156122.3
"PRT",2016,1175539.2
"PRT",2017,1198787.2
"PRT",2018,1152743.2
"PRT",2019,1155166.6
"PRT",2020,1045698.4
"PRT",2021,1034954.4
"PRT",2022,997571.75
"PRT",2023,1058421.9
"PRY",1992,33882.002
"PRY",1993,46235.589
"PRY",1994,54166.47
"PRY",1995,66390.937
"PRY",1996,75298.819
"PRY",1997,78524.27
"PRY",1998,82042.237
"PRY",1999,92725.255
"PRY",2000,95471.721
"PRY",2001,81851.394
"PRY",2002,68618.217
"PRY",2003,94350.104
"PRY",2004,86861.715
"PRY",2005,82707.574
"PRY",2006,110885.16
"PRY",2007,97149.173
"PRY",2008,89646.027
"PRY",2009,97799.896
"PRY",2010,107060.52
"PRY",2011,135992.25
"PRY",2012,221240.51
"PRY",2013,259585.69
"PRY",2014,279976.05
"PRY",2015,289526.19
"PRY",2016,307421.22
"PRY",2017,344073.03
"PRY",2018,347042.27
"PRY",2019,331987.4
"PRY",2020,372225.55
"PRY",2021,417107.61
"PRY",2022,459605.23
"PRY",2023,521365.35
"QAT",1992,138084.45
"QAT",1993,104294.1
"QAT",1994,125427.7
"QAT",1995,146430.97
"QAT",1996,145292.76
"QAT",1997,182990.17
"QAT",1998,162522.18
"QAT",1999,187598.37
"QAT",2000,196214.66
"QAT",2001,166258.51
"QAT",2002,106351.08
"QAT",2003,230661.01
"QAT",2004,209402.15
"QAT",2005,231762.61
"QAT",2006,278498.99
"QAT",2007,319912.13
"QAT",2008,273491.33
"QAT",2009,294651.63
"QAT",2010,297214.46
"QAT",2011,341811.22
"QAT",2012,690767.75
"QAT",2013,697326.1
"QAT",2014,743702.28
"QAT",2015,767051.59
"QAT",2016,806580.43
"QAT",2017,884004.23
"QAT",2018,942849.68
"QAT",2019,1010469.4
"QAT",2020,1074743.7
"QAT",2021,1100319.3
"QAT",2022,1136440.6
"QAT",2023,1154146.2
"ROU",1992,78825.641
"ROU",1993,67474.405
"ROU",1994,86343.453
"ROU",1995,128868.14
"ROU",1996,112586.38
"ROU",1997,122639.76
"ROU",1998,178407.62
"ROU",1999,161793.86
"ROU",2000,168352.71
"ROU",2001,189868.32
"ROU",2002,212189.85
"ROU",2003,208119.79
"ROU",2004,203389.45
"ROU",2005,225223.27
"ROU",2006,267923.7
"ROU",2007,235624.78
"ROU",2008,259071.56
"ROU",2009,196495.55
"ROU",2010,269255.44
"ROU",2011,301872.77
"ROU",2012,407591.49
"ROU",2013,420261.8
"ROU",2014,648889.02
"ROU",2015,559588.98
"ROU",2016,585195.41
"ROU",2017,674395.3
"ROU",2018,715824.58
"ROU",2019,727896.97
"ROU",2020,708009.13
"ROU",2021,952023.06
"ROU",2022,801131.71
"ROU",2023,861448.55
"RUS",1992,5133943.4
"RUS",1993,4834590
"RUS",1994,5181383.5
"RUS",1995,5187345.2
"RUS",1996,4613649.6
"RUS",1997,5109646.3
"RUS",1998,5746017.2
"RUS",1999,4810336.6
"RUS",2000,4874652.1
"RUS",2001,5105712.8
"RUS",2002,3784058.2
"RUS",2003,4979929.6
"RUS",2004,4841446.6
"RUS",2005,4721366.2
"RUS",2006,5835786.2
"RUS",2007,6012100
"RUS",2008,5280254.9
"RUS",2009,5643643.1
"RUS",2010,5733906
"RUS",2011,6714307.4
"RUS",2012,10682236
"RUS",2013,1509569.5
"RUS",2014,17371014
"RUS",2015,16421939
"RUS",2016,17719111
"RUS",2017,19283452
"RUS",2018,18896063
"RUS",2019,21648671
"RUS",2020,21089617
"RUS",2021,24022822
"RUS",2022,24146715
"RUS",2023,25435527
"RWA",1992,1757.5724
"RWA",1993,1285.7235
"RWA",1994,500.75485
"RWA",1995,967.15452
"RWA",1996,1285.8677
"RWA",1997,1286.6805
"RWA",1998,2043.9056
"RWA",1999,1596.0635
"RWA",2000,1762.0885
"RWA",2001,1376.0628
"RWA",2002,1666.8595
"RWA",2003,1613.9395
"RWA",2004,1417.8672
"RWA",2005,1791.1578
"RWA",2006,1828.8397
"RWA",2007,1616.5115
"RWA",2008,1661.4235
"RWA",2009,1928.7457
"RWA",2010,2346.5922
"RWA",2011,3629.3282
"RWA",2012,6218.3324
"RWA",2013,8654.0087
"RWA",2014,9456.3525
"RWA",2015,9246.2155
"RWA",2016,9213.9048
"RWA",2017,12548.27
"RWA",2018,12766.586
"RWA",2019,13955.135
"RWA",2020,16296.681
"RWA",2021,19384.832
"RWA",2022,24181.135
"RWA",2023,35348.144
"SAU",1992,1577957.8
"SAU",1993,1576034
"SAU",1994,1599898.7
"SAU",1995,1683523
"SAU",1996,1643515.4
"SAU",1997,1742285.9
"SAU",1998,1779569.2
"SAU",1999,1871192.2
"SAU",2000,1890489.9
"SAU",2001,1665741.8
"SAU",2002,1548335.4
"SAU",2003,2380254.5
"SAU",2004,2361191.9
"SAU",2005,2369596.5
"SAU",2006,2846059.2
"SAU",2007,2832931.2
"SAU",2008,2707964
"SAU",2009,2724590.6
"SAU",2010,2964521.9
"SAU",2011,3616652.9
"SAU",2012,4977104.4
"SAU",2013,5579983
"SAU",2014,6058931.1
"SAU",2015,6738514.2
"SAU",2016,7117513.9
"SAU",2017,7512960.6
"SAU",2018,7605487.9
"SAU",2019,7766084.9
"SAU",2020,7685740.5
"SAU",2021,7792999.4
"SAU",2022,7554598.1
"SAU",2023,7819016.7
"SDN",1992,41586.271
"SDN",1993,51973.123
"SDN",1994,50386.142
"SDN",1995,53836.714
"SDN",1996,55033.101
"SDN",1997,56584.733
"SDN",1998,55812.918
"SDN",1999,60584.07
"SDN",2000,65669.562
"SDN",2001,66574.964
"SDN",2002,64367.706
"SDN",2003,75406.664
"SDN",2004,72789.967
"SDN",2005,73338.622
"SDN",2006,96026.064
"SDN",2007,103449.73
"SDN",2008,100780.5
"SDN",2009,101364.37
"SDN",2010,110971.59
"SDN",2011,123558.22
"SDN",2012,118158.48
"SDN",2013,142335.63
"SDN",2014,142977.43
"SDN",2015,170793.09
"SDN",2016,169791.25
"SDN",2017,185641.19
"SDN",2018,177443.08
"SDN",2019,183591.62
"SDN",2020,191429.96
"SDN",2021,197030.06
"SDN",2022,232297.46
"SDN",2023,203328.69
"SEN",1992,7532.9207
"SEN",1993,9703.7246
"SEN",1994,9399.7539
"SEN",1995,11439.488
"SEN",1996,13966.722
"SEN",1997,15326.775
"SEN",1998,17950.936
"SEN",1999,17544.709
"SEN",2000,15596.364
"SEN",2001,15518.224
"SEN",2002,14991.42
"SEN",2003,18760.113
"SEN",2004,20081.196
"SEN",2005,20403.883
"SEN",2006,22286.868
"SEN",2007,21172.531
"SEN",2008,19637.158
"SEN",2009,23072.932
"SEN",2010,19331.644
"SEN",2011,21632.723
"SEN",2012,24733.009
"SEN",2013,27136.203
"SEN",2014,31214.542
"SEN",2015,33332.578
"SEN",2016,34485.401
"SEN",2017,41194.197
"SEN",2018,43509.007
"SEN",2019,50927.537
"SEN",2020,54541.775
"SEN",2021,66752.54
"SEN",2022,81421.189
"SEN",2023,96934.232
"SGP",1992,52190.804
"SGP",1993,55072.718
"SGP",1994,57181.312
"SGP",1995,61577.131
"SGP",1996,70815.539
"SGP",1997,72622.411
"SGP",1998,73226.376
"SGP",1999,67949.832
"SGP",2000,66443.219
"SGP",2001,66626.38
"SGP",2002,72646.132
"SGP",2003,72548.442
"SGP",2004,60432.721
"SGP",2005,59039.644
"SGP",2006,65094.592
"SGP",2007,64225.646
"SGP",2008,59674.832
"SGP",2009,56949.459
"SGP",2010,58069.796
"SGP",2011,76770.485
"SGP",2012,106338.14
"SGP",2013,66082.657
"SGP",2014,158853.98
"SGP",2015,156185.73
"SGP",2016,152027.68
"SGP",2017,154669.98
"SGP",2018,147708.32
"SGP",2019,172484.64
"SGP",2020,166626.78
"SGP",2021,138629.32
"SGP",2022,151306.74
"SGP",2023,162326.72
"SLB",1992,97.282218
"SLB",1993,141.55804
"SLB",1994,172.6908
"SLB",1995,126.61368
"SLB",1996,240.46723
"SLB",1997,165.43356
"SLB",1998,362.21909
"SLB",1999,405.97015
"SLB",2000,168.80044
"SLB",2001,137.35331
"SLB",2002,117.07632
"SLB",2003,144.47751
"SLB",2004,165.72845
"SLB",2005,98.489459
"SLB",2006,190.53783
"SLB",2007,212.01282
"SLB",2008,127.8299
"SLB",2009,136.53814
"SLB",2010,291.18086
"SLB",2011,259.2678
"SLB",2012,506.11564
"SLB",2013,603.18347
"SLB",2014,484.87706
"SLB",2015,522.62361
"SLB",2016,592.73254
"SLB",2017,619.17751
"SLB",2018,618.00289
"SLB",2019,695.19549
"SLB",2020,859.92783
"SLB",2021,780.54139
"SLB",2022,887.35289
"SLB",2023,1087.9086
"SLE",1992,307.38085
"SLE",1993,684.43132
"SLE",1994,471.17121
"SLE",1995,792.814
"SLE",1996,949.93527
"SLE",1997,309.52093
"SLE",1998,416.89234
"SLE",1999,208.07322
"SLE",2000,339.75276
"SLE",2001,447.20879
"SLE",2002,765.39486
"SLE",2003,847.51983
"SLE",2004,921.68078
"SLE",2005,573.34408
"SLE",2006,1282.5393
"SLE",2007,913.5004
"SLE",2008,1457.0524
"SLE",2009,992.02297
"SLE",2010,1497.1014
"SLE",2011,1852.8621
"SLE",2012,1428.6116
"SLE",2013,2194.5692
"SLE",2014,2398.0105
"SLE",2015,2270.58
"SLE",2016,2096.8919
"SLE",2017,2807.7525
"SLE",2018,2971.1522
"SLE",2019,3083.8254
"SLE",2020,3111.2651
"SLE",2021,4133.0604
"SLE",2022,5197.7515
"SLE",2023,5724.8751
"SLV",1992,20403.195
"SLV",1993,22210.41
"SLV",1994,26690.041
"SLV",1995,30363.196
"SLV",1996,29046.959
"SLV",1997,30865.49
"SLV",1998,36714.627
"SLV",1999,36839.049
"SLV",2000,31773.546
"SLV",2001,35469.523
"SLV",2002,34435.661
"SLV",2003,35630.862
"SLV",2004,36868.763
"SLV",2005,33585.355
"SLV",2006,38814.154
"SLV",2007,36597.746
"SLV",2008,32520.57
"SLV",2009,33992.216
"SLV",2010,30935.514
"SLV",2011,34658.082
"SLV",2012,30834.202
"SLV",2013,38016.414
"SLV",2014,36318.749
"SLV",2015,37950.922
"SLV",2016,40043.012
"SLV",2017,46335.493
"SLV",2018,38054.847
"SLV",2019,45609.639
"SLV",2020,44856.73
"SLV",2021,42962.897
"SLV",2022,55094.296
"SLV",2023,60234.232
"SMR",1992,1104.4517
"SMR",1993,1200.2056
"SMR",1994,1260.5807
"SMR",1995,1303.239
"SMR",1996,1385.2134
"SMR",1997,1511.6688
"SMR",1998,1893.7868
"SMR",1999,2320.1499
"SMR",2000,1909.6575
"SMR",2001,1362.8513
"SMR",2002,1821.1482
"SMR",2003,2369.7359
"SMR",2004,2286.7682
"SMR",2005,1763.9698
"SMR",2006,2011.9521
"SMR",2007,2036.5013
"SMR",2008,1898.614
"SMR",2009,1440.773
"SMR",2010,1897.5792
"SMR",2011,2136.2059
"SMR",2012,2737.4178
"SMR",2013,2772.1886
"SMR",2014,4351.3434
"SMR",2015,4075.4889
"SMR",2016,4068.0938
"SMR",2017,4336.6085
"SMR",2018,4241.1643
"SMR",2019,4201.6136
"SMR",2020,4080.4102
"SMR",2021,4543.8243
"SMR",2022,4265.1094
"SMR",2023,4220.4946
"SOM",1992,174.21642
"SOM",1993,832.52323
"SOM",1994,851.41927
"SOM",1995,541.74468
"SOM",1996,600.68408
"SOM",1997,713.93791
"SOM",1998,895.3328
"SOM",1999,1155.5156
"SOM",2000,1144.428
"SOM",2001,1329.3222
"SOM",2002,1116.9477
"SOM",2003,1607.3357
"SOM",2004,1818.2627
"SOM",2005,1522.6874
"SOM",2006,1637.6502
"SOM",2007,1734.0318
"SOM",2008,1618.7207
"SOM",2009,1585.4449
"SOM",2010,2226.7819
"SOM",2011,2534.9051
"SOM",2012,2470.1149
"SOM",2013,3284.6622
"SOM",2014,3914.4995
"SOM",2015,4637.7542
"SOM",2016,4845.8684
"SOM",2017,6238.0844
"SOM",2018,7751.8653
"SOM",2019,9935.6198
"SOM",2020,12232.432
"SOM",2021,15457.084
"SOM",2022,17458.996
"SOM",2023,20266.477
"SRB",1992,69011.524
"SRB",1993,66765.822
"SRB",1994,76806.63
"SRB",1995,99324.964
"SRB",1996,92291.089
"SRB",1997,120917.38
"SRB",1998,140557.02
"SRB",1999,119882.67
"SRB",2000,101418.27
"SRB",2001,113496.73
"SRB",2002,121057.4
"SRB",2003,155166.31
"SRB",2004,117431.88
"SRB",2005,164706.36
"SRB",2006,181948.88
"SRB",2007,163646.53
"SRB",2008,194642.53
"SRB",2009,132159.58
"SRB",2010,186268.74
"SRB",2011,202084.86
"SRB",2012,299027.9
"SRB",2013,283495.14
"SRB",2014,463493.78
"SRB",2015,444627.98
"SRB",2016,472156.67
"SRB",2017,520111.34
"SRB",2018,521925.55
"SRB",2019,585371.44
"SRB",2020,549532.01
"SRB",2021,659345.69
"SRB",2022,565218.17
"SRB",2023,565823.24
"STP",1992,150.01121
"STP",1993,86.125214
"STP",1994,179.17832
"STP",1995,209.18136
"STP",1996,209.39037
"STP",1997,226.52379
"STP",1998,265.08971
"STP",1999,261.73702
"STP",2000,225.10491
"STP",2001,229.32851
"STP",2002,329.96559
"STP",2003,330.58492
"STP",2004,248.86055
"STP",2005,192.93647
"STP",2006,241.46371
"STP",2007,212.93339
"STP",2008,219.14254
"STP",2009,217.9556
"STP",2010,247.14364
"STP",2011,176.08015
"STP",2012,443.65444
"STP",2013,692.80984
"STP",2014,674.11308
"STP",2015,1094.9207
"STP",2016,1119.8366
"STP",2017,1275.4396
"STP",2018,1278.7404
"STP",2019,1131.9504
"STP",2020,1197.9371
"STP",2021,1194.327
"STP",2022,1262.1788
"STP",2023,1241.9503
"SUR",1992,3252.3418
"SUR",1993,2794.1051
"SUR",1994,3241.0294
"SUR",1995,4354.5077
"SUR",1996,5633.6368
"SUR",1997,6186.1852
"SUR",1998,6552.2091
"SUR",1999,6432.1029
"SUR",2000,6760.348
"SUR",2001,6275.846
"SUR",2002,7232.1153
"SUR",2003,8215.2439
"SUR",2004,7553.1166
"SUR",2005,7672.2632
"SUR",2006,9558.7836
"SUR",2007,7854.4654
"SUR",2008,8142.1998
"SUR",2009,9944.6057
"SUR",2010,14060.491
"SUR",2011,13231.79
"SUR",2012,18785.127
"SUR",2013,21318.618
"SUR",2014,22982.911
"SUR",2015,24225.044
"SUR",2016,22366.077
"SUR",2017,25589.39
"SUR",2018,25733.239
"SUR",2019,26263.541
"SUR",2020,28171.181
"SUR",2021,27492.879
"SUR",2022,29973.6
"SUR",2023,34321.767
"SVK",1992,93649.714
"SVK",1993,74872.974
"SVK",1994,89245.197
"SVK",1995,113927.53
"SVK",1996,100961.67
"SVK",1997,92484.983
"SVK",1998,140808.14
"SVK",1999,101366.68
"SVK",2000,110380.8
"SVK",2001,131339.27
"SVK",2002,144065.47
"SVK",2003,104690.4
"SVK",2004,98208.361
"SVK",2005,114851.48
"SVK",2006,127128.11
"SVK",2007,99338.598
"SVK",2008,108075.57
"SVK",2009,82891.954
"SVK",2010,116085.59
"SVK",2011,99879.446
"SVK",2012,151257.72
"SVK",2013,77127.813
"SVK",2014,194383.87
"SVK",2015,178659.65
"SVK",2016,190079.23
"SVK",2017,224361.38
"SVK",2018,220129.36
"SVK",2019,222768.36
"SVK",2020,205826.47
"SVK",2021,276492.09
"SVK",2022,215889.26
"SVK",2023,214199.57
"SVN",1992,25583.252
"SVN",1993,24864.521
"SVN",1994,34149.628
"SVN",1995,36341.82
"SVN",1996,41478.372
"SVN",1997,39101.004
"SVN",1998,53707.288
"SVN",1999,56205.855
"SVN",2000,46930.016
"SVN",2001,45821.44
"SVN",2002,43856.984
"SVN",2003,58378.769
"SVN",2004,42575.81
"SVN",2005,55366.908
"SVN",2006,58569.621
"SVN",2007,55067.764
"SVN",2008,45565.129
"SVN",2009,47907.834
"SVN",2010,59500.077
"SVN",2011,44950.813
"SVN",2012,60931.355
"SVN",2013,42107.754
"SVN",2014,85332.283
"SVN",2015,76226.721
"SVN",2016,78063.235
"SVN",2017,87629.64
"SVN",2018,93039.176
"SVN",2019,82703.845
"SVN",2020,81176.454
"SVN",2021,99338.673
"SVN",2022,86278.479
"SVN",2023,89381.947
"SWE",1992,848172.59
"SWE",1993,706779.2
"SWE",1994,890999.43
"SWE",1995,1213898.7
"SWE",1996,869268.86
"SWE",1997,934853.37
"SWE",1998,1285590.5
"SWE",1999,1150620
"SWE",2000,840030.44
"SWE",2001,796810.19
"SWE",2002,213738.3
"SWE",2003,1006124.5
"SWE",2004,867728.63
"SWE",2005,712753.9
"SWE",2006,982258.64
"SWE",2007,867767.33
"SWE",2008,764614.27
"SWE",2009,601154.02
"SWE",2010,1164847.4
"SWE",2011,818945.3
"SWE",2012,1628213.5
"SWE",2013,0
"SWE",2014,1157492.3
"SWE",2015,1402474.4
"SWE",2016,1540643.7
"SWE",2017,1743353.6
"SWE",2018,1692730.6
"SWE",2019,1810296.8
"SWE",2020,1282926.4
"SWE",2021,2004922.9
"SWE",2022,2089755
"SWE",2023,2192347.4
"SWZ",1992,2699.9381
"SWZ",1993,4033.123
"SWZ",1994,4206.5543
"SWZ",1995,3854.217
"SWZ",1996,4275.6512
"SWZ",1997,4124.1871
"SWZ",1998,5877.0134
"SWZ",1999,6546.8358
"SWZ",2000,5839.6206
"SWZ",2001,6783.5676
"SWZ",2002,6193.5077
"SWZ",2003,7361.7369
"SWZ",2004,7654.945
"SWZ",2005,6173.4595
"SWZ",2006,8334.4259
"SWZ",2007,7855.1437
"SWZ",2008,6775.7086
"SWZ",2009,6662.1337
"SWZ",2010,5921.4639
"SWZ",2011,6922.6654
"SWZ",2012,15626.81
"SWZ",2013,15892.846
"SWZ",2014,15432.938
"SWZ",2015,15015.053
"SWZ",2016,16388.391
"SWZ",2017,18421.053
"SWZ",2018,15296.449
"SWZ",2019,13852.563
"SWZ",2020,15656.952
"SWZ",2021,14521.898
"SWZ",2022,16072.203
"SWZ",2023,21819.267
"SYC",1992,341.66269
"SYC",1993,388.54472
"SYC",1994,378.06418
"SYC",1995,592.78331
"SYC",1996,457.35896
"SYC",1997,492.39737
"SYC",1998,611.73856
"SYC",1999,421.93642
"SYC",2000,361.33206
"SYC",2001,531.00671
"SYC",2002,393.74358
"SYC",2003,574.62668
"SYC",2004,425.58808
"SYC",2005,394.01411
"SYC",2006,477.61095
"SYC",2007,611.34301
"SYC",2008,420.87429
"SYC",2009,369.65364
"SYC",2010,606.05297
"SYC",2011,968.35862
"SYC",2012,1143.7233
"SYC",2013,1126.2572
"SYC",2014,1026.244
"SYC",2015,1195.3164
"SYC",2016,1106.5688
"SYC",2017,1165.5029
"SYC",2018,1234.7753
"SYC",2019,1170.0506
"SYC",2020,1087.2283
"SYC",2021,1155.9013
"SYC",2022,1295.6294
"SYC",2023,1372.6196
"SYR",1992,182594.57
"SYR",1993,153473.86
"SYR",1994,170668.55
"SYR",1995,204142.38
"SYR",1996,222216.6
"SYR",1997,233158.34
"SYR",1998,259001.54
"SYR",1999,296532.11
"SYR",2000,257860.86
"SYR",2001,229140.66
"SYR",2002,265105.81
"SYR",2003,289309.68
"SYR",2004,288666.13
"SYR",2005,285973.68
"SYR",2006,382801.21
"SYR",2007,345459.01
"SYR",2008,264499.87
"SYR",2009,241379.67
"SYR",2010,295647.62
"SYR",2011,294508.01
"SYR",2012,351480.47
"SYR",2013,245515.15
"SYR",2014,191274.82
"SYR",2015,161085.88
"SYR",2016,203110.55
"SYR",2017,353447.16
"SYR",2018,235673.24
"SYR",2019,266037.23
"SYR",2020,257610.36
"SYR",2021,245037.18
"SYR",2022,246414.81
"SYR",2023,254361.94
"TCD",1992,1022.887
"TCD",1993,1112.4118
"TCD",1994,844.42722
"TCD",1995,1408.967
"TCD",1996,1437.5577
"TCD",1997,1031.2483
"TCD",1998,1110.8265
"TCD",1999,1476.1826
"TCD",2000,1282.4268
"TCD",2001,1665.7168
"TCD",2002,1558.2005
"TCD",2003,2847.4664
"TCD",2004,3235.2736
"TCD",2005,4596.1306
"TCD",2006,4806.9179
"TCD",2007,4650.0771
"TCD",2008,4168.7387
"TCD",2009,4300.5897
"TCD",2010,5260.855
"TCD",2011,6688.0149
"TCD",2012,15751.442
"TCD",2013,28664.529
"TCD",2014,30166.335
"TCD",2015,43245.75
"TCD",2016,41892.106
"TCD",2017,40614.886
"TCD",2018,31657.165
"TCD",2019,29203.696
"TCD",2020,24501.174
"TCD",2021,26082.524
"TCD",2022,34620.254
"TCD",2023,33595.74
"TGO",1992,3809.8901
"TGO",1993,3484.7033
"TGO",1994,2387.5368
"TGO",1995,3896.1603
"TGO",1996,4253.516
"TGO",1997,3093.3474
"TGO",1998,4357.9863
"TGO",1999,4073.3851
"TGO",2000,4339.6266
"TGO",2001,3896.9228
"TGO",2002,3814.2398
"TGO",2003,5015.7556
"TGO",2004,4553.9645
"TGO",2005,5383.0103
"TGO",2006,5234.9676
"TGO",2007,5453.3617
"TGO",2008,5232.7137
"TGO",2009,4976.9214
"TGO",2010,7726.6791
"TGO",2011,9509.5717
"TGO",2012,7594.2033
"TGO",2013,9457.1279
"TGO",2014,11137.299
"TGO",2015,13617.518
"TGO",2016,15454.801
"TGO",2017,17505.142
"TGO",2018,19043.638
"TGO",2019,19205.465
"TGO",2020,21616.136
"TGO",2021,26777.892
"TGO",2022,28657.906
"TGO",2023,34573.92
"THA",1992,76362.894
"THA",1993,85931.506
"THA",1994,110686.2
"THA",1995,129546.84
"THA",1996,145575.27
"THA",1997,161846.42
"THA",1998,167206.33
"THA",1999,172569.63
"THA",2000,164829.71
"THA",2001,177813.24
"THA",2002,189773.08
"THA",2003,221456.14
"THA",2004,219873.72
"THA",2005,200715.88
"THA",2006,257927.67
"THA",2007,263634.44
"THA",2008,240470.19
"THA",2009,263251.95
"THA",2010,254648.36
"THA",2011,287739.37
"THA",2012,203998.86
"THA",2013,739054.93
"THA",2014,899557.7
"THA",2015,1251072.3
"THA",2016,1218882.2
"THA",2017,1521403.6
"THA",2018,1212169.6
"THA",2019,1460876
"THA",2020,1638083.5
"THA",2021,1948997.3
"THA",2022,2262160.2
"THA",2023,2568188
"TJK",1992,16793.914
"TJK",1993,15745.827
"TJK",1994,15867.891
"TJK",1995,17576.815
"TJK",1996,15418.517
"TJK",1997,18586.93
"TJK",1998,18322.198
"TJK",1999,16762.908
"TJK",2000,15769.865
"TJK",2001,17497.624
"TJK",2002,19640.963
"TJK",2003,20454.946
"TJK",2004,19528.475
"TJK",2005,18577.17
"TJK",2006,21831.863
"TJK",2007,20933.591
"TJK",2008,14904.276
"TJK",2009,9664.1843
"TJK",2010,15029.532
"TJK",2011,13832.32
"TJK",2012,24088.351
"TJK",2013,45088.511
"TJK",2014,47304.348
"TJK",2015,51184.533
"TJK",2016,56145.616
"TJK",2017,64231.599
"TJK",2018,63978.107
"TJK",2019,74700.325
"TJK",2020,84176.451
"TJK",2021,81103.278
"TJK",2022,98556.892
"TJK",2023,121438.37
"TKM",1992,72354.059
"TKM",1993,58666.36
"TKM",1994,81612.262
"TKM",1995,86783.876
"TKM",1996,96156.96
"TKM",1997,82667.684
"TKM",1998,91504.76
"TKM",1999,105854.03
"TKM",2000,113283.36
"TKM",2001,129346.81
"TKM",2002,145435.23
"TKM",2003,201980.5
"TKM",2004,209382.48
"TKM",2005,206545.09
"TKM",2006,220413.09
"TKM",2007,220598.6
"TKM",2008,207475.08
"TKM",2009,175976.76
"TKM",2010,220623.88
"TKM",2011,269762.63
"TKM",2012,566527.27
"TKM",2013,664396.2
"TKM",2014,831322.84
"TKM",2015,730710.31
"TKM",2016,744404.07
"TKM",2017,810557.73
"TKM",2018,745982.92
"TKM",2019,693497.53
"TKM",2020,746892.05
"TKM",2021,662962.9
"TKM",2022,648417.1
"TKM",2023,717323.74
"TLS",1992,290.29664
"TLS",1993,398.07641
"TLS",1994,537.16977
"TLS",1995,520.03247
"TLS",1996,808.15145
"TLS",1997,879.07348
"TLS",1998,940.55434
"TLS",1999,502.76706
"TLS",2000,681.4643
"TLS",2001,867.34019
"TLS",2002,899.20444
"TLS",2003,1161.9816
"TLS",2004,832.23559
"TLS",2005,432.69819
"TLS",2006,754.33771
"TLS",2007,1014.2879
"TLS",2008,1054.3677
"TLS",2009,1037.9594
"TLS",2010,1401.0855
"TLS",2011,1366.1039
"TLS",2012,3072.8487
"TLS",2013,3598.6035
"TLS",2014,4048.5263
"TLS",2015,3566.1971
"TLS",2016,3166.0333
"TLS",2017,3187.1398
"TLS",2018,3328.4005
"TLS",2019,3605.1714
"TLS",2020,3509.2251
"TLS",2021,2749.6451
"TLS",2022,3706.4678
"TLS",2023,4288.1868
"TON",1992,216.70598
"TON",1993,241.94189
"TON",1994,562.42594
"TON",1995,764.21709
"TON",1996,990.1535
"TON",1997,222.48505
"TON",1998,201.2358
"TON",1999,466.54464
"TON",2000,253.29587
"TON",2001,456.07254
"TON",2002,199.49786
"TON",2003,340.00981
"TON",2004,476.25834
"TON",2005,239.8931
"TON",2006,365.96728
"TON",2007,536.18137
"TON",2008,354.21689
"TON",2009,361.4596
"TON",2010,489.86564
"TON",2011,353.35671
"TON",2012,469.48831
"TON",2013,532.39666
"TON",2014,620.63368
"TON",2015,515.73406
"TON",2016,598.16643
"TON",2017,740.7789
"TON",2018,649.46016
"TON",2019,854.88992
"TON",2020,999.91091
"TON",2021,2074.1485
"TON",2022,1147.4795
"TON",2023,1189.4378
"TTO",1992,18569.756
"TTO",1993,22104.72
"TTO",1994,18920.737
"TTO",1995,24178.988
"TTO",1996,25254.574
"TTO",1997,24470.83
"TTO",1998,29818.433
"TTO",1999,28313.102
"TTO",2000,29037.905
"TTO",2001,32859.2
"TTO",2002,32052.453
"TTO",2003,35571.86
"TTO",2004,34901.816
"TTO",2005,35094.732
"TTO",2006,48043.035
"TTO",2007,66039.42
"TTO",2008,65967.019
"TTO",2009,70672.542
"TTO",2010,78267.237
"TTO",2011,83544.511
"TTO",2012,148227.74
"TTO",2013,154689.12
"TTO",2014,151076.42
"TTO",2015,150694.92
"TTO",2016,139565.76
"TTO",2017,143767.37
"TTO",2018,151323.31
"TTO",2019,154299.69
"TTO",2020,150650.3
"TTO",2021,144788.39
"TTO",2022,147532.94
"TTO",2023,156331.37
"TUN",1992,105817.69
"TUN",1993,97319.671
"TUN",1994,119423.63
"TUN",1995,145335.74
"TUN",1996,129919.5
"TUN",1997,151303.64
"TUN",1998,171103.16
"TUN",1999,181997
"TUN",2000,181646.69
"TUN",2001,199451.79
"TUN",2002,210081.27
"TUN",2003,212046.28
"TUN",2004,211206.03
"TUN",2005,188058.19
"TUN",2006,221564
"TUN",2007,241756.49
"TUN",2008,212779.13
"TUN",2009,194170.45
"TUN",2010,216324.52
"TUN",2011,241839.2
"TUN",2012,295304.03
"TUN",2013,289234.7
"TUN",2014,384912.99
"TUN",2015,382786.98
"TUN",2016,411250.71
"TUN",2017,461206.2
"TUN",2018,476017.64
"TUN",2019,500185.19
"TUN",2020,499450.54
"TUN",2021,515342.58
"TUN",2022,547325.37
"TUN",2023,599033.47
"TUR",1992,356277.38
"TUR",1993,389972.62
"TUR",1994,413519.09
"TUR",1995,496084.41
"TUR",1996,464659.52
"TUR",1997,524755.54
"TUR",1998,576524.1
"TUR",1999,638286.43
"TUR",2000,604636.55
"TUR",2001,527609.69
"TUR",2002,623662.69
"TUR",2003,619766.78
"TUR",2004,680400.84
"TUR",2005,623431.25
"TUR",2006,842566.85
"TUR",2007,896176.51
"TUR",2008,903937.69
"TUR",2009,764690.56
"TUR",2010,941625.58
"TUR",2011,1113324.1
"TUR",2012,1917936.7
"TUR",2013,2193487.7
"TUR",2014,3067703.4
"TUR",2015,3381510.8
"TUR",2016,3679022.3
"TUR",2017,4395809.9
"TUR",2018,4447170.3
"TUR",2019,4943935.3
"TUR",2020,5161859.3
"TUR",2021,5719990.9
"TUR",2022,5518789.5
"TUR",2023,5936035
"TUV",1992,0
"TUV",1993,0
"TUV",1994,0
"TUV",1995,.08123178
"TUV",1996,.08177205
"TUV",1997,.06007046
"TUV",1998,.14134742
"TUV",1999,.21343192
"TUV",2000,.31654749
"TUV",2001,.4079565
"TUV",2002,6.897696
"TUV",2003,1.9300721
"TUV",2004,7.202864
"TUV",2005,.57815193
"TUV",2006,.80033969
"TUV",2007,.24768124
"TUV",2008,.24280035
"TUV",2009,.22945309
"TUV",2010,.67577767
"TUV",2011,1.1085303
"TUV",2012,11.254748
"TUV",2013,17.236596
"TUV",2014,13.865048
"TUV",2015,16.636941
"TUV",2016,17.002927
"TUV",2017,19.036586
"TUV",2018,24.993261
"TUV",2019,34.340294
"TUV",2020,32.205984
"TUV",2021,25.270841
"TUV",2022,22.386406
"TUV",2023,25.961855
"TZA",1992,13200.186
"TZA",1993,17154.413
"TZA",1994,18828.922
"TZA",1995,19714.923
"TZA",1996,24135.863
"TZA",1997,20867.601
"TZA",1998,22959.42
"TZA",1999,26199.968
"TZA",2000,24000.201
"TZA",2001,23758.745
"TZA",2002,23288.044
"TZA",2003,25136.15
"TZA",2004,25008.126
"TZA",2005,23472.485
"TZA",2006,25559.96
"TZA",2007,25604.378
"TZA",2008,23629.352
"TZA",2009,23071.746
"TZA",2010,24928.474
"TZA",2011,26156.727
"TZA",2012,38003.643
"TZA",2013,44018.384
"TZA",2014,46653.318
"TZA",2015,50793.853
"TZA",2016,54930.61
"TZA",2017,65655.487
"TZA",2018,71263.299
"TZA",2019,77671.354
"TZA",2020,87995.208
"TZA",2021,109645.49
"TZA",2022,139887.41
"TZA",2023,178153.59
"UGA",1992,3401.0712
"UGA",1993,4951.0231
"UGA",1994,6103.4297
"UGA",1995,7800.2704
"UGA",1996,7440.952
"UGA",1997,7042.4124
"UGA",1998,7135.0215
"UGA",1999,6657.0983
"UGA",2000,8907.3595
"UGA",2001,9115.8803
"UGA",2002,8924.8141
"UGA",2003,9046.7889
"UGA",2004,10025.125
"UGA",2005,8122.131
"UGA",2006,7566.716
"UGA",2007,8629.7205
"UGA",2008,9041.7363
"UGA",2009,10368.95
"UGA",2010,11437.619
"UGA",2011,10703.8
"UGA",2012,17192.165
"UGA",2013,21192.807
"UGA",2014,22425.391
"UGA",2015,21497.972
"UGA",2016,22465.287
"UGA",2017,25896.867
"UGA",2018,29149.823
"UGA",2019,33436.105
"UGA",2020,38000.902
"UGA",2021,39127.47
"UGA",2022,52354.425
"UGA",2023,71137.745
"UKR",1992,469704.63
"UKR",1993,413737.31
"UKR",1994,409972.31
"UKR",1995,406000.24
"UKR",1996,384696.63
"UKR",1997,305690.98
"UKR",1998,397860.29
"UKR",1999,344593.58
"UKR",2000,337345.72
"UKR",2001,385708.4
"UKR",2002,391356.05
"UKR",2003,376105.21
"UKR",2004,369724.71
"UKR",2005,418469.7
"UKR",2006,466369.64
"UKR",2007,393645.49
"UKR",2008,426336.36
"UKR",2009,323086.3
"UKR",2010,482543.56
"UKR",2011,477359.21
"UKR",2012,654331.81
"UKR",2013,591588.71
"UKR",2014,1106533.4
"UKR",2015,866695.67
"UKR",2016,986352.08
"UKR",2017,1083017.5
"UKR",2018,1261891.3
"UKR",2019,1100885.6
"UKR",2020,1046940
"UKR",2021,1566912.3
"UKR",2022,455061.53
"UKR",2023,514807.54
"URY",1992,49398.322
"URY",1993,55672.152
"URY",1994,65628.85
"URY",1995,64807.658
"URY",1996,71534.325
"URY",1997,69900.012
"URY",1998,92190.574
"URY",1999,98658.074
"URY",2000,97537.25
"URY",2001,97461.16
"URY",2002,76359.306
"URY",2003,86521.601
"URY",2004,76344.669
"URY",2005,70033.336
"URY",2006,77759.836
"URY",2007,81316.43
"URY",2008,75534.918
"URY",2009,86706.253
"URY",2010,88141.36
"URY",2011,109822.1
"URY",2012,182876.05
"URY",2013,209829.04
"URY",2014,211647.41
"URY",2015,224501.5
"URY",2016,216051.92
"URY",2017,232166.48
"URY",2018,233102.72
"URY",2019,239678.4
"URY",2020,244085.09
"URY",2021,241529.22
"URY",2022,248408.96
"URY",2023,264745.84
"USA",1992,22220668
"USA",1993,20772092
"USA",1994,23314664
"USA",1995,24688171
"USA",1996,24677061
"USA",1997,25177846
"USA",1998,26043836
"USA",1999,28083253
"USA",2000,27197307
"USA",2001,25971760
"USA",2002,27079163
"USA",2003,27928579
"USA",2004,24541547
"USA",2005,23486011
"USA",2006,26270673
"USA",2007,26788283
"USA",2008,23933719
"USA",2009,23843975
"USA",2010,23381215
"USA",2011,26593949
"USA",2012,31503159
"USA",2013,33323496
"USA",2014,43530790
"USA",2015,39527168
"USA",2016,37535929
"USA",2017,39367205
"USA",2018,41024117
"USA",2019,40677144
"USA",2020,38742261
"USA",2021,41382487
"USA",2022,41569634
"USA",2023,41482163
"UZB",1992,217370.04
"UZB",1993,208945.49
"UZB",1994,235058.46
"UZB",1995,275944.44
"UZB",1996,288431.78
"UZB",1997,276599.51
"UZB",1998,280225.03
"UZB",1999,234241.4
"UZB",2000,259415.35
"UZB",2001,276711.27
"UZB",2002,267307.3
"UZB",2003,333427.03
"UZB",2004,298715.53
"UZB",2005,292810.9
"UZB",2006,353642.25
"UZB",2007,334739.22
"UZB",2008,336874.73
"UZB",2009,204381.76
"UZB",2010,275250.03
"UZB",2011,274621.54
"UZB",2012,405444.82
"UZB",2013,504576.49
"UZB",2014,547302.43
"UZB",2015,455630.95
"UZB",2016,457751.93
"UZB",2017,470234.39
"UZB",2018,429729.01
"UZB",2019,464774.8
"UZB",2020,525215.78
"UZB",2021,637424.63
"UZB",2022,666106.26
"UZB",2023,731018.97
"VCT",1992,223.43709
"VCT",1993,302.8314
"VCT",1994,241.98817
"VCT",1995,263.37202
"VCT",1996,243.87882
"VCT",1997,287.10786
"VCT",1998,318.94023
"VCT",1999,355.14353
"VCT",2000,566.37157
"VCT",2001,527.07823
"VCT",2002,504.21318
"VCT",2003,574.50578
"VCT",2004,485.26946
"VCT",2005,543.48081
"VCT",2006,665.58361
"VCT",2007,591.98698
"VCT",2008,707.83239
"VCT",2009,510.16977
"VCT",2010,704.20706
"VCT",2011,543.15883
"VCT",2012,996.57223
"VCT",2013,1018.8716
"VCT",2014,923.3143
"VCT",2015,1020.1987
"VCT",2016,975.23646
"VCT",2017,1251.0446
"VCT",2018,1242.3071
"VCT",2019,1254.4788
"VCT",2020,1176.7342
"VCT",2021,1109.5519
"VCT",2022,1066.6093
"VCT",2023,1381.3202
"VEN",1992,488499.73
"VEN",1993,511333.24
"VEN",1994,540431
"VEN",1995,606416.18
"VEN",1996,553081.9
"VEN",1997,607330.44
"VEN",1998,683420.13
"VEN",1999,689972.74
"VEN",2000,655467.03
"VEN",2001,721054.72
"VEN",2002,670468.34
"VEN",2003,709764.18
"VEN",2004,663686.5
"VEN",2005,634144.11
"VEN",2006,748459.15
"VEN",2007,694614.04
"VEN",2008,712220.52
"VEN",2009,722988.8
"VEN",2010,616598.73
"VEN",2011,935333.9
"VEN",2012,3523342.1
"VEN",2013,4338496.3
"VEN",2014,5132161.8
"VEN",2015,4610293.7
"VEN",2016,4155199.5
"VEN",2017,3296201.7
"VEN",2018,3420543
"VEN",2019,4067651.6
"VEN",2020,2945533.5
"VEN",2021,3497077.9
"VEN",2022,3177804.9
"VEN",2023,3072685.8
"VNM",1992,16477.836
"VNM",1993,14113.222
"VNM",1994,20520.368
"VNM",1995,24167.351
"VNM",1996,26562.729
"VNM",1997,44373.099
"VNM",1998,50408.395
"VNM",1999,60400.422
"VNM",2000,66547.334
"VNM",2001,80699.659
"VNM",2002,94128.193
"VNM",2003,127741.43
"VNM",2004,122951.6
"VNM",2005,117289.28
"VNM",2006,145403.37
"VNM",2007,144005.05
"VNM",2008,135679.77
"VNM",2009,152887.02
"VNM",2010,166519.28
"VNM",2011,182546.44
"VNM",2012,307854.4
"VNM",2013,836285.01
"VNM",2014,1029365.9
"VNM",2015,1384494.7
"VNM",2016,1406339.4
"VNM",2017,1447550.3
"VNM",2018,1732600.4
"VNM",2019,2105595.2
"VNM",2020,2021388.3
"VNM",2021,1651430.6
"VNM",2022,1834396.1
"VNM",2023,1852008.4
"VUT",1992,374.68212
"VUT",1993,453.68124
"VUT",1994,765.37922
"VUT",1995,1045.294
"VUT",1996,2503.2476
"VUT",1997,840.22994
"VUT",1998,1785.8058
"VUT",1999,397.02016
"VUT",2000,137.30199
"VUT",2001,504.92252
"VUT",2002,767.19814
"VUT",2003,1496.61
"VUT",2004,778.78952
"VUT",2005,153.3405
"VUT",2006,122.43203
"VUT",2007,600.63509
"VUT",2008,154.07993
"VUT",2009,968.1486
"VUT",2010,953.82065
"VUT",2011,1884.4981
"VUT",2012,5496.1175
"VUT",2013,11027.524
"VUT",2014,17519.502
"VUT",2015,17321.742
"VUT",2016,38832.681
"VUT",2017,18274.666
"VUT",2018,20510.33
"VUT",2019,1261.1161
"VUT",2020,1165.297
"VUT",2021,793.83917
"VUT",2022,825.35162
"VUT",2023,1474.2934
"WSM",1992,88.614061
"WSM",1993,158.60881
"WSM",1994,276.15657
"WSM",1995,203.27695
"WSM",1996,209.52499
"WSM",1997,289.3279
"WSM",1998,296.17878
"WSM",1999,81.693909
"WSM",2000,112.65269
"WSM",2001,110.24042
"WSM",2002,126.74191
"WSM",2003,91.49909
"WSM",2004,86.396667
"WSM",2005,66.269628
"WSM",2006,123.68999
"WSM",2007,201.51504
"WSM",2008,90.204469
"WSM",2009,117.2094
"WSM",2010,162.58677
"WSM",2011,101.64096
"WSM",2012,265.77559
"WSM",2013,287.71834
"WSM",2014,284.95559
"WSM",2015,382.53978
"WSM",2016,445.75361
"WSM",2017,494.40667
"WSM",2018,578.7706
"WSM",2019,668.84878
"WSM",2020,668.25216
"WSM",2021,761.03998
"WSM",2022,881.09541
"WSM",2023,1139.155
"YEM",1992,38436.91
"YEM",1993,48660.878
"YEM",1994,42499.718
"YEM",1995,44328.268
"YEM",1996,44154.158
"YEM",1997,48998.943
"YEM",1998,61397.107
"YEM",1999,70739.58
"YEM",2000,65802.186
"YEM",2001,57073.765
"YEM",2002,58583.772
"YEM",2003,102310.26
"YEM",2004,102147.04
"YEM",2005,114429.6
"YEM",2006,165174.79
"YEM",2007,160586.11
"YEM",2008,160183.83
"YEM",2009,146134.49
"YEM",2010,158760.11
"YEM",2011,148049.46
"YEM",2012,378684.97
"YEM",2013,353986.39
"YEM",2014,328995.85
"YEM",2015,142397.42
"YEM",2016,96134.384
"YEM",2017,121137.68
"YEM",2018,143510.36
"YEM",2019,186076.09
"YEM",2020,182841.89
"YEM",2021,211244.22
"YEM",2022,187065.84
"YEM",2023,157731.42
"ZAF",1992,645936.04
"ZAF",1993,682486.25
"ZAF",1994,764447.29
"ZAF",1995,721932.66
"ZAF",1996,809814.87
"ZAF",1997,759500.82
"ZAF",1998,920517.36
"ZAF",1999,996491.75
"ZAF",2000,879782.81
"ZAF",2001,913792.44
"ZAF",2002,880693.8
"ZAF",2003,958948.02
"ZAF",2004,913255.42
"ZAF",2005,860451.23
"ZAF",2006,1016058.2
"ZAF",2007,983549
"ZAF",2008,890572.81
"ZAF",2009,880170.21
"ZAF",2010,899036.39
"ZAF",2011,1031493.6
"ZAF",2012,1528126
"ZAF",2013,1662055.9
"ZAF",2014,1641379.5
"ZAF",2015,1652544.2
"ZAF",2016,1647309.6
"ZAF",2017,1729270.3
"ZAF",2018,1700556
"ZAF",2019,1702674.8
"ZAF",2020,1673238.1
"ZAF",2021,1668884.1
"ZAF",2022,1619737.2
"ZAF",2023,1602507.6
"ZMB",1992,25005.967
"ZMB",1993,22353.526
"ZMB",1994,29033.267
"ZMB",1995,27673.452
"ZMB",1996,39368.284
"ZMB",1997,35780.067
"ZMB",1998,34443.399
"ZMB",1999,35078.661
"ZMB",2000,31991.023
"ZMB",2001,33263.922
"ZMB",2002,33450.286
"ZMB",2003,34547.49
"ZMB",2004,38923.543
"ZMB",2005,37734.135
"ZMB",2006,45340.738
"ZMB",2007,39977.604
"ZMB",2008,35591.622
"ZMB",2009,39969.26
"ZMB",2010,48850.467
"ZMB",2011,49181.656
"ZMB",2012,85023.89
"ZMB",2013,94000.055
"ZMB",2014,73456.628
"ZMB",2015,103617.4
"ZMB",2016,105787.11
"ZMB",2017,117563.86
"ZMB",2018,110255.65
"ZMB",2019,101719.19
"ZMB",2020,83632.646
"ZMB",2021,97821.287
"ZMB",2022,110645.78
"ZMB",2023,134260.78
"ZWE",1992,29563.921
"ZWE",1993,31253.15
"ZWE",1994,39539.532
"ZWE",1995,41202.484
"ZWE",1996,46171.94
"ZWE",1997,41701.674
"ZWE",1998,51608.26
"ZWE",1999,51520.756
"ZWE",2000,45348.175
"ZWE",2001,41702.358
"ZWE",2002,40303.407
"ZWE",2003,37124.969
"ZWE",2004,38685.485
"ZWE",2005,39802.633
"ZWE",2006,37750.392
"ZWE",2007,30086.06
"ZWE",2008,20676.162
"ZWE",2009,22114.937
"ZWE",2010,27140.338
"ZWE",2011,27949.724
"ZWE",2012,48826.279
"ZWE",2013,49237.144
"ZWE",2014,35722.53
"ZWE",2015,45805.75
"ZWE",2016,45447.108
"ZWE",2017,45924.071
"ZWE",2018,43374.649
"ZWE",2019,42487.83
"ZWE",2020,38964.618
"ZWE",2021,44378.993
"ZWE",2022,57231.902
"ZWE",2023,71541.17
