country_name,country_code,year,elect_dem,log_gdppc,log_pop,income_level,rural_pop_pct,rd_expenditure_pct,electric_access,regch_event,dem_ep,dem_ep_pre_yr,dem_ep_start_yr,dem_ep_end_yr,aut_ep,aut_ep_pre_yr,aut_ep_start_yr,aut_ep_end_yr,n_sdg_indicators,n_sdg_missing,prop_sdg_missing,prop_miss_SDG1,prop_miss_SDG2,prop_miss_SDG3,prop_miss_SDG4,prop_miss_SDG5,prop_miss_SDG6,prop_miss_SDG7,prop_miss_SDG8,prop_miss_SDG9,prop_miss_SDG10,prop_miss_SDG11,prop_miss_SDG12,prop_miss_SDG13,prop_miss_SDG14,prop_miss_SDG15,prop_miss_SDG16,prop_miss_SDG17
Afghanistan,AFG,2015,0.375,6.337833595469902,17.35396248022591,L,75.197,NA,71.5,0,0,0,NA,NA,0,1,2016,2024,126,65,0.5158730158730159,0.3333333333333333,0.5,0.29411764705882354,0.875,0.2,0.14285714285714285,0,0.6666666666666666,0.7272727272727273,1,0.5,0.5,0.5,1,0.4,0.4166666666666667,0.75
Afghanistan,AFG,2016,0.352,6.25782507663006,17.381742828110035,L,74.98,NA,97.7,0,0,0,NA,NA,1,0,2016,2024,126,70,0.5555555555555556,0.3333333333333333,0.5,0.4117647058823529,0.875,0.2,0.2857142857142857,0,0.7777777777777778,0.6363636363636364,1,0.5,0.5,0.5,1,0.2,0.75,0.625
Afghanistan,AFG,2017,0.357,6.264292664209509,17.40722115850949,L,74.75,NA,97.7,0,0,0,NA,NA,1,0,2016,2024,126,63,0.5,0.3333333333333333,0.5,0.23529411764705882,0.875,0.2,0.2857142857142857,0,0.5555555555555556,0.7272727272727273,1,0.5,0.5,0.5,1,0.4,0.4166666666666667,0.625
Afghanistan,AFG,2018,0.354,6.197130697347013,17.431064249303567,L,74.505,NA,93.4,0,0,0,NA,NA,1,0,2016,2024,126,61,0.48412698412698413,0.3333333333333333,0.3,0.35294117647058826,0.875,0.2,0.2857142857142857,0,0.5555555555555556,0.6363636363636364,1,0.5,0.5,0.5,0.8333333333333334,0.4,0.3333333333333333,0.75
Afghanistan,AFG,2019,0.356,6.207789915953014,17.454194982797745,L,74.246,NA,97.7,0,0,0,NA,NA,1,0,2016,2024,126,65,0.5158730158730159,0.3333333333333333,0.6,0.29411764705882354,0.875,0.2,0.2857142857142857,0,0.7777777777777778,0.7272727272727273,1,0.5,0.375,0.25,1,0.2,0.4166666666666667,0.75
Afghanistan,AFG,2020,0.361,6.235952797682621,17.477233103728686,L,73.974,NA,97.7,0,0,0,NA,NA,1,0,2016,2024,126,68,0.5396825396825397,0.3333333333333333,0.6,0.4117647058823529,1,0.2,0.2857142857142857,0,0.7777777777777778,0.6363636363636364,1,0.3333333333333333,0.375,0.5,1,0.4,0.4166666666666667,0.75
Afghanistan,AFG,2021,0.157,5.876323620162618,17.500267225059204,L,73.686,NA,97.7,0,0,0,NA,NA,1,0,2016,2024,126,65,0.5158730158730159,0.3333333333333333,0.6,0.29411764705882354,0.875,0.2,0.2857142857142857,0,0.6666666666666666,0.7272727272727273,1,0.5,0.5,0.5,1,0.4,0.3333333333333333,0.625
Afghanistan,AFG,2022,0.079,5.878467034797148,17.532218458894615,L,73.384,NA,85.3,0,0,0,NA,NA,1,0,2016,2024,126,68,0.5396825396825397,0.3333333333333333,0.3,0.5294117647058824,0.875,0.2,0.2857142857142857,0.25,0.6666666666666666,0.7272727272727273,1,0.5,0.375,0.5,1,0.2,0.5,0.75
Afghanistan,AFG,2023,0.075,6.029981688533866,NA,L,73.067,NA,85.3,0,0,0,NA,NA,1,0,2016,2024,126,83,0.6587301587301587,0.3333333333333333,1,0.47058823529411764,1,0.6,0.8571428571428571,0.75,0.6666666666666666,0.45454545454545453,1,0.8333333333333334,0.5,0.5,1,0.4,0.3333333333333333,0.875
Angola,AGO,2015,0.309,8.075241244344893,17.143577233382526,UM,36.554,NA,42,0,0,0,NA,NA,0,0,NA,NA,126,63,0.5,0.3333333333333333,0.2,0.35294117647058826,0.875,0.2,0.2857142857142857,0,0.7777777777777778,0.7272727272727273,1,0.5,0.5,0.5,0.16666666666666666,0.4,0.6666666666666666,0.75
Angola,AGO,2016,0.309,7.499950512405418,17.177359927704337,LM,35.851,0.03229,41.8,0,0,0,NA,NA,0,0,NA,NA,126,60,0.47619047619047616,0.3333333333333333,0.5,0.35294117647058826,0.875,0.2,0.42857142857142855,0,0.7777777777777778,0.5454545454545454,1,0.5,0.5,0.5,0.16666666666666666,0.2,0.4166666666666667,0.625
Angola,AGO,2017,0.323,7.798629618320398,17.210581511329966,LM,35.161,NA,42.9,0,0,0,NA,NA,0,0,NA,NA,126,68,0.5396825396825397,0.3333333333333333,0.5,0.35294117647058826,1,0.2,0.42857142857142855,0,0.7777777777777778,0.7272727272727273,1,0.5,0.5,0.5,0.16666666666666666,0.2,0.8333333333333334,0.625
Angola,AGO,2018,0.372,7.839364635709061,17.24334295720913,LM,34.486,NA,45.3,0,0,0,NA,NA,0,0,NA,NA,126,60,0.47619047619047616,0.3333333333333333,0.5,0.47058823529411764,1,0.2,0.42857142857142855,0,0.5555555555555556,0.5454545454545454,0.3333333333333333,0.5,0.5,0.5,0,0.4,0.5,0.625
Angola,AGO,2019,0.366,7.691590936621834,17.275772097493224,LM,33.823,NA,45.6,0,0,0,NA,NA,0,0,NA,NA,126,64,0.5079365079365079,0.3333333333333333,0.6,0.35294117647058826,1,0.2,0.42857142857142855,0,0.7777777777777778,0.6363636363636364,1,0.5,0.375,0.5,0.3333333333333333,0.2,0.5,0.625
Angola,AGO,2020,0.354,7.279265638827293,17.30795740101374,LM,33.175,NA,47,0,0,0,NA,NA,0,0,NA,NA,126,68,0.5396825396825397,0.3333333333333333,0.6,0.5294117647058824,1,0.2,0.42857142857142855,0,0.7777777777777778,0.7272727272727273,1,0.3333333333333333,0.375,0.5,0.6666666666666666,0.2,0.4166666666666667,0.625
Angola,AGO,2021,0.343,7.563135512878039,17.33991655609031,LM,32.54,NA,48.2,0,0,0,NA,NA,0,0,NA,NA,126,68,0.5396825396825397,0.3333333333333333,0.5,0.4117647058823529,0.875,0.2,0.42857142857142855,0,0.7777777777777778,0.7272727272727273,1,0.5,0.5,0.5,0.6666666666666666,0.4,0.5,0.625
Angola,AGO,2022,0.342,7.982653415003446,17.387546794029877,LM,31.919,NA,48.5,0,0,0,NA,NA,0,0,NA,NA,126,68,0.5396825396825397,0.3333333333333333,0.6,0.5882352941176471,0.875,0.2,0.42857142857142855,0.25,0.6666666666666666,0.7272727272727273,1,0.5,0.375,0.5,0.6666666666666666,0.2,0.3333333333333333,0.625
Angola,AGO,2023,0.349,7.744205848369094,NA,LM,31.312,NA,51.1,0,0,0,NA,NA,0,0,NA,NA,126,82,0.6507936507936508,0.3333333333333333,1,0.5882352941176471,1,0.4,0.8571428571428571,0.75,0.6666666666666666,0.5454545454545454,1,0.8333333333333334,0.375,0.25,0.6666666666666666,0.2,0.5,0.875
Albania,ALB,2015,0.527,8.282180371700328,14.873544919547472,UM,42.566,NA,100,0,0,0,NA,NA,0,0,NA,NA,126,52,0.4126984126984127,0.3333333333333333,0.5,0.29411764705882354,0.5,0.2,0,0,0.6666666666666666,0.6363636363636364,0.3333333333333333,0.5,0.5,0.5,0.3333333333333333,0.4,0.25,0.75
Albania,ALB,2016,0.529,8.324592276181475,14.871946115426194,UM,41.579,NA,99.9,0,0,0,NA,NA,0,0,NA,NA,126,56,0.4444444444444444,0.3333333333333333,0.5,0.35294117647058826,0.75,0.2,0,0,0.7777777777777778,0.5454545454545454,0.3333333333333333,0.5,0.375,0.5,0.3333333333333333,0.2,0.5833333333333334,0.625
Albania,ALB,2017,0.54,8.418705052785773,14.871026392488751,UM,40.617,NA,99.9,0,0,0,NA,NA,0,0,NA,NA,126,47,0.373015873015873,0.3333333333333333,0.2,0.29411764705882354,0.5,0.2,0,0,0.5555555555555556,0.6363636363636364,0.3333333333333333,0.6666666666666666,0.5,0.5,0.3333333333333333,0.2,0.25,0.625
Albania,ALB,2018,0.527,8.587742861902532,14.868559072065931,UM,39.681,NA,100,0,0,0,NA,NA,0,0,NA,NA,126,47,0.373015873015873,0.3333333333333333,0.5,0.29411764705882354,0.25,0.2,0.14285714285714285,0,0.5555555555555556,0.5454545454545454,0.3333333333333333,0.6666666666666666,0.5,0.5,0.16666666666666666,0.4,0.16666666666666666,0.625
Albania,ALB,2019,0.517,8.605282497348329,14.864298998395611,UM,38.771,NA,100,0,0,0,NA,NA,0,0,NA,NA,126,54,0.42857142857142855,0.3333333333333333,0.6,0.23529411764705882,0.75,0.2,0,0,0.7777777777777778,0.6363636363636364,0.3333333333333333,0.6666666666666666,0.5,0.5,0.3333333333333333,0.2,0.25,0.625
Albania,ALB,2020,0.536,8.588728171964222,14.858556928803171,UM,37.888,NA,100,0,0,0,NA,NA,0,0,NA,NA,126,58,0.4603174603174603,0.3333333333333333,0.6,0.35294117647058826,0.75,0.2,0,0,0.7777777777777778,0.7272727272727273,0.3333333333333333,0.6666666666666666,0.375,0.5,0.6666666666666666,0.2,0.25,0.625
Albania,ALB,2021,0.53,8.766126631882885,14.849287748186777,UM,37.031,NA,100,0,0,0,NA,NA,0,0,NA,NA,126,56,0.4444444444444444,0.3333333333333333,0.6,0.23529411764705882,0.625,0.2,0,0,0.6666666666666666,0.6363636363636364,1,0.6666666666666666,0.5,0.5,0.6666666666666666,0.4,0.25,0.5
Albania,ALB,2022,0.523,8.831482064158417,14.836389747536195,UM,36.201,NA,100,0,0,0,NA,NA,0,0,NA,NA,126,56,0.4444444444444444,0.3333333333333333,0.6,0.47058823529411764,0.125,0.2,0.14285714285714285,0.25,0.6666666666666666,0.6363636363636364,1,0.5,0.375,0.5,0.6666666666666666,0.2,0.25,0.625
Albania,ALB,2023,0.51,9.05662622915278,NA,UM,35.397,NA,100,0,0,0,NA,NA,0,0,NA,NA,126,78,0.6190476190476191,0.3333333333333333,1,0.5294117647058824,0.625,0.4,0.8571428571428571,0.75,0.6666666666666666,0.45454545454545453,1,0.8333333333333334,0.5,0.5,0.6666666666666666,0.2,0.4166666666666667,0.875
United Arab Emirates,ARE,2015,0.094,10.681320428554548,16.04152730070903,H,14.326,0.8657,100,0,0,0,NA,NA,0,0,NA,NA,126,58,0.4603174603174603,0.3333333333333333,0.5,0.29411764705882354,0.625,0.2,0.14285714285714285,0,0.6666666666666666,0.5454545454545454,1,0.5,0.5,0.5,0.16666666666666666,0.4,0.4166666666666667,1
United Arab Emirates,ARE,2016,0.097,10.629256843952971,16.05206000969547,H,14.035,0.9318,100,0,0,0,NA,NA,0,0,NA,NA,126,64,0.5079365079365079,0.3333333333333333,0.5,0.4117647058823529,1,0.2,0.2857142857142857,0,0.7777777777777778,0.36363636363636365,1,0.5,0.5,0.5,0.16666666666666666,0.2,0.6666666666666666,0.875
United Arab Emirates,ARE,2017,0.093,10.65350151979196,16.065454712063588,H,13.752,NA,100,0,0,0,NA,NA,0,0,NA,NA,126,62,0.49206349206349204,0.3333333333333333,0.5,0.35294117647058826,1,0.2,0.2857142857142857,0,0.5555555555555556,0.5454545454545454,1,0.5,0.5,0.5,0.16666666666666666,0.4,0.5,0.875
United Arab Emirates,ARE,2018,0.093,10.72963160476472,16.080494090269923,H,13.478,1.26389,100,0,0,0,NA,NA,0,0,NA,NA,126,50,0.3968253968253968,0.3333333333333333,0.5,0.35294117647058826,0.375,0.2,0.2857142857142857,0,0.5555555555555556,0.36363636363636365,0.3333333333333333,0.5,0.5,0.5,0,0.4,0.5,0.625
United Arab Emirates,ARE,2019,0.1,10.697643511817038,16.09488086085019,H,13.211,1.31065,100,0,0,0,NA,NA,0,0,NA,NA,126,53,0.42063492063492064,0.3333333333333333,0.5,0.23529411764705882,0.5,0.2,0.2857142857142857,0,0.7777777777777778,0.45454545454545453,1,0.5,0.375,0.5,0.3333333333333333,0.2,0.4166666666666667,0.625
United Arab Emirates,ARE,2020,0.101,10.52336151962666,16.107075147674855,H,12.952,1.48831,100,0,0,0,NA,NA,0,0,NA,NA,126,59,0.46825396825396826,0.3333333333333333,0.6,0.4117647058823529,0.625,0.2,0.2857142857142857,0,0.7777777777777778,0.45454545454545453,1,0.3333333333333333,0.375,0.5,0.6666666666666666,0.4,0.4166666666666667,0.5
United Arab Emirates,ARE,2021,0.099,10.677293122737026,16.117203553157378,H,12.701,1.49469,100,0,0,0,NA,NA,0,0,NA,NA,126,56,0.4444444444444444,0.3333333333333333,0.5,0.29411764705882354,0.625,0.2,0.2857142857142857,0,0.6666666666666666,0.45454545454545453,1,0.5,0.5,0.5,0.6666666666666666,0.4,0.4166666666666667,0.375
United Arab Emirates,ARE,2022,0.102,10.817757550101248,16.060586128428106,H,12.457,NA,100,0,0,0,NA,NA,0,0,NA,NA,126,56,0.4444444444444444,0.3333333333333333,0.5,0.47058823529411764,0.25,0.2,0.2857142857142857,0.25,0.6666666666666666,0.5454545454545454,1,0.5,0.375,0.5,0.6666666666666666,0.2,0.3333333333333333,0.5
United Arab Emirates,ARE,2023,0.102,10.800405737516268,NA,H,12.221,NA,100,0,0,0,NA,NA,0,0,NA,NA,126,77,0.6111111111111112,0.3333333333333333,1,0.5882352941176471,0.625,0.4,0.8571428571428571,0.75,0.6666666666666666,0.36363636363636365,1,0.8333333333333334,0.375,0.25,0.6666666666666666,0.4,0.5,0.75
Argentina,ARG,2015,0.771,9.52366288817224,17.579774950705943,UM,8.497,0.62262,99.7,0,0,0,NA,NA,0,0,NA,NA,126,52,0.4126984126984127,0.3333333333333333,0.5,0.17647058823529413,0.625,0.2,0.2857142857142857,0,0.6666666666666666,0.5454545454545454,1,0.5,0.5,0.25,0.16666666666666666,0.4,0.25,0.75
Argentina,ARG,2016,0.757,9.449354304725745,17.59034676648222,UM,8.373,0.55815,99.9,0,0,0,NA,NA,0,0,NA,NA,126,55,0.4365079365079365,0.3333333333333333,0.5,0.29411764705882354,0.625,0.2,0.2857142857142857,0,0.7777777777777778,0.45454545454545453,0.3333333333333333,0.5,0.5,0.5,0.16666666666666666,0.2,0.5833333333333334,0.625
Argentina,ARG,2017,0.753,9.58414286357,17.60071810545087,H,8.251,0.55631,100,0,0,0,NA,NA,0,0,NA,NA,126,48,0.38095238095238093,0.3333333333333333,0.5,0.23529411764705882,0.625,0,0.7142857142857143,0,0.5555555555555556,0.45454545454545453,0.3333333333333333,0.5,0.375,0.5,0.16666666666666666,0.2,0.16666666666666666,0.625
Argentina,ARG,2018,0.789,9.371846779696746,17.61087618894167,UM,8.13,0.4883,100,0,0,0,NA,NA,0,0,NA,NA,126,44,0.3492063492063492,0.3333333333333333,0.3,0.23529411764705882,0.25,0,0.7142857142857143,0,0.5555555555555556,0.45454545454545453,0.3333333333333333,0.5,0.5,0.25,0,0.4,0.25,0.625
Argentina,ARG,2019,0.789,9.205928131041528,17.6208101638746,UM,8.009,0.47813,100,0,0,0,NA,NA,0,0,NA,NA,126,50,0.3968253968253968,0.3333333333333333,0.6,0.11764705882352941,0.625,0,0.5714285714285714,0,0.7777777777777778,0.45454545454545453,0.3333333333333333,0.5,0.375,0.5,0.3333333333333333,0.2,0.25,0.625
Argentina,ARG,2020,0.812,9.052000858890512,17.630510703788982,UM,7.889,0.54126,100,0,0,0,NA,NA,0,0,NA,NA,126,53,0.42063492063492064,0.3333333333333333,0.6,0.29411764705882354,0.625,0,0.7142857142857143,0,0.7777777777777778,0.45454545454545453,0.3333333333333333,0.3333333333333333,0.375,0.5,0.6666666666666666,0.2,0.16666666666666666,0.5
Argentina,ARG,2021,0.808,9.281545799820757,17.639985613382322,UM,7.771,0.52216,100,0,0,0,NA,NA,0,0,NA,NA,126,55,0.4365079365079365,0.3333333333333333,0.6,0.29411764705882354,0.625,0,0.7142857142857143,0,0.6666666666666666,0.45454545454545453,0.3333333333333333,0.5,0.5,0.25,0.6666666666666666,0.4,0.25,0.5
Argentina,ARG,2022,0.835,9.54220781636779,17.64924396811894,UM,7.65300000000001,0.54947,100,0,0,0,NA,NA,0,0,NA,NA,126,55,0.4365079365079365,0.3333333333333333,0.5,0.5294117647058824,0.25,0,0.7142857142857143,0.25,0.6666666666666666,0.45454545454545453,0.3333333333333333,0.5,0.375,0.5,0.6666666666666666,0.2,0.25,0.5
Argentina,ARG,2023,0.84,9.560115356954295,NA,UM,7.53700000000001,NA,100,0,0,0,NA,NA,0,1,2024,2024,126,79,0.626984126984127,0.3333333333333333,0.9,0.5294117647058824,1,0.2,0.8571428571428571,0.75,0.6666666666666666,0.36363636363636365,1,0.8333333333333334,0.5,0.5,0.6666666666666666,0.2,0.5,0.875
Armenia,ARM,2015,0.35,8.164052993751753,14.888996131499804,LM,36.915,0.25002,100,0,1,0,2010,2019,0,0,NA,NA,126,61,0.48412698412698413,0.3333333333333333,0.5,0.29411764705882354,0.75,0.2,0,0,0.7777777777777778,0.5454545454545454,0.3333333333333333,0.5,0.5,0.5,1,0.4,0.5,0.75
Armenia,ARM,2016,0.356,8.167472515830777,14.892608735583067,LM,36.918,0.23305,99.8,0,1,0,2010,2019,0,0,NA,NA,126,53,0.42063492063492064,0.3333333333333333,0.2,0.29411764705882354,0.5,0.2,0,0,0.7777777777777778,0.45454545454545453,0.3333333333333333,0.5,0.5,0.5,1,0.2,0.5,0.625
Armenia,ARM,2017,0.386,8.260765244239618,14.895547725641984,UM,36.897,0.22788,99.7,0,1,0,2010,2019,0,0,NA,NA,126,57,0.4523809523809524,0.3333333333333333,0.5,0.29411764705882354,0.5,0.2,0,0,0.6666666666666666,0.5454545454545454,0.3333333333333333,0.5,0.5,0.5,1,0.2,0.5833333333333334,0.625
Armenia,ARM,2018,0.529,8.341888309601085,14.897905723726002,UM,36.851,0.18876,99.9,1,1,0,2010,2019,0,0,NA,NA,126,58,0.4603174603174603,0.3333333333333333,0.5,0.35294117647058826,0.625,0.2,0,0,0.6666666666666666,0.45454545454545453,0.3333333333333333,0.5,0.5,0.5,0.8333333333333334,0.4,0.5833333333333334,0.625
Armenia,ARM,2019,0.8,8.433208982254484,14.899931964001864,UM,36.781,0.17854,100,0,1,0,2010,2019,0,1,2020,2024,126,59,0.46825396825396826,0.3333333333333333,0.6,0.23529411764705882,0.625,0.2,0,0,0.8888888888888888,0.5454545454545454,0.3333333333333333,0.5,0.375,0.5,1,0.2,0.5833333333333334,0.625
Armenia,ARM,2020,0.784,8.359060143510316,14.901791797450244,UM,36.687,0.2092,100,0,0,0,NA,NA,1,0,2020,2024,126,61,0.48412698412698413,0.3333333333333333,0.6,0.4117647058823529,0.5,0.2,0,0,0.8888888888888888,0.5454545454545454,0.3333333333333333,0.5,0.375,0.5,1,0.2,0.5833333333333334,0.625
Armenia,ARM,2021,0.729,8.452159608235673,14.903442009024117,UM,36.569,0.20557,100,0,0,0,NA,NA,1,0,2020,2024,126,60,0.47619047619047616,0.3333333333333333,0.6,0.29411764705882354,0.625,0.2,0,0,0.7777777777777778,0.5454545454545454,0.3333333333333333,0.5,0.5,0.5,1,0.4,0.5833333333333334,0.5
Armenia,ARM,2022,0.651,8.79056959220499,14.838130176473696,UM,36.427,0.20955,100,0,0,0,NA,NA,1,0,2020,2024,126,68,0.5396825396825397,0.3333333333333333,0.6,0.5294117647058824,0.625,0.2,0.14285714285714285,0.25,0.7777777777777778,0.5454545454545454,0.3333333333333333,0.5,0.375,0.5,1,0.2,0.8333333333333334,0.625
Armenia,ARM,2023,0.634,8.993801295897487,NA,UM,36.261,0.18115,100,0,0,0,NA,NA,1,0,2020,2024,126,83,0.6587301587301587,0.3333333333333333,1,0.5294117647058824,0.625,0.4,0.8571428571428571,0.75,0.7777777777777778,0.2727272727272727,1,0.8333333333333334,0.5,0.5,1,0.2,0.8333333333333334,0.75
Australia,AUS,2015,0.866,10.946217551536074,16.98586797173483,H,14.299,1.91902,100,0,0,0,NA,NA,0,0,NA,NA,126,42,0.3333333333333333,0.3333333333333333,0.5,0.17647058823529413,0.25,0,0.14285714285714285,0,0.4444444444444444,0.36363636363636365,1,0.3333333333333333,0.375,0.25,0.16666666666666666,0.4,0.25,0.875
Australia,AUS,2016,0.871,10.81753659530168,17.001487376715872,H,14.2,NA,100,0,0,0,NA,NA,0,0,NA,NA,126,44,0.3492063492063492,0,0.5,0.17647058823529413,0.5,0,0.14285714285714285,0,0.5555555555555556,0.36363636363636365,0,0.3333333333333333,0.375,0.5,0.16666666666666666,0.2,0.5833333333333334,0.75
Australia,AUS,2017,0.87,10.894917566038668,17.018332607800414,H,14.096,1.87919,100,0,0,0,NA,NA,0,0,NA,NA,126,41,0.3253968253968254,0.3333333333333333,0.5,0.11764705882352941,0.5,0,0.14285714285714285,0,0.3333333333333333,0.36363636363636365,1,0.3333333333333333,0.375,0.5,0.16666666666666666,0.2,0.25,0.75
Australia,AUS,2018,0.861,10.95424662436254,17.033693662957454,H,13.988,NA,100,0,0,0,NA,NA,0,0,NA,NA,126,33,0.2619047619047619,0,0.5,0.23529411764705882,0.125,0,0.14285714285714285,0,0.3333333333333333,0.36363636363636365,0,0.3333333333333333,0.375,0.25,0,0.4,0.25,0.5
Australia,AUS,2019,0.825,10.91459200991065,17.048910199732365,H,13.876,1.8257,100,0,0,0,NA,NA,0,0,NA,NA,126,42,0.3333333333333333,0.3333333333333333,0.6,0.058823529411764705,0.5,0,0.14285714285714285,0,0.5555555555555556,0.36363636363636365,1,0.3333333333333333,0.25,0.5,0.3333333333333333,0.2,0.25,0.625
Australia,AUS,2020,0.841,10.854982097921486,17.061739531105733,H,13.759,NA,100,0,0,0,NA,NA,0,0,NA,NA,126,45,0.35714285714285715,0,0.6,0.29411764705882354,0.5,0,0.14285714285714285,0,0.5555555555555556,0.45454545454545453,0.3333333333333333,0.3333333333333333,0.25,0.5,0.6666666666666666,0.2,0.25,0.5
Australia,AUS,2021,0.829,11.012178527845853,17.06352785528561,H,13.638,1.85509,100,0,0,0,NA,NA,0,0,NA,NA,126,44,0.3492063492063492,0.3333333333333333,0.6,0.17647058823529413,0.5,0,0.14285714285714285,0,0.4444444444444444,0.36363636363636365,1,0.5,0.375,0.25,0.6666666666666666,0.4,0.08333333333333333,0.5
Australia,AUS,2022,0.851,11.08209660397617,17.072796575294895,H,13.512,NA,100,0,0,0,NA,NA,0,0,NA,NA,126,47,0.373015873015873,0.3333333333333333,0.4,0.29411764705882354,0.25,0,0.14285714285714285,0.25,0.4444444444444444,0.45454545454545453,1,0.6666666666666666,0.375,0.5,0.6666666666666666,0.2,0.25,0.5
Australia,AUS,2023,0.854,11.07938354308843,NA,H,13.383,NA,100,0,0,0,NA,NA,0,0,NA,NA,126,72,0.5714285714285714,0.3333333333333333,1,0.5882352941176471,0.625,0.2,0.8571428571428571,0.75,0.5555555555555556,0.36363636363636365,1,0.6666666666666666,0.5,0.5,0.6666666666666666,0.2,0.25,0.75
Austria,AUT,2015,0.873,10.69001641864105,15.972225476257696,H,42.285,3.04969,100,0,0,0,NA,NA,0,0,NA,NA,126,44,0.3492063492063492,0,0.5,0.17647058823529413,0.125,0,0.14285714285714285,0,0.4444444444444444,0.18181818181818182,0,0.6666666666666666,0.375,0.25,1,0.4,0.4166666666666667,0.875
Austria,AUT,2016,0.851,10.715783488843185,15.983039439244974,H,42.095,3.11655,100,0,0,0,NA,NA,0,0,NA,NA,126,48,0.38095238095238093,0,0.5,0.23529411764705882,0.5,0,0,0,0.5555555555555556,0.09090909090909091,0,0.6666666666666666,0.375,0.5,1,0.2,0.5833333333333334,0.75
Austria,AUT,2017,0.853,10.761380710705248,15.989985650281024,H,41.906,3.05656,100,0,0,0,NA,NA,0,0,NA,NA,126,43,0.3412698412698413,0,0.5,0.17647058823529413,0.5,0,0.14285714285714285,0,0.3333333333333333,0.18181818181818182,0,0.6666666666666666,0.375,0.5,1,0.2,0.25,0.75
Austria,AUT,2018,0.853,10.843379081284295,15.994856369528714,H,41.703,3.09182,100,0,0,0,NA,NA,0,0,NA,NA,126,36,0.2857142857142857,0,0.5,0.23529411764705882,0.125,0,0,0,0.3333333333333333,0.09090909090909091,0,0.6666666666666666,0.375,0.25,0.8333333333333334,0.4,0.25,0.5
Austria,AUT,2019,0.862,10.81749557581232,15.999303105918765,H,41.485,3.13265,100,0,0,0,NA,NA,0,0,NA,NA,126,40,0.31746031746031744,0,0.5,0.058823529411764705,0.5,0,0,0,0.5555555555555556,0.18181818181818182,0,0.6666666666666666,0.25,0.5,1,0.2,0.25,0.625
Austria,AUT,2020,0.859,10.793771211039738,16.003454873234418,H,41.252,3.20278,100,0,0,0,NA,NA,0,0,NA,NA,126,42,0.3333333333333333,0,0.6,0.29411764705882354,0.5,0,0,0,0.5555555555555556,0.18181818181818182,0,0.3333333333333333,0.25,0.5,1,0.2,0.25,0.5
Austria,AUT,2021,0.851,10.89021287209814,16.007865408515695,H,41.005,3.26361,100,0,0,0,NA,NA,0,0,NA,NA,126,39,0.30952380952380953,0,0.6,0.17647058823529413,0.375,0,0,0,0.4444444444444444,0.2727272727272727,0,0.6666666666666666,0.375,0.25,1,0.4,0.08333333333333333,0.375
Austria,AUT,2022,0.836,10.86239064154649,16.017449339292398,H,40.744,3.20048,100,0,0,0,NA,NA,0,0,NA,NA,126,45,0.35714285714285715,0,0.4,0.4117647058823529,0.125,0,0.14285714285714285,0.25,0.4444444444444444,0.2727272727272727,0.3333333333333333,0.6666666666666666,0.375,0.5,1,0.2,0.25,0.5
Austria,AUT,2023,0.844,10.933706322034084,NA,H,40.47,NA,100,0,0,0,NA,NA,0,0,NA,NA,126,69,0.5476190476190477,0.3333333333333333,0.9,0.5294117647058824,0.5,0.2,0.8571428571428571,0.75,0.5555555555555556,0.36363636363636365,1,0.6666666666666666,0.375,0.25,1,0.2,0.25,0.75
Azerbaijan,AZE,2015,0.195,8.612594939028103,16.08240018082785,UM,45.286,0.22232,100,0,0,0,NA,NA,0,0,NA,NA,126,63,0.5,0.3333333333333333,0.5,0.23529411764705882,0.5,0.2,0,0,0.7777777777777778,0.5454545454545454,1,0.6666666666666666,0.375,0.5,1,0.4,0.75,0.75
Azerbaijan,AZE,2016,0.199,8.263767022179104,16.09357875292924,UM,44.979,0.20637,100,0,0,0,NA,NA,0,0,NA,NA,126,60,0.47619047619047616,0.3333333333333333,0.5,0.29411764705882354,0.5,0.2,0,0,0.7777777777777778,0.5454545454545454,1,0.6666666666666666,0.375,0.5,1,0.2,0.5833333333333334,0.625
Azerbaijan,AZE,2017,0.2,8.330188238704682,16.10339137097429,UM,44.657,0.18468,100,0,0,0,NA,NA,0,0,NA,NA,126,58,0.4603174603174603,0.3333333333333333,0.5,0.23529411764705882,0.5,0.2,0,0,0.6666666666666666,0.5454545454545454,1,0.6666666666666666,0.375,0.5,1,0.2,0.5833333333333334,0.625
Azerbaijan,AZE,2018,0.193,8.463749019654744,16.112054540137997,UM,44.32,0.18416,100,0,0,0,NA,NA,0,0,NA,NA,126,60,0.47619047619047616,0.3333333333333333,0.5,0.29411764705882354,0.625,0.2,0,0,0.6666666666666666,0.5454545454545454,1,0.6666666666666666,0.375,0.5,0.8333333333333334,0.4,0.5833333333333334,0.625
Azerbaijan,AZE,2019,0.194,8.477569170289227,16.120521007402136,UM,43.969,0.20013,100,0,0,0,NA,NA,0,0,NA,NA,126,60,0.47619047619047616,0.3333333333333333,0.6,0.17647058823529413,0.625,0.2,0,0,0.8888888888888888,0.5454545454545454,1,0.6666666666666666,0.25,0.5,1,0.2,0.5833333333333334,0.625
Azerbaijan,AZE,2020,0.193,8.349936148649379,16.12736466065602,UM,43.603,0.2239,100,0,0,0,NA,NA,0,0,NA,NA,126,64,0.5079365079365079,0.3333333333333333,0.6,0.35294117647058826,0.625,0.2,0.2857142857142857,0,0.8888888888888888,0.5454545454545454,1,0.5,0.25,0.5,1,0.2,0.5833333333333334,0.625
Azerbaijan,AZE,2021,0.193,8.595643003782312,16.132512428017307,UM,43.224,0.20836,100,0,0,0,NA,NA,0,0,NA,NA,126,66,0.5238095238095238,0.3333333333333333,0.6,0.23529411764705882,0.625,0.2,0.2857142857142857,0,0.8888888888888888,0.5454545454545454,1,0.6666666666666666,0.375,0.5,1,0.4,0.75,0.5
Azerbaijan,AZE,2022,0.186,8.958101917014085,16.13544586177327,UM,42.83,0.1513,100,0,0,0,NA,NA,0,0,NA,NA,126,67,0.5317460317460317,0.3333333333333333,0.6,0.47058823529411764,0.625,0.2,0.42857142857142855,0.25,0.6666666666666666,0.45454545454545453,1,0.6666666666666666,0.375,0.5,1,0.2,0.5833333333333334,0.625
Azerbaijan,AZE,2023,0.188,8.8714925175682,NA,UM,42.423,0.18178,100,0,0,0,NA,NA,0,0,NA,NA,126,83,0.6587301587301587,0.3333333333333333,1,0.5294117647058824,0.5,0.4,0.8571428571428571,0.75,0.7777777777777778,0.36363636363636365,1,0.8333333333333334,0.5,0.5,1,0.2,0.8333333333333334,0.75
Burundi,BDI,2015,0.199,5.638236624288412,16.133972346565702,L,87.922,NA,7.9,0,0,0,NA,NA,1,0,2009,2016,126,68,0.5396825396825397,0.3333333333333333,0.6,0.29411764705882354,0.625,0.2,0.2857142857142857,0,0.7777777777777778,0.7272727272727273,1,0.5,0.5,0.5,1,0.4,0.5833333333333334,0.75
Burundi,BDI,2016,0.167,5.46080266843041,16.16574249511978,L,87.612,NA,8.5,0,0,0,NA,NA,1,0,2009,2016,126,63,0.5,0.3333333333333333,0.3,0.35294117647058826,0.5,0.2,0.42857142857142855,0,0.7777777777777778,0.6363636363636364,1,0.5,0.5,0.5,1,0.2,0.5833333333333334,0.625
Burundi,BDI,2017,0.157,5.4667701643250135,16.197554495909493,L,87.294,NA,9.3,0,0,0,NA,NA,0,0,NA,NA,126,64,0.5079365079365079,0.3333333333333333,0.6,0.29411764705882354,0.5,0.2,0.42857142857142855,0,0.7777777777777778,0.6363636363636364,1,0.5,0.5,0.5,1,0.2,0.5,0.625
Burundi,BDI,2018,0.159,5.415653157316445,16.22922361287762,L,86.968,0.21312,9.5,0,0,0,NA,NA,0,0,NA,NA,126,65,0.5158730158730159,0.3333333333333333,0.4,0.35294117647058826,0.625,0.2,0.42857142857142855,0,0.6666666666666666,0.45454545454545453,1,0.5,0.5,0.5,0.8333333333333334,0.4,0.75,0.75
Burundi,BDI,2019,0.161,5.348233061355867,16.26051293435825,L,86.634,NA,9.8,0,0,0,NA,NA,0,0,NA,NA,126,67,0.5317460317460317,0.3333333333333333,0.5,0.23529411764705882,0.625,0.2,0.42857142857142855,0,0.8888888888888888,0.6363636363636364,1,0.5,0.375,0.5,1,0.2,0.8333333333333334,0.625
Burundi,BDI,2020,0.17,5.347146291394836,16.291273951959727,L,86.292,NA,9.1,0,0,0,NA,NA,0,0,NA,NA,126,68,0.5396825396825397,0.3333333333333333,0.5,0.4117647058823529,0.625,0.2,0.42857142857142855,0,0.8888888888888888,0.6363636363636364,0.3333333333333333,0.5,0.375,0.5,1,0.2,0.8333333333333334,0.625
Burundi,BDI,2021,0.184,5.3664032854111,16.3214795804516,L,85.942,NA,10.2,0,0,0,NA,NA,0,0,NA,NA,126,76,0.6031746031746031,0.3333333333333333,0.7,0.35294117647058826,1,0.2,0.42857142857142855,0,0.8888888888888888,0.7272727272727273,1,0.5,0.5,0.5,1,0.4,0.8333333333333334,0.5
Burundi,BDI,2022,0.192,5.5239946069594374,16.371929480658302,L,85.583,NA,10.3,0,0,0,NA,NA,0,0,NA,NA,126,70,0.5555555555555556,0.3333333333333333,0.4,0.5294117647058824,0.875,0.2,0.42857142857142855,0.25,0.7777777777777778,0.6363636363636364,1,0.5,0.25,0.25,1,0.2,0.6666666666666666,0.75
Burundi,BDI,2023,0.188,5.262727212053718,NA,L,85.216,NA,11.6,0,0,0,NA,NA,0,0,NA,NA,126,92,0.7301587301587301,0.3333333333333333,1,0.5882352941176471,1,0.4,0.8571428571428571,0.75,0.7777777777777778,0.6363636363636364,1,0.8333333333333334,0.5,0.5,1,0.2,0.8333333333333334,0.875
Belgium,BEL,2015,0.902,10.618733852317296,16.238027132606476,H,2.124,2.42817,100,0,0,0,NA,NA,0,0,NA,NA,126,41,0.3253968253968254,0.3333333333333333,0.5,0.23529411764705882,0.125,0,0,0,0.4444444444444444,0.2727272727272727,0.6666666666666666,0.5,0.375,0.25,0.3333333333333333,0.4,0.3333333333333333,0.75
Belgium,BEL,2016,0.902,10.64195578757102,16.24309013263099,H,2.081,2.52338,100,0,0,0,NA,NA,0,0,NA,NA,126,48,0.38095238095238093,0.3333333333333333,0.5,0.29411764705882354,0.5,0,0,0,0.5555555555555556,0.09090909090909091,0.6666666666666666,0.5,0.375,0.5,0.3333333333333333,0.2,0.75,0.625
Belgium,BEL,2017,0.901,10.692747407633531,16.24694241281471,H,2.039,2.66666,100,0,0,0,NA,NA,0,0,NA,NA,126,41,0.3253968253968254,0.3333333333333333,0.5,0.23529411764705882,0.5,0,0,0,0.3333333333333333,0.18181818181818182,0.6666666666666666,0.5,0.375,0.5,0.3333333333333333,0.2,0.3333333333333333,0.625
Belgium,BEL,2018,0.901,10.768215691449337,16.251494259767462,H,1.999,2.86018,100,0,0,0,NA,NA,0,0,NA,NA,126,31,0.24603174603174602,0,0.5,0.23529411764705882,0.125,0,0,0,0.3333333333333333,0.09090909090909091,0,0.5,0.375,0.25,0.16666666666666666,0.4,0.3333333333333333,0.375
Belgium,BEL,2019,0.9,10.751855327860168,16.256898873038445,H,1.959,3.1566,100,0,0,0,NA,NA,0,0,NA,NA,126,39,0.30952380952380953,0,0.6,0.17647058823529413,0.5,0,0,0,0.5555555555555556,0.18181818181818182,0,0.5,0.25,0.5,0.3333333333333333,0.2,0.4166666666666667,0.5
Belgium,BEL,2020,0.894,10.734357370980868,16.261697255863805,H,1.92100000000001,3.39175,100,0,0,0,NA,NA,0,0,NA,NA,126,42,0.3333333333333333,0,0.6,0.35294117647058826,0.5,0,0,0,0.5555555555555556,0.18181818181818182,0,0.3333333333333333,0.25,0.5,0.6666666666666666,0.2,0.4166666666666667,0.375
Belgium,BEL,2021,0.895,10.852357536613225,16.265470454871654,H,1.883,3.39239,100,0,0,0,NA,NA,0,0,NA,NA,126,39,0.30952380952380953,0,0.6,0.23529411764705882,0.375,0,0,0,0.4444444444444444,0.2727272727272727,0,0.5,0.375,0.25,0.6666666666666666,0.4,0.25,0.375
Belgium,BEL,2022,0.895,10.835793448510358,16.272484530985086,H,1.84699999999999,3.40544,100,0,0,0,NA,NA,0,0,NA,NA,126,43,0.3412698412698413,0,0.4,0.47058823529411764,0.125,0,0.14285714285714285,0.25,0.4444444444444444,0.2727272727272727,0.3333333333333333,0.5,0.25,0.5,0.6666666666666666,0.2,0.3333333333333333,0.5
Belgium,BEL,2023,0.895,10.909635612037896,NA,H,1.81100000000001,NA,100,0,0,0,NA,NA,0,0,NA,NA,126,75,0.5952380952380952,0.3333333333333333,0.9,0.5294117647058824,0.75,0.4,0.8571428571428571,0.75,0.5555555555555556,0.36363636363636365,1,0.6666666666666666,0.5,0.5,0.6666666666666666,0.2,0.5,0.75
Benin,BEN,2015,0.661,6.910171227227518,16.174094248026304,L,54.305,NA,29.6,0,1,0,2014,2016,0,0,NA,NA,126,65,0.5158730158730159,0.3333333333333333,0.5,0.29411764705882354,0.875,0.2,0.14285714285714285,0,0.7777777777777778,0.6363636363636364,0.3333333333333333,0.5,0.5,0.5,0.3333333333333333,0.4,0.8333333333333334,0.875
Benin,BEN,2016,0.713,6.918234080071298,16.201707857307746,L,53.771,NA,37,0,1,0,2014,2016,0,0,NA,NA,126,64,0.5079365079365079,0.3333333333333333,0.5,0.35294117647058826,0.625,0.2,0.2857142857142857,0,0.7777777777777778,0.5454545454545454,1,0.5,0.5,0.5,0.3333333333333333,0.2,0.8333333333333334,0.75
Benin,BEN,2017,0.709,6.961271477835862,16.229206879524366,L,53.232,NA,34.5,0,0,0,NA,NA,0,1,2018,2021,126,62,0.49206349206349204,0.3333333333333333,0.5,0.29411764705882354,0.75,0.2,0.2857142857142857,0,0.6666666666666666,0.6363636363636364,1,0.5,0.5,0.5,0.3333333333333333,0.2,0.6666666666666666,0.75
Benin,BEN,2018,0.618,7.049029963542183,16.256555441553893,L,52.688,NA,39,0,0,0,NA,NA,1,0,2018,2021,126,55,0.4365079365079365,0.3333333333333333,0.3,0.35294117647058826,0.75,0.2,0.2857142857142857,0,0.5555555555555556,0.5454545454545454,0.3333333333333333,0.5,0.5,0.5,0.16666666666666666,0.4,0.5,0.75
Benin,BEN,2019,0.466,7.030699508732768,16.283707627051825,LM,52.139,NA,40,-1,0,0,NA,NA,1,0,2018,2021,126,59,0.46825396825396826,0.3333333333333333,0.6,0.23529411764705882,0.875,0.2,0.2857142857142857,0,0.7777777777777778,0.6363636363636364,1,0.5,0.375,0.5,0.3333333333333333,0.2,0.3333333333333333,0.75
Benin,BEN,2020,0.415,7.087992468324088,16.31063136518629,LM,51.585,NA,41,0,0,0,NA,NA,1,0,2018,2021,126,65,0.5158730158730159,0.3333333333333333,0.6,0.47058823529411764,0.75,0.2,0.2857142857142857,0,0.7777777777777778,0.6363636363636364,1,0.3333333333333333,0.375,0.5,0.6666666666666666,0.2,0.5,0.75
Benin,BEN,2021,0.397,7.184504033442158,16.33731398869131,LM,51.028,NA,42,0,0,1,2022,2024,1,0,2018,2021,126,56,0.4444444444444444,0.3333333333333333,0.3,0.35294117647058826,0.625,0.2,0.2857142857142857,0,0.6666666666666666,0.6363636363636364,0.3333333333333333,0.5,0.5,0.5,0.6666666666666666,0.4,0.3333333333333333,0.625
Benin,BEN,2022,0.436,7.142596275639946,16.407241451637073,LM,50.466,NA,56.5,0,1,0,2022,2024,0,0,NA,NA,126,62,0.49206349206349204,0.3333333333333333,0.5,0.47058823529411764,0.625,0.2,0.2857142857142857,0.25,0.6666666666666666,0.6363636363636364,1,0.5,0.375,0.5,0.6666666666666666,0.2,0.3333333333333333,0.75
Benin,BEN,2023,0.498,7.240200347436168,NA,LM,49.9,NA,57,0,1,0,2022,2024,0,0,NA,NA,126,80,0.6349206349206349,0.3333333333333333,1,0.5294117647058824,1,0.4,0.8571428571428571,0.75,0.6666666666666666,0.45454545454545453,1,0.8333333333333334,0.375,0.25,0.6666666666666666,0.2,0.5,0.875
Burkina Faso,BFA,2015,0.375,6.445917816925629,16.71200884363783,L,72.47,NA,16.2,-1,0,1,2016,2016,1,0,2014,2015,126,58,0.4603174603174603,0.3333333333333333,0.3,0.23529411764705882,0.625,0.2,0.14285714285714285,0,0.6666666666666666,0.6363636363636364,1,0.5,0.5,0.5,1,0.4,0.3333333333333333,0.75
Burkina Faso,BFA,2016,0.69,6.49789406936381,16.741160974444544,L,71.866,NA,16.6,1,1,0,2016,2016,0,0,NA,NA,126,63,0.5,0.3333333333333333,0.3,0.35294117647058826,0.625,0.2,0.2857142857142857,0,0.7777777777777778,0.5454545454545454,1,0.5,0.5,0.5,1,0.2,0.6666666666666666,0.625
Burkina Faso,BFA,2017,0.691,6.563984623840461,16.770068483262055,L,71.257,0.61361,17,0,0,0,NA,NA,0,1,2018,2024,126,59,0.46825396825396826,0.3333333333333333,0.3,0.29411764705882354,0.625,0.2,0.2857142857142857,0,0.5555555555555556,0.5454545454545454,1,0.5,0.5,0.5,1,0.4,0.5,0.625
Burkina Faso,BFA,2018,0.676,6.656039422496852,16.798738274404755,L,70.642,NA,14.4,0,0,0,NA,NA,1,0,2018,2024,126,56,0.4444444444444444,0.3333333333333333,0.3,0.4117647058823529,0.5,0.2,0.2857142857142857,0,0.5555555555555556,0.5454545454545454,0.3333333333333333,0.5,0.5,0.5,0.8333333333333334,0.4,0.4166666666666667,0.625
Burkina Faso,BFA,2019,0.661,6.639683760218182,16.82718423938213,L,70.02,0.17435,17.6,0,0,0,NA,NA,1,0,2018,2024,126,58,0.4603174603174603,0.3333333333333333,0.3,0.23529411764705882,0.5,0.2,0.2857142857142857,0,0.7777777777777778,0.6363636363636364,1,0.5,0.375,0.5,1,0.2,0.5,0.625
Burkina Faso,BFA,2020,0.659,6.71567066482384,16.855416546741864,L,69.393,0.25116,18.5,0,0,0,NA,NA,1,0,2018,2024,126,60,0.47619047619047616,0.3333333333333333,0.4,0.4117647058823529,0.625,0.2,0.2857142857142857,0,0.7777777777777778,0.5454545454545454,1,0.3333333333333333,0.375,0.5,1,0.4,0.3333333333333333,0.625
Burkina Faso,BFA,2021,0.626,6.797421627089515,16.883428460725618,L,68.76,0.25126,19,0,0,0,NA,NA,1,0,2018,2024,126,53,0.42063492063492064,0.3333333333333333,0.3,0.29411764705882354,0.5,0.2,0.2857142857142857,0,0.6666666666666666,0.5454545454545454,0.3333333333333333,0.5,0.5,0.25,1,0.4,0.3333333333333333,0.5
Burkina Faso,BFA,2022,0.296,6.728770115752153,16.936718954900552,L,68.123,NA,19.5,-1,0,0,NA,NA,1,0,2018,2024,126,64,0.5079365079365079,0.3333333333333333,0.6,0.5294117647058824,0.5,0.2,0.2857142857142857,0.25,0.6666666666666666,0.6363636363636364,1,0.5,0.375,0.5,1,0.2,0.3333333333333333,0.625
Burkina Faso,BFA,2023,0.205,6.782973847946867,NA,L,67.48,NA,21.7,0,0,0,NA,NA,1,0,2018,2024,126,81,0.6428571428571429,0.3333333333333333,0.9,0.5294117647058824,0.625,0.4,0.8571428571428571,0.75,0.6666666666666666,0.45454545454545453,1,0.8333333333333334,0.5,0.5,1,0.4,0.5,0.875
Bangladesh,BGD,2015,0.28,7.1101951624169955,18.867008082571303,LM,65.692,NA,74,0,0,0,NA,NA,1,0,2011,2024,126,54,0.42857142857142855,0.3333333333333333,0.3,0.29411764705882354,0.875,0.2,0.14285714285714285,0,0.6666666666666666,0.6363636363636364,1,0.5,0.375,0.5,0.16666666666666666,0.4,0.25,0.75
Bangladesh,BGD,2016,0.279,7.408096417513906,18.87796096660959,LM,64.917,NA,75.9,0,0,0,NA,NA,1,0,2011,2024,126,57,0.4523809523809524,0.3333333333333333,0.5,0.29411764705882354,0.75,0.2,0.14285714285714285,0,0.7777777777777778,0.5454545454545454,0.3333333333333333,0.5,0.5,0.5,0.16666666666666666,0.2,0.6666666666666666,0.625
Bangladesh,BGD,2017,0.273,7.50167985552769,18.888716319099466,LM,64.142,NA,88,0,0,0,NA,NA,1,0,2011,2024,126,51,0.40476190476190477,0.3333333333333333,0.5,0.23529411764705882,0.625,0.2,0.14285714285714285,0,0.5555555555555556,0.6363636363636364,1,0.5,0.5,0.5,0.16666666666666666,0.2,0.25,0.625
Bangladesh,BGD,2018,0.26,7.583371550708462,18.89925202210185,LM,63.368,NA,86.9,0,0,0,NA,NA,1,0,2011,2024,126,49,0.3888888888888889,0.3333333333333333,0.3,0.29411764705882354,0.625,0.2,0.14285714285714285,0,0.5555555555555556,0.45454545454545453,1,0.5,0.5,0.5,0,0.4,0.3333333333333333,0.625
Bangladesh,BGD,2019,0.253,7.663782873967682,18.909543988596333,LM,62.595,NA,92.2,0,0,0,NA,NA,1,0,2011,2024,126,52,0.4126984126984127,0.3333333333333333,0.4,0.17647058823529413,0.875,0.2,0,0,0.7777777777777778,0.6363636363636364,1,0.5,0.5,0.5,0.3333333333333333,0.2,0.16666666666666666,0.625
Bangladesh,BGD,2020,0.257,7.718174603826802,18.91957173041068,LM,61.823,NA,96.2,0,0,0,NA,NA,1,0,2011,2024,126,59,0.46825396825396826,0.3333333333333333,0.6,0.4117647058823529,0.875,0.2,0,0,0.7777777777777778,0.5454545454545454,1,0.3333333333333333,0.375,0.5,0.6666666666666666,0.2,0.4166666666666667,0.5
Bangladesh,BGD,2021,0.252,7.817162041818763,18.929324954164933,LM,61.054,NA,99,0,0,0,NA,NA,1,0,2011,2024,126,57,0.4523809523809524,0.3333333333333333,0.6,0.29411764705882354,0.625,0.2,0,0,0.6666666666666666,0.5454545454545454,1,0.5,0.5,0.25,0.6666666666666666,0.4,0.5,0.5
Bangladesh,BGD,2022,0.262,7.907094385414934,18.958263415699705,LM,60.289,NA,99.4,0,0,0,NA,NA,1,0,2011,2024,126,53,0.42063492063492064,0.3333333333333333,0.2,0.4117647058823529,0.625,0.2,0.14285714285714285,0.25,0.6666666666666666,0.5454545454545454,0.3333333333333333,0.5,0.375,0.5,0.6666666666666666,0.2,0.3333333333333333,0.625
Bangladesh,BGD,2023,0.253,7.844247667157259,NA,LM,59.527,NA,99.5,0,0,0,NA,NA,1,0,2011,2024,126,78,0.6190476190476191,0.3333333333333333,1,0.5294117647058824,0.75,0.4,0.8571428571428571,0.75,0.6666666666666666,0.36363636363636365,1,0.8333333333333334,0.5,0.5,0.6666666666666666,0.2,0.5,0.75
Bulgaria,BGR,2015,0.67,8.864868202402807,15.786530096857753,UM,26.01,0.94947,96.6,0,0,0,NA,NA,0,0,NA,NA,126,43,0.3412698412698413,0,0.5,0.11764705882352941,0.25,0.2,0,0.25,0.5555555555555556,0.36363636363636365,0,0.6666666666666666,0.375,0.5,0.3333333333333333,0.4,0.25,0.875
Bulgaria,BGR,2016,0.671,8.932071410853474,15.77951627587934,UM,25.671,0.77009,97.3,0,0,0,NA,NA,0,0,NA,NA,126,50,0.3968253968253968,0,0.5,0.17647058823529413,0.625,0.2,0.14285714285714285,0.25,0.6666666666666666,0.2727272727272727,0,0.6666666666666666,0.375,0.5,0.3333333333333333,0.2,0.5833333333333334,0.75
Bulgaria,BGR,2017,0.629,9.033827672574754,15.772211844126357,UM,25.331,0.74037,98.1,0,0,0,NA,NA,0,0,NA,NA,126,42,0.3333333333333333,0,0.5,0.11764705882352941,0.625,0.2,0.14285714285714285,0.25,0.4444444444444444,0.18181818181818182,0,0.6666666666666666,0.375,0.5,0.3333333333333333,0.2,0.25,0.75
Bulgaria,BGR,2018,0.617,9.152302785789225,15.764991040074127,UM,24.992,0.75413,98.7,0,0,0,NA,NA,0,0,NA,NA,126,36,0.2857142857142857,0,0.5,0.17647058823529413,0.25,0,0.14285714285714285,0.25,0.4444444444444444,0.09090909090909091,0,0.6666666666666666,0.375,0.5,0.16666666666666666,0.4,0.25,0.5
Bulgaria,BGR,2019,0.611,9.194068763469163,15.757951983662954,UM,24.653,0.83274,99.2,0,0,0,NA,NA,0,0,NA,NA,126,41,0.3253968253968254,0,0.6,0,0.625,0.2,0.14285714285714285,0.25,0.6666666666666666,0.18181818181818182,0,0.6666666666666666,0.25,0.5,0.3333333333333333,0.2,0.25,0.625
Bulgaria,BGR,2020,0.608,9.229999737050036,15.7519495684783,UM,24.314,0.84967,99.7,0,0,0,NA,NA,0,0,NA,NA,126,45,0.35714285714285715,0,0.6,0.23529411764705882,0.625,0.2,0.14285714285714285,0.25,0.6666666666666666,0.18181818181818182,0,0.5,0.25,0.5,0.6666666666666666,0.2,0.25,0.5
Bulgaria,BGR,2021,0.672,9.415244805236371,15.746905149932015,UM,23.975,0.77278,99.8,0,0,0,NA,NA,0,0,NA,NA,126,44,0.3492063492063492,0,0.6,0.11764705882352941,0.5,0.2,0.14285714285714285,0.25,0.5555555555555556,0.2727272727272727,0,0.6666666666666666,0.375,0.5,0.6666666666666666,0.4,0.25,0.375
Bulgaria,BGR,2022,0.692,9.521069917689148,15.681928573942514,UM,23.637,0.75421,100,0,0,0,NA,NA,0,0,NA,NA,126,45,0.35714285714285715,0,0.4,0.35294117647058826,0.25,0,0.14285714285714285,0.5,0.5555555555555556,0.2727272727272727,0.6666666666666666,0.6666666666666666,0.375,0.5,0.6666666666666666,0.2,0.16666666666666666,0.5
Bulgaria,BGR,2023,0.666,9.673164485693311,NA,H,23.299,NA,100,0,0,0,NA,NA,0,0,NA,NA,126,72,0.5714285714285714,0.3333333333333333,0.9,0.47058823529411764,0.75,0.4,0.8571428571428571,0.75,0.5555555555555556,0.36363636363636365,1,0.8333333333333334,0.375,0.25,0.6666666666666666,0.2,0.4166666666666667,0.75
Bahrain,BHR,2015,0.139,10.074666220207726,14.13167293867062,H,11.001,NA,100,0,0,0,NA,NA,0,0,NA,NA,126,68,0.5396825396825397,1,0.8,0.29411764705882354,0.625,0.2,0,0,0.7777777777777778,0.5454545454545454,1,0.8333333333333334,0.5,0.5,0.3333333333333333,0.6,0.6666666666666666,0.75
Bahrain,BHR,2016,0.134,10.077440920163768,14.170238708129135,H,10.91,NA,100,0,0,0,NA,NA,0,0,NA,NA,126,68,0.5396825396825397,1,0.8,0.35294117647058826,0.625,0.2,0,0,0.7777777777777778,0.5454545454545454,1,0.8333333333333334,0.5,0.5,0.3333333333333333,0.4,0.75,0.625
Bahrain,BHR,2017,0.125,10.1179846043795,14.217019182838085,H,10.814,NA,100,0,0,0,NA,NA,0,0,NA,NA,126,66,0.5238095238095238,1,0.8,0.29411764705882354,0.625,0.2,0,0,0.6666666666666666,0.5454545454545454,1,0.8333333333333334,0.5,0.5,0.3333333333333333,0.6,0.6666666666666666,0.625
Bahrain,BHR,2018,0.119,10.178251797336952,14.266229425798144,H,10.713,NA,100,0,0,0,NA,NA,0,0,NA,NA,126,65,0.5158730158730159,1,0.8,0.35294117647058826,0.625,0.2,0,0,0.6666666666666666,0.45454545454545453,1,0.8333333333333334,0.5,0.5,0.16666666666666666,0.6,0.75,0.5
Bahrain,BHR,2019,0.121,10.213166309021492,14.3109163041402,H,10.606,NA,100,0,0,0,NA,NA,0,0,NA,NA,126,62,0.49206349206349204,1,0.7,0.23529411764705882,0.625,0.2,0,0,0.8888888888888888,0.5454545454545454,1,0.8333333333333334,0.375,0.5,0.3333333333333333,0.4,0.5,0.625
Bahrain,BHR,2020,0.122,10.099993223312511,14.347069552221171,H,10.494,NA,100,0,0,0,NA,NA,0,0,NA,NA,126,71,0.5634920634920635,1,0.7,0.47058823529411764,1,0.2,0,0,0.8888888888888888,0.6363636363636364,1,0.5,0.375,0.5,0.6666666666666666,0.6,0.5833333333333334,0.5
Bahrain,BHR,2021,0.125,10.209051599820253,14.374151585260584,H,10.378,NA,100,0,0,0,NA,NA,0,0,NA,NA,126,75,0.5952380952380952,1,0.8,0.4117647058823529,1,0.2,0,0,0.8888888888888888,0.6363636363636364,1,0.8333333333333334,0.5,0.5,0.6666666666666666,0.6,0.5833333333333334,0.625
Bahrain,BHR,2022,0.125,10.32928655430984,14.202290853788206,H,10.257,NA,100,0,0,0,NA,NA,0,0,NA,NA,126,73,0.5793650793650794,1,0.7,0.5882352941176471,0.625,0.2,0.14285714285714285,0.25,0.7777777777777778,0.6363636363636364,1,0.8333333333333334,0.375,0.5,0.6666666666666666,0.4,0.5833333333333334,0.625
Bahrain,BHR,2023,0.129,10.282569689335595,NA,H,10.131,NA,100,0,0,0,NA,NA,0,0,NA,NA,126,87,0.6904761904761905,1,1,0.5882352941176471,0.5,0.4,0.8571428571428571,0.75,0.7777777777777778,0.45454545454545453,1,0.8333333333333334,0.375,0.5,0.6666666666666666,0.6,0.8333333333333334,0.875
Bosnia & Herzegovina,BIH,2015,0.548,8.447255338646512,15.047884796009988,UM,52.827,0.21603,99.7,0,0,0,NA,NA,0,0,NA,NA,126,59,0.46825396825396826,0.3333333333333333,0.5,0.29411764705882354,0.75,0.2,0,0,0.6666666666666666,0.6363636363636364,1,0.6666666666666666,0.5,0.5,0.6666666666666666,0.4,0.25,0.75
Bosnia & Herzegovina,BIH,2016,0.55,8.502803459036107,15.035237511429075,UM,52.482,0.21337,100,0,0,0,NA,NA,0,0,NA,NA,126,61,0.48412698412698413,0.3333333333333333,0.5,0.35294117647058826,0.625,0.2,0.14285714285714285,0,0.7777777777777778,0.45454545454545453,1,0.6666666666666666,0.5,0.5,0.6666666666666666,0.2,0.5833333333333334,0.625
Bosnia & Herzegovina,BIH,2017,0.544,8.58392053813887,15.024928709440015,UM,52.124,0.1978,100,0,0,0,NA,NA,0,0,NA,NA,126,55,0.4365079365079365,0.3333333333333333,0.5,0.29411764705882354,0.625,0.2,0.14285714285714285,0,0.5555555555555556,0.5454545454545454,1,0.6666666666666666,0.5,0.5,0.6666666666666666,0.2,0.25,0.625
Bosnia & Herzegovina,BIH,2018,0.519,8.707457428612564,15.01665807492189,UM,51.755,0.19199,100,0,0,0,NA,NA,0,0,NA,NA,126,54,0.42857142857142855,0.3333333333333333,0.5,0.29411764705882354,0.5,0.2,0.14285714285714285,0,0.5555555555555556,0.45454545454545453,1,0.6666666666666666,0.5,0.5,0.6666666666666666,0.4,0.25,0.625
Bosnia & Herzegovina,BIH,2019,0.521,8.719705428472054,15.00973540495814,UM,51.374,0.19001,100,0,0,0,NA,NA,0,0,NA,NA,126,58,0.4603174603174603,0.3333333333333333,0.6,0.17647058823529413,0.75,0.2,0.42857142857142855,0,0.7777777777777778,0.5454545454545454,1,0.8333333333333334,0.375,0.5,0.5,0.2,0.25,0.625
Bosnia & Herzegovina,BIH,2020,0.523,8.721000815895064,15.00360242510513,UM,50.98,0.20325,100,0,0,0,NA,NA,0,0,NA,NA,126,62,0.49206349206349204,0.3333333333333333,0.6,0.4117647058823529,0.625,0.2,0.42857142857142855,0,0.7777777777777778,0.5454545454545454,1,0.6666666666666666,0.375,0.5,0.8333333333333334,0.2,0.25,0.625
Bosnia & Herzegovina,BIH,2021,0.512,8.894991591306137,14.998298233779472,UM,50.575,0.19035,100,0,0,0,NA,NA,0,0,NA,NA,126,61,0.48412698412698413,0.3333333333333333,0.6,0.29411764705882354,0.625,0.2,0.42857142857142855,0,0.6666666666666666,0.5454545454545454,1,0.8333333333333334,0.5,0.5,0.8333333333333334,0.4,0.25,0.5
Bosnia & Herzegovina,BIH,2022,0.52,8.943191928854525,14.989083740659096,UM,50.159,0.18743,100,0,0,0,NA,NA,0,0,NA,NA,126,63,0.5,0.3333333333333333,0.5,0.5294117647058824,0.5,0.2,0.42857142857142855,0.25,0.6666666666666666,0.5454545454545454,1,0.8333333333333334,0.375,0.5,0.8333333333333334,0.2,0.25,0.625
Bosnia & Herzegovina,BIH,2023,0.512,9.064003475112573,NA,UM,49.731,0.19228,100,0,0,0,NA,NA,0,0,NA,NA,126,73,0.5793650793650794,0.3333333333333333,1,0.5294117647058824,0.625,0.4,0.8571428571428571,0.75,0.6666666666666666,0.2727272727272727,1,0.8333333333333334,0.375,0.25,0.8333333333333334,0.2,0.3333333333333333,0.75
Belarus,BLR,2015,0.25,8.694011057316976,16.062696676631802,UM,22.819,0.49999,97.4,0,0,0,NA,NA,0,0,NA,NA,126,56,0.4444444444444444,0.3333333333333333,0.5,0.29411764705882354,0.625,0.2,0,0,0.6666666666666666,0.5454545454545454,0.3333333333333333,0.6666666666666666,0.375,0.5,1,0.4,0.25,0.75
Belarus,BLR,2016,0.258,8.52511683805047,16.06357388751051,UM,22.339,0.50063,98,0,0,0,NA,NA,0,0,NA,NA,126,58,0.4603174603174603,0.3333333333333333,0.5,0.35294117647058826,0.625,0.2,0,0,0.7777777777777778,0.36363636363636365,0.3333333333333333,0.6666666666666666,0.375,0.5,1,0.2,0.5833333333333334,0.625
Belarus,BLR,2017,0.255,8.663115939084559,16.062476064281004,UM,21.866,0.58411,98.7,0,0,0,NA,NA,0,0,NA,NA,126,52,0.4126984126984127,0.3333333333333333,0.5,0.29411764705882354,0.625,0.2,0,0,0.5555555555555556,0.45454545454545453,0.3333333333333333,0.6666666666666666,0.375,0.5,1,0.2,0.25,0.625
Belarus,BLR,2018,0.255,8.75779200551315,16.06033782221103,UM,21.405,0.60443,99.3,0,0,0,NA,NA,0,0,NA,NA,126,51,0.40476190476190477,0.3333333333333333,0.5,0.35294117647058826,0.5,0.2,0,0,0.5555555555555556,0.36363636363636365,0.3333333333333333,0.6666666666666666,0.375,0.5,0.8333333333333334,0.4,0.25,0.625
Belarus,BLR,2019,0.259,8.830216688519682,16.05831995620132,UM,20.956,0.57733,100,0,0,0,NA,NA,0,1,2020,2024,126,52,0.4126984126984127,0.3333333333333333,0.5,0.23529411764705882,0.5,0.2,0,0,0.7777777777777778,0.45454545454545453,0.3333333333333333,0.6666666666666666,0.25,0.5,1,0.2,0.3333333333333333,0.625
Belarus,BLR,2020,0.21,8.786130351614009,16.054085203698524,UM,20.517,0.53901,100,0,0,0,NA,NA,1,0,2020,2024,126,57,0.4523809523809524,0.3333333333333333,0.6,0.4117647058823529,0.625,0.2,0,0,0.7777777777777778,0.45454545454545453,0.3333333333333333,0.5,0.25,0.25,1,0.2,0.5,0.625
Belarus,BLR,2021,0.174,8.921286552042211,16.04985042848361,UM,20.09,0.45981,100,0,0,0,NA,NA,1,0,2020,2024,126,58,0.4603174603174603,0.3333333333333333,0.5,0.29411764705882354,0.625,0.2,0,0,0.7777777777777778,0.45454545454545453,1,0.6666666666666666,0.25,0.5,1,0.4,0.5,0.5
Belarus,BLR,2022,0.174,8.986527604411721,16.035659355938805,UM,19.674,0.47477,100,0,0,0,NA,NA,1,0,2020,2024,126,64,0.5079365079365079,0.3333333333333333,0.6,0.5294117647058824,0.625,0.2,0.14285714285714285,0.25,0.6666666666666666,0.45454545454545453,1,0.6666666666666666,0.375,0.5,1,0.2,0.4166666666666667,0.625
Belarus,BLR,2023,0.157,8.965596854086312,NA,UM,19.269,0.57843,100,0,0,0,NA,NA,1,0,2020,2024,126,77,0.6111111111111112,0.3333333333333333,1,0.5882352941176471,0.625,0.4,0.8571428571428571,0.75,0.6666666666666666,0.2727272727272727,1,0.8333333333333334,0.5,0.5,1,0.2,0.4166666666666667,0.625
Bolivia,BOL,2015,0.616,8.005037649701274,16.201492603779652,LM,31.607,NA,91.5,0,0,0,NA,NA,1,0,2006,2020,126,60,0.47619047619047616,0.3333333333333333,0.5,0.23529411764705882,0.5,0.2,0.2857142857142857,0,0.6666666666666666,0.7272727272727273,0.3333333333333333,0.6666666666666666,0.5,0.5,1,0.4,0.25,0.875
Bolivia,BOL,2016,0.628,8.018254463734095,16.21629456344476,LM,31.262,NA,91.8,0,0,0,NA,NA,1,0,2006,2020,126,60,0.47619047619047616,0.3333333333333333,0.2,0.35294117647058826,0.5,0.2,0.42857142857142855,0,0.7777777777777778,0.5454545454545454,0.3333333333333333,0.6666666666666666,0.5,0.5,1,0.2,0.5,0.75
Bolivia,BOL,2017,0.621,8.103585929353304,16.230786007576906,LM,30.92,NA,91.8,0,0,0,NA,NA,1,0,2006,2020,126,58,0.4603174603174603,0.3333333333333333,0.5,0.29411764705882354,0.5,0.2,0.42857142857142855,0,0.5555555555555556,0.6363636363636364,0.3333333333333333,0.6666666666666666,0.5,0.5,1,0.2,0.25,0.75
Bolivia,BOL,2018,0.598,8.160725775085018,16.245004915612963,LM,30.575,NA,92.8,0,0,0,NA,NA,1,0,2006,2020,126,58,0.4603174603174603,0.3333333333333333,0.5,0.35294117647058826,0.5,0.2,0.42857142857142855,0,0.5555555555555556,0.6363636363636364,0.3333333333333333,0.6666666666666666,0.5,0.5,0.8333333333333334,0.4,0.25,0.625
Bolivia,BOL,2019,0.477,8.161630774389877,16.25899624916663,LM,30.227,NA,95.1,-1,0,0,NA,NA,1,0,2006,2020,126,58,0.4603174603174603,0.3333333333333333,0.5,0.23529411764705882,0.5,0.2,0.42857142857142855,0,0.7777777777777778,0.7272727272727273,0.3333333333333333,0.6666666666666666,0.375,0.5,1,0.2,0.16666666666666666,0.75
Bolivia,BOL,2020,0.332,8.039138741912257,16.272791524997345,LM,29.877,NA,97.2,0,0,1,2021,2024,1,0,2006,2020,126,60,0.47619047619047616,0.3333333333333333,0.6,0.4117647058823529,0.5,0.2,0.42857142857142855,0,0.7777777777777778,0.6363636363636364,0.3333333333333333,0.5,0.375,0.5,1,0.2,0.25,0.625
Bolivia,BOL,2021,0.606,8.127063354163203,16.28639738774901,LM,29.525,NA,98.6,1,1,0,2021,2024,0,0,NA,NA,126,61,0.48412698412698413,0.3333333333333333,0.6,0.29411764705882354,0.625,0.2,0.42857142857142855,0,0.6666666666666666,0.6363636363636364,0.3333333333333333,0.6666666666666666,0.5,0.5,1,0.4,0.25,0.625
Bolivia,BOL,2022,0.595,8.200817573773374,16.31892078903905,LM,29.17,NA,99.9,0,1,0,2021,2024,0,0,NA,NA,126,65,0.5158730158730159,0.3333333333333333,0.6,0.47058823529411764,0.625,0.2,0.42857142857142855,0.25,0.6666666666666666,0.6363636363636364,1,0.6666666666666666,0.375,0.5,1,0.2,0.25,0.625
Bolivia,BOL,2023,0.586,8.212373088953687,NA,LM,28.814,NA,99.8,0,1,0,2021,2024,0,0,NA,NA,126,79,0.626984126984127,0.3333333333333333,1,0.5294117647058824,0.625,0.4,0.8571428571428571,0.75,0.6666666666666666,0.5454545454545454,1,0.8333333333333334,0.375,0.25,1,0.2,0.4166666666666667,0.875
Brazil,BRA,2015,0.868,9.097865343416556,19.13594042611124,UM,14.23,1.37093,99.7,0,0,0,NA,NA,1,0,2015,2021,126,40,0.31746031746031744,0.3333333333333333,0.5,0.17647058823529413,0.25,0,0,0,0.5555555555555556,0.36363636363636365,0.3333333333333333,0.5,0.5,0.25,0.16666666666666666,0.4,0.16666666666666666,0.75
Brazil,BRA,2016,0.778,9.086621991130604,19.144177947636624,UM,13.958,1.28637,99.7,0,0,0,NA,NA,1,0,2015,2021,126,45,0.35714285714285715,0,0.5,0.23529411764705882,0.625,0,0.14285714285714285,0,0.6666666666666666,0.18181818181818182,0,0.5,0.5,0.5,0.16666666666666666,0.2,0.5,0.625
Brazil,BRA,2017,0.773,9.218359064158598,19.152249400091083,UM,13.691,1.1175,99.8,0,0,0,NA,NA,1,0,2015,2021,126,41,0.3253968253968254,0,0.5,0.17647058823529413,0.625,0,0.14285714285714285,0,0.4444444444444444,0.2727272727272727,0,0.6666666666666666,0.5,0.5,0.16666666666666666,0.2,0.25,0.625
Brazil,BRA,2018,0.748,9.13784082166442,19.16008784268843,UM,13.431,1.16769,99.7,0,0,0,NA,NA,1,0,2015,2021,126,36,0.2857142857142857,0,0.5,0.23529411764705882,0.25,0,0.14285714285714285,0,0.4444444444444444,0.18181818181818182,0,0.6666666666666666,0.5,0.25,0,0.4,0.25,0.5
Brazil,BRA,2019,0.691,9.108289181899478,19.1676033511094,UM,13.176,1.21096,99.8,0,0,0,NA,NA,1,0,2015,2021,126,39,0.30952380952380953,0,0.3,0.11764705882352941,0.625,0,0,0,0.6666666666666666,0.2727272727272727,0,0.6666666666666666,0.375,0.5,0.3333333333333333,0.2,0.25,0.625
Brazil,BRA,2020,0.696,8.864208763085447,19.174732079020547,UM,12.927,1.14526,99.7,0,0,0,NA,NA,1,0,2015,2021,126,47,0.373015873015873,0,0.6,0.29411764705882354,0.625,0,0.14285714285714285,0,0.6666666666666666,0.36363636363636365,0,0.5,0.375,0.5,0.6666666666666666,0.2,0.25,0.5
Brazil,BRA,2021,0.675,8.983757995926014,19.18145592298371,UM,12.683,NA,99.5,0,0,1,2022,2024,1,0,2015,2021,126,48,0.38095238095238093,0,0.6,0.17647058823529413,0.625,0,0.14285714285714285,0,0.6666666666666666,0.45454545454545453,0,0.6666666666666666,0.5,0.25,0.6666666666666666,0.4,0.25,0.5
Brazil,BRA,2022,0.692,9.135760494769707,19.187605654284877,UM,12.445,NA,100,0,1,0,2022,2024,0,0,NA,NA,126,50,0.3968253968253968,0,0.5,0.5294117647058824,0.25,0,0.14285714285714285,0.25,0.6666666666666666,0.45454545454545453,0,0.6666666666666666,0.375,0.5,0.6666666666666666,0.2,0.25,0.5
Brazil,BRA,2023,0.784,9.239400669402322,NA,UM,12.212,NA,99.8,0,1,0,2022,2024,0,0,NA,NA,126,79,0.626984126984127,0.3333333333333333,1,0.5294117647058824,1,0.2,0.8571428571428571,0.75,0.6666666666666666,0.36363636363636365,1,0.8333333333333334,0.5,0.5,0.6666666666666666,0.2,0.5,0.75
Barbados,BRB,2015,0.776,9.849785642392728,12.561391169947749,H,68.751,NA,100,0,0,0,NA,NA,0,0,NA,NA,126,73,0.5793650793650794,1,0.5,0.35294117647058826,0.75,0.2,0.42857142857142855,0,0.7777777777777778,0.6363636363636364,1,0.8333333333333334,1,0.75,0.3333333333333333,0.6,0.4166666666666667,0.75
Barbados,BRB,2016,0.776,9.855651799221723,12.56304054655279,H,68.807,NA,100,0,0,0,NA,NA,0,0,NA,NA,126,79,0.626984126984127,1,0.5,0.4117647058823529,0.75,0.2,0.5714285714285714,0,0.8888888888888888,0.6363636363636364,1,0.8333333333333334,1,0.75,0.3333333333333333,0.6,0.6666666666666666,0.75
Barbados,BRB,2017,0.774,9.88800636850904,12.564547468714016,H,68.841,NA,100,0,0,0,NA,NA,0,0,NA,NA,126,74,0.5873015873015873,1,0.5,0.4117647058823529,0.75,0.2,0.5714285714285714,0,0.7777777777777778,0.7272727272727273,1,0.8333333333333334,1,0.75,0.3333333333333333,0.4,0.3333333333333333,0.75
Barbados,BRB,2018,0.775,9.906279445074643,12.565982351978835,H,68.853,NA,100,0,0,0,NA,NA,0,0,NA,NA,126,73,0.5793650793650794,1,0.5,0.4117647058823529,0.75,0.2,0.5714285714285714,0,0.7777777777777778,0.7272727272727273,1,0.8333333333333334,1,0.75,0.16666666666666666,0.6,0.3333333333333333,0.625
Barbados,BRB,2019,0.787,9.932256070740827,12.567310662796618,H,68.842,NA,100,0,0,0,NA,NA,0,0,NA,NA,126,72,0.5714285714285714,1,0.6,0.29411764705882354,0.75,0.2,0.5714285714285714,0,0.7777777777777778,0.6363636363636364,1,0.8333333333333334,0.875,0.75,0.3333333333333333,0.6,0.3333333333333333,0.75
Barbados,BRB,2020,0.8,9.81722739749044,12.568529342873353,H,68.809,NA,100,0,0,0,NA,NA,0,0,NA,NA,126,72,0.5714285714285714,1,0.5,0.47058823529411764,0.625,0.2,0.5714285714285714,0,0.7777777777777778,0.6363636363636364,1,0.6666666666666666,0.875,0.75,0.6666666666666666,0.4,0.3333333333333333,0.625
Barbados,BRB,2021,0.789,9.836106911064784,12.569701355896177,H,68.754,NA,100,0,0,0,NA,NA,0,0,NA,NA,126,76,0.6031746031746031,1,0.6,0.4117647058823529,0.625,0.2,0.5714285714285714,0,0.7777777777777778,0.6363636363636364,1,0.8333333333333334,1,0.75,0.6666666666666666,0.6,0.3333333333333333,0.75
Barbados,BRB,2022,0.795,10.00622580441355,12.548367185315415,H,68.676,NA,100,0,0,0,NA,NA,0,0,NA,NA,126,79,0.626984126984127,1,0.6,0.5882352941176471,0.625,0.2,0.5714285714285714,0.25,0.7777777777777778,0.7272727272727273,1,0.8333333333333334,0.875,0.75,0.6666666666666666,0.6,0.3333333333333333,0.625
Barbados,BRB,2023,0.796,10.07760996258775,NA,H,68.575,NA,100,0,0,0,NA,NA,0,0,NA,NA,126,91,0.7222222222222222,1,1,0.5882352941176471,0.625,0.4,1,0.75,0.6666666666666666,0.6363636363636364,1,0.8333333333333334,1,0.75,0.6666666666666666,0.4,0.5833333333333334,0.75
Bhutan,BTN,2015,0.58,7.990929281546967,13.49789834766775,LM,61.322,NA,95.4,0,0,0,NA,NA,0,0,NA,NA,126,69,0.5476190476190477,0.3333333333333333,0.6,0.29411764705882354,0.875,0.2,0,0,0.7777777777777778,0.6363636363636364,1,0.5,0.5,0.5,1,0.4,0.75,0.75
Bhutan,BTN,2016,0.566,8.055890495346391,13.509944177065591,LM,60.572,NA,99.3,0,0,0,NA,NA,0,0,NA,NA,126,67,0.5317460317460317,0.3333333333333333,0.7,0.29411764705882354,0.75,0.2,0.14285714285714285,0,0.7777777777777778,0.5454545454545454,1,0.5,0.5,0.5,1,0.2,0.75,0.625
Bhutan,BTN,2017,0.574,8.141856057909227,13.521894916658663,LM,59.833,NA,97.7,0,0,0,NA,NA,0,0,NA,NA,126,63,0.5,0.3333333333333333,0.7,0.29411764705882354,0.625,0.2,0.14285714285714285,0,0.7777777777777778,0.6363636363636364,0.3333333333333333,0.5,0.5,0.5,1,0.2,0.5833333333333334,0.625
Bhutan,BTN,2018,0.582,8.131590759389523,13.533672708060392,LM,59.105,NA,100,0,0,0,NA,NA,0,0,NA,NA,126,64,0.5079365079365079,0.3333333333333333,0.7,0.35294117647058826,0.625,0.2,0.14285714285714285,0,0.6666666666666666,0.5454545454545454,1,0.5,0.5,0.5,0.8333333333333334,0.4,0.5833333333333334,0.625
Bhutan,BTN,2019,0.601,8.18224615496569,13.54513650058137,LM,58.388,NA,100,0,0,0,NA,NA,0,0,NA,NA,126,67,0.5317460317460317,0.3333333333333333,0.7,0.23529411764705882,0.875,0.2,0.14285714285714285,0,0.8888888888888888,0.6363636363636364,1,0.5,0.5,0.5,1,0.2,0.5833333333333334,0.625
Bhutan,BTN,2020,0.596,8.068299278383064,13.556237111992312,LM,57.684,NA,100,0,0,0,NA,NA,0,0,NA,NA,126,69,0.5476190476190477,0.3333333333333333,0.7,0.4117647058823529,0.625,0.2,0.14285714285714285,0,0.8888888888888888,0.6363636363636364,1,0.5,0.375,0.5,1,0.2,0.75,0.625
Bhutan,BTN,2021,0.571,8.180492450809977,13.566920985318587,LM,56.992,NA,100,0,0,0,NA,NA,0,0,NA,NA,126,72,0.5714285714285714,0.3333333333333333,0.7,0.29411764705882354,0.75,0.2,0.14285714285714285,0,0.8888888888888888,0.7272727272727273,1,0.5,0.5,0.5,1,0.4,0.8333333333333334,0.625
Bhutan,BTN,2022,0.553,8.219144956542658,13.570191691755577,LM,56.314,NA,100,0,0,0,NA,NA,0,0,NA,NA,126,72,0.5714285714285714,0.3333333333333333,0.7,0.5882352941176471,0.625,0.2,0.14285714285714285,0.25,0.7777777777777778,0.6363636363636364,0.3333333333333333,0.5,0.375,0.5,1,0.2,0.8333333333333334,0.75
Bhutan,BTN,2023,0.527,NA,NA,LM,55.65,NA,100,0,0,0,NA,NA,0,0,NA,NA,126,90,0.7142857142857143,0.3333333333333333,1,0.5882352941176471,1,0.4,0.8571428571428571,0.75,0.8888888888888888,0.45454545454545453,1,0.8333333333333334,0.5,0.5,1,0.2,0.8333333333333334,0.75
Botswana,BWA,2015,0.689,8.722776084492804,14.567264325477336,UM,32.845,NA,62.1,0,0,0,NA,NA,1,0,2015,2023,126,61,0.48412698412698413,0.3333333333333333,0.5,0.23529411764705882,0.875,0.2,0.2857142857142857,0,0.6666666666666666,0.6363636363636364,0.3333333333333333,0.5,0.5,0.5,1,0.4,0.3333333333333333,0.75
Botswana,BWA,2016,0.687,8.817158506464224,14.585584056835296,UM,32.067,NA,64.2,0,0,0,NA,NA,1,0,2015,2023,126,68,0.5396825396825397,0.3333333333333333,0.5,0.29411764705882354,1,0.2,0.42857142857142855,0,0.7777777777777778,0.5454545454545454,1,0.5,0.5,0.5,1,0.2,0.6666666666666666,0.625
Botswana,BWA,2017,0.679,8.86854897521225,14.606272533389289,UM,31.3,NA,67.4,0,0,0,NA,NA,1,0,2015,2023,126,63,0.5,0.3333333333333333,0.5,0.23529411764705882,0.875,0.2,0.42857142857142855,0,0.5555555555555556,0.6363636363636364,1,0.5,0.5,0.5,1,0.4,0.4166666666666667,0.625
Botswana,BWA,2018,0.681,8.910310295884432,14.628246698073534,UM,30.554,NA,68.3,0,0,0,NA,NA,1,0,2015,2023,126,64,0.5079365079365079,0.3333333333333333,0.5,0.29411764705882354,1,0.2,0.42857142857142855,0,0.5555555555555556,0.6363636363636364,1,0.5,0.5,0.5,0.8333333333333334,0.4,0.5,0.5
Botswana,BWA,2019,0.657,8.877952322795402,14.650028386238796,UM,29.828,NA,70.1,0,0,0,NA,NA,1,0,2015,2023,126,65,0.5158730158730159,0.3333333333333333,0.6,0.17647058823529413,1,0.2,0.42857142857142855,0,0.7777777777777778,0.6363636363636364,1,0.5,0.375,0.5,1,0.2,0.5,0.625
Botswana,BWA,2020,0.595,8.751998747160954,14.670617136513432,UM,29.123,NA,71.8,0,0,0,NA,NA,1,0,2015,2023,126,66,0.5238095238095238,0.3333333333333333,0.6,0.4117647058823529,1,0.2,0.42857142857142855,0,0.7777777777777778,0.6363636363636364,1,0.3333333333333333,0.375,0.5,1,0.4,0.3333333333333333,0.5
Botswana,BWA,2021,0.591,8.962930541678514,14.689828633560778,UM,28.44,NA,73.7,0,0,0,NA,NA,1,0,2015,2023,126,63,0.5,0.3333333333333333,0.6,0.29411764705882354,1,0.2,0.42857142857142855,0,0.7777777777777778,0.5454545454545454,1,0.5,0.5,0.5,1,0.4,0.25,0.375
Botswana,BWA,2022,0.574,9.027503521081025,14.782606945349466,UM,27.776,NA,75.9,0,0,0,NA,NA,1,0,2015,2023,126,64,0.5079365079365079,0.3333333333333333,0.5,0.5294117647058824,0.75,0.2,0.42857142857142855,0.25,0.5555555555555556,0.5454545454545454,1,0.5,0.375,0.5,1,0.2,0.4166666666666667,0.5
Botswana,BWA,2023,0.558,8.964469552279336,NA,UM,27.133,NA,76,0,0,0,NA,NA,1,0,2015,2023,126,81,0.6428571428571429,0.3333333333333333,0.9,0.5294117647058824,1,0.4,0.8571428571428571,0.75,0.6666666666666666,0.36363636363636365,1,0.8333333333333334,0.375,0.25,1,0.4,0.5,0.875
Central African Republic,CAF,2015,0.283,5.903515059047909,15.31806924653127,L,59.723,NA,12.7,0,1,0,2014,2018,0,0,NA,NA,126,72,0.5714285714285714,0.3333333333333333,0.5,0.4117647058823529,1,0.4,0,0,0.7777777777777778,0.6363636363636364,1,0.5,0.5,0.5,1,0.4,0.75,0.75
Central African Republic,CAF,2016,0.393,5.958879895352635,15.3279270873205,L,59.382,NA,13.4,0,1,0,2014,2018,0,0,NA,NA,126,73,0.5793650793650794,0.3333333333333333,0.5,0.47058823529411764,0.875,0.4,0.14285714285714285,0,0.7777777777777778,0.6363636363636364,1,0.5,0.5,0.5,1,0.2,0.8333333333333334,0.75
Central African Republic,CAF,2017,0.398,6.069175366580811,15.340701922289872,L,59.02,NA,14.1,0,1,0,2014,2018,0,0,NA,NA,126,68,0.5396825396825397,0.3333333333333333,0.5,0.35294117647058826,0.75,0.2,0.14285714285714285,0,0.6666666666666666,0.6363636363636364,1,0.5,0.5,0.5,1,0.2,0.8333333333333334,0.75
Central African Republic,CAF,2018,0.409,6.12083345745444,15.355893096958216,L,58.636,NA,14.6,0,1,0,2014,2018,0,1,2019,2024,126,68,0.5396825396825397,0.3333333333333333,0.3,0.4117647058823529,0.875,0.2,0.14285714285714285,0,0.6666666666666666,0.5454545454545454,1,0.5,0.5,0.5,1,0.4,0.8333333333333334,0.75
Central African Republic,CAF,2019,0.385,6.10753159485446,15.372639713234552,L,58.23,NA,14.3,0,0,0,NA,NA,1,0,2019,2024,126,66,0.5238095238095238,0.3333333333333333,0.4,0.29411764705882354,0.875,0.2,0.14285714285714285,0,0.8888888888888888,0.6363636363636364,1,0.5,0.375,0.5,1,0.2,0.6666666666666666,0.75
Central African Republic,CAF,2020,0.375,6.137465834874274,15.39030816315136,L,57.802,NA,15.4,0,0,0,NA,NA,1,0,2019,2024,126,75,0.5952380952380952,0.3333333333333333,0.6,0.5882352941176471,0.875,0.2,0.14285714285714285,0,0.8888888888888888,0.6363636363636364,1,0.5,0.375,0.5,1,0.2,0.8333333333333334,0.75
Central African Republic,CAF,2021,0.343,6.199013416604152,15.408816446188576,L,57.352,NA,15.7,0,0,0,NA,NA,1,0,2019,2024,126,73,0.5793650793650794,0.3333333333333333,0.6,0.47058823529411764,1,0.2,0.14285714285714285,0,0.8888888888888888,0.7272727272727273,0.3333333333333333,0.5,0.5,0.5,1,0.4,0.75,0.625
Central African Republic,CAF,2022,0.325,6.147099464195677,15.53454591757182,L,56.88,NA,15.7,0,0,0,NA,NA,1,0,2019,2024,126,78,0.6190476190476191,0.3333333333333333,0.6,0.6470588235294118,1,0.2,0.14285714285714285,0.25,0.7777777777777778,0.8181818181818182,1,0.5,0.375,0.5,1,0.2,0.75,0.75
Central African Republic,CAF,2023,0.302,6.20653337985208,NA,L,56.386,NA,17.6,0,0,0,NA,NA,1,0,2019,2024,126,91,0.7222222222222222,0.3333333333333333,1,0.6470588235294118,1,0.4,0.8571428571428571,0.75,0.7777777777777778,0.5454545454545454,1,0.8333333333333334,0.5,0.25,1,0.2,0.8333333333333334,0.875
Canada,CAN,2015,0.816,10.68267925762613,17.390742700015092,H,18.741,1.69359,100,0,0,0,NA,NA,0,0,NA,NA,126,37,0.29365079365079366,0,0.5,0.058823529411764705,0.25,0,0,0,0.4444444444444444,0.2727272727272727,0,0.5,0.5,0.5,0.16666666666666666,0.4,0.25,0.875
Canada,CAN,2016,0.843,10.652874734852505,17.402066186561754,H,18.7,1.72903,100,0,0,0,NA,NA,0,0,NA,NA,126,43,0.3412698412698413,0,0.5,0.11764705882352941,0.625,0,0,0,0.5555555555555556,0.18181818181818182,0,0.5,0.5,0.5,0.16666666666666666,0.2,0.5833333333333334,0.75
Canada,CAN,2017,0.847,10.717294252592104,17.41406139366754,H,18.65,1.68702,100,0,0,0,NA,NA,0,0,NA,NA,126,38,0.30158730158730157,0,0.5,0.058823529411764705,0.75,0,0,0,0.3333333333333333,0.2727272727272727,0,0.5,0.5,0.5,0.16666666666666666,0.2,0.25,0.75
Canada,CAN,2018,0.847,10.74804973493768,17.428185952359343,H,18.589,1.7372,100,0,0,0,NA,NA,0,0,NA,NA,126,32,0.25396825396825395,0,0.5,0.11764705882352941,0.25,0,0.14285714285714285,0,0.3333333333333333,0.18181818181818182,0,0.5,0.5,0.25,0,0.4,0.25,0.5
Canada,CAN,2019,0.863,10.744038475011026,17.44254732059103,H,18.518,1.75578,100,0,0,0,NA,NA,0,0,NA,NA,126,38,0.30158730158730157,0,0.5,0,0.625,0,0.14285714285714285,0,0.5555555555555556,0.2727272727272727,0,0.5,0.375,0.5,0.3333333333333333,0.2,0.25,0.625
Canada,CAN,2020,0.858,10.681385707925545,17.454075291362802,H,18.438,1.93414,100,0,0,0,NA,NA,0,0,NA,NA,126,43,0.3412698412698413,0,0.6,0.17647058823529413,0.625,0,0.14285714285714285,0,0.5555555555555556,0.2727272727272727,0.3333333333333333,0.3333333333333333,0.375,0.5,0.6666666666666666,0.2,0.25,0.5
Canada,CAN,2021,0.853,10.868508335725355,17.459552361425782,H,18.347,1.86431,100,0,0,0,NA,NA,0,0,NA,NA,126,41,0.3253968253968254,0,0.6,0.11764705882352941,0.5,0,0.14285714285714285,0,0.4444444444444444,0.2727272727272727,0.3333333333333333,0.6666666666666666,0.5,0.25,0.6666666666666666,0.4,0.08333333333333333,0.5
Canada,CAN,2022,0.855,10.92430753190044,17.477273202244657,H,18.248,1.71166,100,0,0,0,NA,NA,0,0,NA,NA,126,45,0.35714285714285715,0,0.4,0.4117647058823529,0.25,0,0.14285714285714285,0.25,0.4444444444444444,0.36363636363636365,0.3333333333333333,0.6666666666666666,0.375,0.5,0.6666666666666666,0.2,0.25,0.5
Canada,CAN,2023,0.856,10.886149856545371,NA,H,18.138,1.70133,100,0,0,0,NA,NA,0,0,NA,NA,126,78,0.6190476190476191,0.3333333333333333,1,0.5882352941176471,1,0.2,0.8571428571428571,0.75,0.5555555555555556,0.2727272727272727,1,0.8333333333333334,0.5,0.5,0.6666666666666666,0.2,0.5,0.75
Switzerland,CHE,2015,0.904,11.336265223844547,15.929642856482122,H,26.282,3.07832,100,0,0,0,NA,NA,0,0,NA,NA,126,47,0.373015873015873,0,0.5,0.17647058823529413,0.125,0.2,0,0,0.6666666666666666,0.2727272727272727,0,0.5,0.375,0.25,1,0.4,0.5833333333333334,0.75
Switzerland,CHE,2016,0.905,11.316339548693264,15.940563168220848,H,26.261,NA,100,0,0,0,NA,NA,0,0,NA,NA,126,51,0.40476190476190477,0,0.5,0.23529411764705882,0.5,0,0.14285714285714285,0,0.6666666666666666,0.36363636363636365,0,0.5,0.375,0.5,1,0.2,0.5833333333333334,0.625
Switzerland,CHE,2017,0.908,11.31757188216616,15.949894727108234,H,26.239,3.07698,100,0,0,0,NA,NA,0,0,NA,NA,126,48,0.38095238095238093,0,0.5,0.11764705882352941,0.5,0.2,0.14285714285714285,0,0.4444444444444444,0.2727272727272727,0,0.6666666666666666,0.375,0.5,1,0.2,0.5833333333333334,0.625
Switzerland,CHE,2018,0.908,11.352960555303026,15.95726106685996,H,26.203,NA,100,0,0,0,NA,NA,0,0,NA,NA,126,43,0.3412698412698413,0,0.5,0.23529411764705882,0.125,0,0.14285714285714285,0,0.4444444444444444,0.36363636363636365,0,0.5,0.375,0.25,0.8333333333333334,0.4,0.5833333333333334,0.375
Switzerland,CHE,2019,0.907,11.340022585211742,15.964394203544405,H,26.151,3.1968,100,0,0,0,NA,NA,0,0,NA,NA,126,47,0.373015873015873,0,0.5,0.11764705882352941,0.5,0.2,0.14285714285714285,0,0.6666666666666666,0.2727272727272727,0,0.5,0.25,0.5,1,0.2,0.5833333333333334,0.5
Switzerland,CHE,2020,0.901,11.36091331404248,15.971515029136906,H,26.085,NA,100,0,0,0,NA,NA,0,0,NA,NA,126,50,0.3968253968253968,0,0.6,0.29411764705882354,0.5,0,0.14285714285714285,0,0.6666666666666666,0.45454545454545453,0,0.3333333333333333,0.25,0.5,1,0.2,0.5833333333333334,0.375
Switzerland,CHE,2021,0.897,11.44514365752766,15.978571825231144,H,26.004,3.30645,100,0,0,0,NA,NA,0,0,NA,NA,126,45,0.35714285714285715,0,0.6,0.17647058823529413,0.375,0,0.14285714285714285,0,0.5555555555555556,0.2727272727272727,0.3333333333333333,0.5,0.375,0.25,1,0.4,0.4166666666666667,0.375
Switzerland,CHE,2022,0.897,11.442994244907636,15.986817831415124,H,25.908,NA,100,0,0,0,NA,NA,0,0,NA,NA,126,53,0.42063492063492064,0.3333333333333333,0.4,0.29411764705882354,0.125,0,0.14285714285714285,0.25,0.6666666666666666,0.45454545454545453,1,0.6666666666666666,0.25,0.5,1,0.2,0.5833333333333334,0.5
Switzerland,CHE,2023,0.89,11.50856306381973,NA,H,25.798,NA,100,0,0,0,NA,NA,0,0,NA,NA,126,79,0.626984126984127,0.3333333333333333,0.9,0.5294117647058824,0.5,0.4,0.8571428571428571,0.75,0.6666666666666666,0.36363636363636365,1,0.6666666666666666,0.5,0.5,1,0.2,0.75,0.75
Chile,CHL,2015,0.892,9.505538153101156,16.704178420610607,H,12.64,0.38296,99.7,0,0,0,NA,NA,0,0,NA,NA,126,35,0.2777777777777778,0,0.5,0.11764705882352941,0,0,0,0,0.4444444444444444,0.2727272727272727,0,0.5,0.375,0.25,0.3333333333333333,0.4,0.25,0.875
Chile,CHL,2016,0.892,9.521483961726526,16.7174304893948,H,12.578,0.37103,100,0,0,0,NA,NA,0,0,NA,NA,126,49,0.3888888888888889,0.3333333333333333,0.4,0.17647058823529413,0.625,0.2,0,0,0.6666666666666666,0.09090909090909091,1,0.6666666666666666,0.375,0.5,0.3333333333333333,0.2,0.5833333333333334,0.75
Chile,CHL,2017,0.895,9.607767167239194,16.731681903603555,H,12.51,0.35679,99.7,0,0,0,NA,NA,0,0,NA,NA,126,35,0.2777777777777778,0,0.5,0.11764705882352941,0.375,0,0,0,0.3333333333333333,0.18181818181818182,0,0.5,0.375,0.5,0.3333333333333333,0.2,0.25,0.75
Chile,CHL,2018,0.873,9.658831818931462,16.745592545932897,H,12.436,0.36916,100,0,0,0,NA,NA,0,0,NA,NA,126,42,0.3333333333333333,0.3333333333333333,0.5,0.23529411764705882,0.25,0.4,0,0,0.4444444444444444,0.18181818181818182,1,0.6666666666666666,0.375,0.25,0.16666666666666666,0.4,0.25,0.625
Chile,CHL,2019,0.831,9.581608486149207,16.75742187158984,H,12.357,0.34243,100,0,0,0,NA,NA,0,0,NA,NA,126,48,0.38095238095238093,0.3333333333333333,0.6,0.11764705882352941,0.625,0.2,0,0,0.6666666666666666,0.2727272727272727,1,0.6666666666666666,0.375,0.5,0.3333333333333333,0.2,0.25,0.75
Chile,CHL,2020,0.833,9.481497822053305,16.766047171870053,H,12.273,0.33525,100,0,0,0,NA,NA,0,0,NA,NA,126,43,0.3412698412698413,0,0.6,0.23529411764705882,0.625,0,0,0,0.5555555555555556,0.2727272727272727,0,0.3333333333333333,0.375,0.5,0.6666666666666666,0.2,0.25,0.625
Chile,CHL,2021,0.842,9.693788878065204,16.771064483979508,H,12.183,0.36041,100,0,0,0,NA,NA,0,0,NA,NA,126,50,0.3968253968253968,0.3333333333333333,0.6,0.23529411764705882,0.625,0,0,0,0.5555555555555556,0.2727272727272727,1,0.6666666666666666,0.5,0.25,0.6666666666666666,0.4,0.25,0.625
Chile,CHL,2022,0.835,9.645437545661483,16.79123056524937,H,12.088,NA,100,0,0,0,NA,NA,0,0,NA,NA,126,46,0.36507936507936506,0,0.5,0.47058823529411764,0.125,0,0.14285714285714285,0.25,0.5555555555555556,0.45454545454545453,0,0.5,0.375,0.5,0.6666666666666666,0.2,0.16666666666666666,0.625
Chile,CHL,2023,0.838,9.744949724398255,NA,H,11.988,NA,100,0,0,0,NA,NA,0,0,NA,NA,126,74,0.5873015873015873,0.3333333333333333,1,0.5294117647058824,0.75,0.2,0.8571428571428571,0.75,0.5555555555555556,0.36363636363636365,1,0.6666666666666666,0.375,0.25,0.6666666666666666,0.2,0.5,0.875
China,CHN,2015,0.081,8.989250409978283,21.045247881693836,UM,44.5,2.05701,100,0,0,0,NA,NA,0,0,NA,NA,126,54,0.42857142857142855,0.3333333333333333,0.5,0.23529411764705882,1,0.2,0.14285714285714285,0,0.6666666666666666,0.36363636363636365,0.3333333333333333,0.6666666666666666,0.5,0.25,0.16666666666666666,0.4,0.4166666666666667,0.75
China,CHN,2016,0.08,8.99892652874646,21.050978390754533,UM,43.264,2.10033,100,0,0,0,NA,NA,0,0,NA,NA,126,60,0.47619047619047616,0.3333333333333333,0.5,0.35294117647058826,1,0.2,0.2857142857142857,0,0.7777777777777778,0.2727272727272727,0.3333333333333333,0.6666666666666666,0.5,0.5,0.16666666666666666,0.2,0.75,0.625
China,CHN,2017,0.078,9.084442127808138,21.05703084088936,UM,42.04,2.11603,100,0,0,0,NA,NA,0,0,NA,NA,126,52,0.4126984126984127,0.3333333333333333,0.2,0.35294117647058826,1,0.2,0.2857142857142857,0,0.5555555555555556,0.36363636363636365,0.3333333333333333,0.6666666666666666,0.5,0.5,0.16666666666666666,0.2,0.4166666666666667,0.625
China,CHN,2018,0.077,9.200835986357657,21.061707561423983,UM,40.848,2.14058,100,0,0,0,NA,NA,0,0,NA,NA,126,52,0.4126984126984127,0.3333333333333333,0.5,0.35294117647058826,1,0.2,0.2857142857142857,0,0.5555555555555556,0.2727272727272727,0.3333333333333333,0.6666666666666666,0.5,0.25,0,0.4,0.4166666666666667,0.5
China,CHN,2019,0.075,9.224623897007936,21.06525497032569,UM,39.692,2.24463,100,0,0,0,NA,NA,0,0,NA,NA,126,57,0.4523809523809524,0.3333333333333333,0.6,0.29411764705882354,1,0.2,0.2857142857142857,0,0.7777777777777778,0.36363636363636365,0.3333333333333333,0.6666666666666666,0.375,0.5,0.3333333333333333,0.2,0.4166666666666667,0.625
China,CHN,2020,0.076,9.250399152122428,21.06763537902799,UM,38.572,2.40666,100,0,0,0,NA,NA,0,0,NA,NA,126,57,0.4523809523809524,0.3333333333333333,0.6,0.4117647058823529,0.875,0.2,0.2857142857142857,0,0.7777777777777778,0.36363636363636365,0.3333333333333333,0.5,0.375,0.5,0.6666666666666666,0.2,0.3333333333333333,0.5
China,CHN,2021,0.077,9.44284042241485,21.068527901028403,UM,37.488,2.4326,100,0,0,0,NA,NA,0,0,NA,NA,126,60,0.47619047619047616,0.3333333333333333,0.6,0.4117647058823529,1,0.2,0.2857142857142857,0,0.6666666666666666,0.36363636363636365,0.3333333333333333,0.6666666666666666,0.5,0.25,0.6666666666666666,0.4,0.5,0.375
China,CHN,2022,0.075,9.446406677262182,21.068396906014875,UM,36.44,2.55518,100,0,0,0,NA,NA,0,0,NA,NA,126,65,0.5158730158730159,0.3333333333333333,0.5,0.5882352941176471,1,0.2,0.2857142857142857,0.25,0.6666666666666666,0.36363636363636365,1,0.6666666666666666,0.375,0.5,0.6666666666666666,0.2,0.5,0.5
China,CHN,2023,0.074,9.442567481773215,NA,UM,35.43,NA,100,0,0,0,NA,NA,0,0,NA,NA,126,79,0.626984126984127,0.3333333333333333,0.9,0.5882352941176471,1,0.4,0.8571428571428571,0.75,0.6666666666666666,0.36363636363636365,1,0.8333333333333334,0.375,0.25,0.6666666666666666,0.2,0.5,0.875
Côte d’Ivoire,CIV,2015,0.478,7.503685666355057,16.960789270936658,LM,50.556,NA,62.6,0,1,0,2010,2017,0,0,NA,NA,126,53,0.42063492063492064,0.3333333333333333,0.5,0.29411764705882354,0.625,0.2,0,0,0.6666666666666666,0.6363636363636364,0.3333333333333333,0.5,0.5,0.5,0.16666666666666666,0.4,0.3333333333333333,0.75
Côte d’Ivoire,CIV,2016,0.529,7.5297264769798815,16.98615055698916,LM,50.119,0.06975,64.3,1,1,0,2010,2017,0,0,NA,NA,126,56,0.4444444444444444,0.3333333333333333,0.3,0.35294117647058826,0.5,0.2,0.14285714285714285,0,0.7777777777777778,0.45454545454545453,1,0.5,0.5,0.5,0.16666666666666666,0.2,0.75,0.625
Côte d’Ivoire,CIV,2017,0.542,7.582890871906384,17.011628372691433,LM,49.674,NA,65.6,0,1,0,2010,2017,0,0,NA,NA,126,53,0.42063492063492064,0.3333333333333333,0.5,0.29411764705882354,0.625,0.2,0.14285714285714285,0,0.5555555555555556,0.6363636363636364,1,0.5,0.5,0.5,0.16666666666666666,0.2,0.3333333333333333,0.625
Côte d’Ivoire,CIV,2018,0.541,7.664283839887903,17.03715159610383,LM,49.221,NA,67.1,0,0,0,NA,NA,0,0,NA,NA,126,54,0.42857142857142855,0.3333333333333333,0.5,0.4117647058823529,0.625,0.2,0.14285714285714285,0,0.5555555555555556,0.5454545454545454,0.3333333333333333,0.5,0.5,0.5,0,0.4,0.5,0.625
Côte d’Ivoire,CIV,2019,0.534,7.669387104170307,17.062645467019912,LM,48.761,NA,68.6,0,0,0,NA,NA,0,1,2020,2024,126,55,0.4365079365079365,0.3333333333333333,0.6,0.23529411764705882,0.5,0.2,0.14285714285714285,0,0.7777777777777778,0.6363636363636364,1,0.5,0.375,0.5,0.3333333333333333,0.2,0.4166666666666667,0.625
Côte d’Ivoire,CIV,2020,0.51,7.686955995782022,17.088051312668085,LM,48.294,NA,69.9,-1,0,0,NA,NA,1,0,2020,2024,126,58,0.4603174603174603,0.3333333333333333,0.5,0.4117647058823529,0.625,0.2,0.14285714285714285,0,0.7777777777777778,0.6363636363636364,1,0.3333333333333333,0.375,0.5,0.6666666666666666,0.2,0.3333333333333333,0.625
Côte d’Ivoire,CIV,2021,0.443,7.80628166545947,17.113331713223136,LM,47.82,NA,71.1,0,0,0,NA,NA,1,0,2020,2024,126,51,0.40476190476190477,0.3333333333333333,0.3,0.29411764705882354,0.5,0.2,0.14285714285714285,0,0.6666666666666666,0.6363636363636364,0.3333333333333333,0.5,0.5,0.25,0.6666666666666666,0.4,0.3333333333333333,0.5
Côte d’Ivoire,CIV,2022,0.455,7.744442710329293,17.153432336227983,LM,47.339,NA,72,0,0,0,NA,NA,1,0,2020,2024,126,62,0.49206349206349204,0.3333333333333333,0.6,0.5294117647058824,0.625,0.2,0.14285714285714285,0.25,0.6666666666666666,0.6363636363636364,1,0.5,0.375,0.5,0.6666666666666666,0.2,0.3333333333333333,0.625
Côte d’Ivoire,CIV,2023,0.454,7.836309147487329,NA,LM,46.851,NA,72.4,0,0,0,NA,NA,1,0,2020,2024,126,77,0.6111111111111112,0.3333333333333333,1,0.5294117647058824,0.625,0.4,0.8571428571428571,0.75,0.6666666666666666,0.5454545454545454,1,0.8333333333333334,0.375,0.25,0.6666666666666666,0.2,0.5,0.75
Cameroon,CMR,2015,0.327,7.254884878628572,16.963894216535987,LM,45.422,NA,58.6,0,0,0,NA,NA,0,0,NA,NA,126,60,0.47619047619047616,0.3333333333333333,0.5,0.4117647058823529,0.625,0.2,0.2857142857142857,0,0.6666666666666666,0.6363636363636364,1,0.5,0.5,0.5,0.5,0.4,0.25,0.75
Cameroon,CMR,2016,0.311,7.273592244228808,16.99049923719913,LM,44.821,NA,59.8,0,0,0,NA,NA,0,0,NA,NA,126,63,0.5,0.3333333333333333,0.5,0.4117647058823529,0.625,0.2,0.42857142857142855,0,0.7777777777777778,0.5454545454545454,1,0.5,0.5,0.5,0.5,0.2,0.5833333333333334,0.625
Cameroon,CMR,2017,0.302,7.31060999497948,17.01687678054386,LM,44.223,NA,60.9,0,0,0,NA,NA,0,0,NA,NA,126,57,0.4523809523809524,0.3333333333333333,0.5,0.35294117647058826,0.625,0.2,0.42857142857142855,0,0.5555555555555556,0.6363636363636364,1,0.5,0.5,0.5,0.5,0.2,0.25,0.625
Cameroon,CMR,2018,0.296,7.384421920974645,17.042999622157243,LM,43.626,NA,62.2,0,0,0,NA,NA,0,0,NA,NA,126,55,0.4365079365079365,0.3333333333333333,0.2,0.4117647058823529,0.5,0.2,0.42857142857142855,0,0.5555555555555556,0.5454545454545454,1,0.5,0.5,0.5,0.3333333333333333,0.4,0.4166666666666667,0.625
Cameroon,CMR,2019,0.287,7.349376540684335,17.068841411977907,LM,43.032,NA,63.2,0,0,0,NA,NA,0,0,NA,NA,126,62,0.49206349206349204,0.3333333333333333,0.6,0.35294117647058826,0.625,0.2,0.42857142857142855,0,0.7777777777777778,0.6363636363636364,1,0.5,0.375,0.5,0.5,0.2,0.5,0.625
Cameroon,CMR,2020,0.291,7.349618985282096,17.09438451197276,LM,42.44,NA,64.3,0,0,0,NA,NA,0,0,NA,NA,126,63,0.5,0.3333333333333333,0.6,0.47058823529411764,0.5,0.2,0.42857142857142855,0,0.7777777777777778,0.6363636363636364,1,0.5,0.375,0.5,0.8333333333333334,0.2,0.4166666666666667,0.5
Cameroon,CMR,2021,0.292,7.4219710933523215,17.11961911897787,LM,41.852,NA,65.4,0,0,0,NA,NA,0,0,NA,NA,126,58,0.4603174603174603,0.3333333333333333,0.5,0.4117647058823529,0.625,0.2,0.42857142857142855,0,0.6666666666666666,0.6363636363636364,0.3333333333333333,0.5,0.375,0.25,0.8333333333333334,0.4,0.3333333333333333,0.5
Cameroon,CMR,2022,0.299,7.380802565350624,17.14465811470058,LM,41.267,NA,71,0,0,0,NA,NA,0,0,NA,NA,126,67,0.5317460317460317,0.3333333333333333,0.6,0.5882352941176471,0.625,0.2,0.42857142857142855,0.25,0.6666666666666666,0.6363636363636364,1,0.5,0.375,0.5,0.8333333333333334,0.2,0.4166666666666667,0.625
Cameroon,CMR,2023,0.298,7.459834688769014,NA,LM,40.685,NA,72,0,0,0,NA,NA,0,0,NA,NA,126,81,0.6428571428571429,0.3333333333333333,1,0.5882352941176471,0.625,0.4,0.8571428571428571,0.75,0.6666666666666666,0.45454545454545453,1,0.8333333333333334,0.5,0.5,0.8333333333333334,0.2,0.5,0.875
Congo (Kinshasa),COD,2015,0.319,6.148285758959645,18.149456259404996,L,57.26,0.40638,16.6,0,0,0,NA,NA,0,0,NA,NA,126,67,0.5317460317460317,0.3333333333333333,0.5,0.29411764705882354,1,0.2,0,0,0.7777777777777778,0.6363636363636364,1,0.5,0.5,0.5,0.8333333333333334,0.4,0.6666666666666666,0.75
Congo (Kinshasa),COD,2016,0.313,6.092012061057937,18.1822856011505,L,56.693,NA,17.3,0,0,0,NA,NA,0,0,NA,NA,126,70,0.5555555555555556,0.3333333333333333,0.5,0.35294117647058826,0.875,0.2,0.14285714285714285,0,0.7777777777777778,0.7272727272727273,1,0.5,0.5,0.5,0.8333333333333334,0.2,0.8333333333333334,0.75
Congo (Kinshasa),COD,2017,0.314,6.0789820213629495,18.2148706588675,L,56.12,NA,18,0,0,0,NA,NA,0,0,NA,NA,126,66,0.5238095238095238,0.3333333333333333,0.2,0.35294117647058826,1,0.2,0.14285714285714285,0,0.6666666666666666,0.7272727272727273,1,0.5,0.5,0.5,0.8333333333333334,0.2,0.8333333333333334,0.625
Congo (Kinshasa),COD,2018,0.316,6.269581052171888,18.247137647481033,L,55.54,NA,18.7,0,0,0,NA,NA,0,0,NA,NA,126,60,0.47619047619047616,0.3333333333333333,0.5,0.35294117647058826,0.875,0.2,0.14285714285714285,0,0.5555555555555556,0.6363636363636364,1,0.5,0.5,0.5,0.6666666666666666,0.4,0.3333333333333333,0.625
Congo (Kinshasa),COD,2019,0.349,6.322644520985535,18.279008510131792,L,54.954,NA,19.1,0,0,0,NA,NA,0,0,NA,NA,126,62,0.49206349206349204,0.3333333333333333,0.6,0.29411764705882354,1,0.2,0.14285714285714285,0,0.7777777777777778,0.6363636363636364,1,0.5,0.375,0.5,0.5,0.2,0.5,0.625
Congo (Kinshasa),COD,2020,0.354,6.229538542750339,18.31043502621331,L,54.362,NA,20.1,0,0,0,NA,NA,0,0,NA,NA,126,63,0.5,0.3333333333333333,0.6,0.5294117647058824,0.75,0.2,0.14285714285714285,0,0.7777777777777778,0.6363636363636364,0.3333333333333333,0.3333333333333333,0.375,0.5,0.8333333333333334,0.2,0.5,0.625
Congo (Kinshasa),COD,2021,0.347,6.324420030946696,18.3413992614734,L,53.765,NA,20.8,0,0,0,NA,NA,0,0,NA,NA,126,65,0.5158730158730159,0.3333333333333333,0.5,0.4117647058823529,1,0.2,0.14285714285714285,0,0.7777777777777778,0.7272727272727273,1,0.5,0.5,0.5,0.8333333333333334,0.4,0.3333333333333333,0.5
Congo (Kinshasa),COD,2022,0.335,6.46554153426803,18.410733554294264,L,53.163,NA,21.5,0,0,0,NA,NA,0,0,NA,NA,126,67,0.5317460317460317,0.3333333333333333,0.6,0.5294117647058824,0.875,0.2,0.14285714285714285,0.25,0.5555555555555556,0.7272727272727273,1,0.5,0.375,0.5,0.8333333333333334,0.2,0.5,0.625
Congo (Kinshasa),COD,2023,0.317,6.441747147812644,NA,L,52.556,NA,22.1,0,0,0,NA,NA,0,0,NA,NA,126,82,0.6507936507936508,0.3333333333333333,1,0.5294117647058824,1,0.4,0.8571428571428571,0.75,0.6666666666666666,0.5454545454545454,1,0.8333333333333334,0.375,0.25,0.8333333333333334,0.2,0.5,0.875
Congo - Brazzaville,COG,2015,0.25,7.799487665791632,15.395744763103156,LM,34.457,NA,44.3,0,0,0,NA,NA,0,0,NA,NA,126,66,0.5238095238095238,0.3333333333333333,0.5,0.29411764705882354,1,0.2,0.14285714285714285,0,0.7777777777777778,0.7272727272727273,1,0.5,0.5,0.5,0.3333333333333333,0.4,0.6666666666666666,0.75
Congo - Brazzaville,COG,2016,0.245,7.646404980568495,15.421140429003502,LM,33.999,NA,45.3,0,0,0,NA,NA,0,0,NA,NA,126,68,0.5396825396825397,0.3333333333333333,0.5,0.4117647058823529,1,0.2,0.2857142857142857,0,0.7777777777777778,0.6363636363636364,1,0.5,0.5,0.5,0.3333333333333333,0.2,0.8333333333333334,0.625
Congo - Brazzaville,COG,2017,0.247,7.701486480439687,15.446847134767385,LM,33.541,NA,46.2,0,0,0,NA,NA,0,0,NA,NA,126,66,0.5238095238095238,0.3333333333333333,0.5,0.35294117647058826,1,0.2,0.2857142857142857,0,0.6666666666666666,0.6363636363636364,1,0.5,0.5,0.5,0.3333333333333333,0.2,0.8333333333333334,0.625
Congo - Brazzaville,COG,2018,0.252,7.8989434917231165,15.47266434343796,LM,33.084,NA,47,0,0,0,NA,NA,0,0,NA,NA,126,66,0.5238095238095238,0.3333333333333333,0.5,0.4117647058823529,0.75,0.2,0.2857142857142857,0,0.6666666666666666,0.7272727272727273,1,0.5,0.5,0.5,0.16666666666666666,0.4,0.8333333333333334,0.625
Congo - Brazzaville,COG,2019,0.24,7.819405125387104,15.49829260804764,LM,32.627,NA,47.7,0,0,0,NA,NA,0,0,NA,NA,126,67,0.5317460317460317,0.3333333333333333,0.6,0.29411764705882354,1,0.2,0.2857142857142857,0,0.8888888888888888,0.7272727272727273,1,0.5,0.375,0.5,0.3333333333333333,0.2,0.75,0.625
Congo - Brazzaville,COG,2020,0.249,7.597690643177528,15.523542706327882,LM,32.171,NA,48.7,0,0,0,NA,NA,0,0,NA,NA,126,66,0.5238095238095238,0.3333333333333333,0.5,0.47058823529411764,1,0.2,0.2857142857142857,0,0.7777777777777778,0.6363636363636364,1,0.5,0.375,0.5,0.6666666666666666,0.2,0.5,0.625
Congo - Brazzaville,COG,2021,0.247,7.830490222649133,15.548407279447169,LM,31.717,NA,49.7,0,0,0,NA,NA,0,0,NA,NA,126,64,0.5079365079365079,0.3333333333333333,0.6,0.35294117647058826,0.875,0.2,0.2857142857142857,0,0.6666666666666666,0.6363636363636364,1,0.5,0.5,0.5,0.6666666666666666,0.4,0.5,0.5
Congo - Brazzaville,COG,2022,0.236,7.8712494093501,15.602328504622404,LM,31.264,0.38339,50.6,0,0,0,NA,NA,0,0,NA,NA,126,70,0.5555555555555556,0.3333333333333333,0.6,0.5294117647058824,1,0.2,0.7142857142857143,0.25,0.6666666666666666,0.5454545454545454,1,0.6666666666666666,0.25,0.25,0.6666666666666666,0.2,0.5,0.75
Congo - Brazzaville,COG,2023,0.245,7.815198367639587,NA,LM,30.812,NA,51.3,0,0,0,NA,NA,0,0,NA,NA,126,80,0.6349206349206349,0.3333333333333333,1,0.5294117647058824,0.75,0.4,0.8571428571428571,0.75,0.6666666666666666,0.45454545454545453,1,0.8333333333333334,0.5,0.5,0.6666666666666666,0.2,0.5,0.875
Colombia,COL,2015,0.684,8.740099099295483,17.676675269115442,UM,20.236,0.36542,98.2,0,0,0,NA,NA,0,0,NA,NA,126,40,0.31746031746031744,0.3333333333333333,0.5,0.17647058823529413,0.125,0,0.14285714285714285,0,0.4444444444444444,0.36363636363636365,0.6666666666666666,0.3333333333333333,0.5,0.5,0.16666666666666666,0.4,0.16666666666666666,0.75
Colombia,COL,2016,0.677,8.69279933420688,17.69035176863162,UM,19.892,0.27051,98.4,0,0,0,NA,NA,0,0,NA,NA,126,43,0.3412698412698413,0.3333333333333333,0.2,0.23529411764705882,0.5,0,0.14285714285714285,0,0.5555555555555556,0.18181818181818182,0.6666666666666666,0.3333333333333333,0.5,0.5,0.16666666666666666,0.2,0.5833333333333334,0.625
Colombia,COL,2017,0.676,8.776403612821905,17.70548924297866,UM,19.554,0.26109,98.5,0,0,0,NA,NA,0,0,NA,NA,126,40,0.31746031746031744,0.3333333333333333,0.5,0.17647058823529413,0.375,0,0.14285714285714285,0,0.3333333333333333,0.36363636363636365,0.6666666666666666,0.3333333333333333,0.5,0.5,0.16666666666666666,0.2,0.25,0.625
Colombia,COL,2018,0.667,8.82717010404956,17.72073160241748,UM,19.222,0.31233,98.5,0,0,0,NA,NA,0,0,NA,NA,126,34,0.2698412698412698,0.3333333333333333,0.5,0.17647058823529413,0,0,0.14285714285714285,0,0.3333333333333333,0.18181818181818182,0.6666666666666666,0.3333333333333333,0.5,0.25,0,0.4,0.25,0.625
Colombia,COL,2019,0.649,8.775324733462762,17.734299482850595,UM,18.896,0.32201,99.4,0,0,0,NA,NA,0,0,NA,NA,126,41,0.3253968253968254,0.3333333333333333,0.6,0.058823529411764705,0.5,0,0.14285714285714285,0,0.5555555555555556,0.2727272727272727,0.6666666666666666,0.3333333333333333,0.375,0.5,0.3333333333333333,0.2,0.25,0.625
Colombia,COL,2020,0.64,8.582922337353715,17.74503715777969,UM,18.575,0.2894,99.7,0,0,0,NA,NA,0,0,NA,NA,126,45,0.35714285714285715,0.3333333333333333,0.6,0.29411764705882354,0.5,0,0.14285714285714285,0,0.5555555555555556,0.36363636363636365,0.6666666666666666,0.16666666666666666,0.375,0.5,0.6666666666666666,0.2,0.16666666666666666,0.5
Colombia,COL,2021,0.646,8.735946583106513,17.752535220906417,UM,18.26,NA,100,0,0,0,NA,NA,0,0,NA,NA,126,45,0.35714285714285715,0.3333333333333333,0.6,0.17647058823529413,0.625,0,0,0,0.4444444444444444,0.36363636363636365,0.6666666666666666,0.3333333333333333,0.5,0.25,0.6666666666666666,0.4,0.25,0.5
Colombia,COL,2022,0.694,8.806063959938824,17.76432872188031,UM,17.95,NA,100,0,0,0,NA,NA,0,0,NA,NA,126,46,0.36507936507936506,0.3333333333333333,0.5,0.47058823529411764,0.25,0,0.14285714285714285,0.25,0.4444444444444444,0.36363636363636365,0.6666666666666666,0.3333333333333333,0.375,0.5,0.6666666666666666,0.2,0.16666666666666666,0.5
Colombia,COL,2023,0.704,8.846116907651203,NA,UM,17.646,NA,98.7,0,0,0,NA,NA,0,0,NA,NA,126,75,0.5952380952380952,0.3333333333333333,1,0.5294117647058824,0.875,0.2,0.8571428571428571,0.75,0.5555555555555556,0.36363636363636365,1,0.6666666666666666,0.375,0.25,0.6666666666666666,0.2,0.5,0.875
Comoros,COM,2015,0.419,7.192460787359163,13.56375531825457,L,71.53,NA,74.1,0,0,0,NA,NA,1,0,2015,2024,126,77,0.6111111111111112,0.3333333333333333,0.5,0.35294117647058826,1,0.2,0.42857142857142855,0,0.8888888888888888,0.7272727272727273,1,0.5,1,0.75,0.3333333333333333,0.4,0.75,0.875
Comoros,COM,2016,0.407,7.219264248425044,13.58684805521578,L,71.381,NA,76.4,0,0,0,NA,NA,1,0,2015,2024,126,80,0.6349206349206349,0.3333333333333333,0.5,0.47058823529411764,1,0.2,0.5714285714285714,0,0.8888888888888888,0.6363636363636364,1,0.5,1,0.75,0.3333333333333333,0.4,0.8333333333333334,0.875
Comoros,COM,2017,0.397,7.261172283695566,13.609580500717968,L,71.216,NA,78.7,0,0,0,NA,NA,1,0,2015,2024,126,75,0.5952380952380952,0.3333333333333333,0.5,0.35294117647058826,0.75,0.2,0.5714285714285714,0,0.8888888888888888,0.7272727272727273,1,0.5,1,0.75,0.3333333333333333,0.2,0.75,0.875
Comoros,COM,2018,0.379,7.339999486817555,13.63197466416149,LM,71.035,NA,81,0,0,0,NA,NA,1,0,2015,2024,126,77,0.6111111111111112,0.3333333333333333,0.5,0.4117647058823529,0.75,0.2,0.5714285714285714,0,0.8888888888888888,0.7272727272727273,1,0.5,1,0.75,0.3333333333333333,0.4,0.75,0.875
Comoros,COM,2019,0.32,7.3259811965292,13.654039314745631,LM,70.836,NA,83.3,0,0,0,NA,NA,1,0,2015,2024,126,78,0.6190476190476191,0.3333333333333333,0.6,0.29411764705882354,1,0.2,0.5714285714285714,0,0.8888888888888888,0.7272727272727273,1,0.5,1,0.75,0.3333333333333333,0.4,0.75,0.875
Comoros,COM,2020,0.289,7.331171569493497,13.675782865002596,LM,70.62,NA,85.6,0,0,0,NA,NA,1,0,2015,2024,126,85,0.6746031746031746,0.3333333333333333,0.6,0.47058823529411764,1,0.2,0.8571428571428571,0,0.8888888888888888,0.7272727272727273,1,0.6666666666666666,0.875,0.75,0.6666666666666666,0.2,0.8333333333333334,0.875
Comoros,COM,2021,0.29,7.367787169033048,13.697240403684876,LM,70.387,NA,87.9,0,0,0,NA,NA,1,0,2015,2024,126,80,0.6349206349206349,0.3333333333333333,0.6,0.35294117647058826,0.625,0.2,0.8571428571428571,0,0.8888888888888888,0.7272727272727273,1,0.6666666666666666,1,0.75,0.6666666666666666,0.4,0.75,0.75
Comoros,COM,2022,0.282,7.306192860433757,13.637309301064391,LM,70.136,NA,89.9,0,0,0,NA,NA,1,0,2015,2024,126,83,0.6587301587301587,0.3333333333333333,0.6,0.47058823529411764,0.875,0.2,0.8571428571428571,0.25,0.7777777777777778,0.7272727272727273,1,0.6666666666666666,0.875,0.75,0.6666666666666666,0.4,0.6666666666666666,0.875
Comoros,COM,2023,0.275,7.371685739439859,NA,LM,69.868,NA,89.8,0,0,0,NA,NA,1,0,2015,2024,126,93,0.7380952380952381,0.3333333333333333,1,0.5294117647058824,0.875,0.4,1,0.75,0.7777777777777778,0.5454545454545454,1,0.8333333333333334,1,0.5,0.6666666666666666,0.2,0.8333333333333334,1
Cape Verde,CPV,2015,0.798,8.135951122348967,13.170658180807637,LM,35.7,NA,86.4,0,0,0,NA,NA,0,0,NA,NA,126,70,0.5555555555555556,0.3333333333333333,0.5,0.29411764705882354,0.5,0.2,0.42857142857142855,0,0.8888888888888888,0.7272727272727273,0.3333333333333333,0.5,1,0.75,0.3333333333333333,0.6,0.75,0.75
Cape Verde,CPV,2016,0.802,8.191176601993984,13.182780918957596,LM,35.216,NA,87.5,0,0,0,NA,NA,0,0,NA,NA,126,72,0.5714285714285714,0.3333333333333333,0.5,0.35294117647058826,0.625,0.2,0.5714285714285714,0,0.8888888888888888,0.6363636363636364,1,0.5,1,0.75,0.3333333333333333,0.6,0.6666666666666666,0.625
Cape Verde,CPV,2017,0.798,8.26695993580033,13.194682178517107,LM,34.739,NA,88.6,0,0,0,NA,NA,0,0,NA,NA,126,71,0.5634920634920635,0.3333333333333333,0.5,0.29411764705882354,0.625,0.2,0.5714285714285714,0,0.8888888888888888,0.6363636363636364,1,0.5,1,0.75,0.3333333333333333,0.6,0.6666666666666666,0.625
Cape Verde,CPV,2018,0.781,8.365198709821906,13.206270608180017,LM,34.268,NA,90.2,0,0,0,NA,NA,0,0,NA,NA,126,71,0.5634920634920635,0.3333333333333333,0.5,0.35294117647058826,0.625,0.2,0.5714285714285714,0,0.8888888888888888,0.6363636363636364,1,0.5,1,0.75,0.3333333333333333,0.6,0.5833333333333334,0.625
Cape Verde,CPV,2019,0.786,8.384982341805147,13.217557186801518,LM,33.805,NA,91.4,0,0,0,NA,NA,0,0,NA,NA,126,76,0.6031746031746031,0.3333333333333333,0.6,0.35294117647058826,0.625,0.2,0.5714285714285714,0,0.8888888888888888,0.7272727272727273,1,0.5,1,0.75,0.5,0.6,0.75,0.625
Cape Verde,CPV,2020,0.795,8.171663513333455,13.228501990265997,LM,33.348,NA,93.7,0,0,0,NA,NA,0,0,NA,NA,126,77,0.6111111111111112,0.3333333333333333,0.6,0.47058823529411764,0.625,0.2,0.5714285714285714,0,0.8888888888888888,0.6363636363636364,1,0.5,0.875,0.75,0.6666666666666666,0.6,0.75,0.625
Cape Verde,CPV,2021,0.776,8.286885054140976,13.239080956774805,LM,32.898,NA,95.5,0,0,0,NA,NA,0,0,NA,NA,126,79,0.626984126984127,0.3333333333333333,0.6,0.4117647058823529,0.75,0.2,0.5714285714285714,0,0.8888888888888888,0.6363636363636364,1,0.5,1,0.75,0.6666666666666666,0.6,0.8333333333333334,0.625
Cape Verde,CPV,2022,0.754,8.371777430497836,13.293200911173642,LM,32.455,NA,97.1,0,0,0,NA,NA,0,0,NA,NA,126,83,0.6587301587301587,0.3333333333333333,0.6,0.5882352941176471,0.875,0.2,0.5714285714285714,0.25,0.8888888888888888,0.6363636363636364,1,0.5,0.875,0.5,0.6666666666666666,0.6,0.8333333333333334,0.75
Cape Verde,CPV,2023,0.754,8.486936882521476,NA,LM,32.018,NA,98.6,0,0,0,NA,NA,0,0,NA,NA,126,97,0.7698412698412699,0.3333333333333333,1,0.5882352941176471,1,0.4,1,0.75,0.7777777777777778,0.5454545454545454,1,0.8333333333333334,1,0.75,0.6666666666666666,0.6,0.8333333333333334,0.875
Costa Rica,CRI,2015,0.907,9.368600647265016,15.394036583150053,UM,23.138,0.43665,99.4,0,0,0,NA,NA,0,0,NA,NA,126,38,0.30158730158730157,0,0.5,0.17647058823529413,0.125,0,0.14285714285714285,0,0.4444444444444444,0.36363636363636365,0,0.3333333333333333,0.5,0.5,0.16666666666666666,0.4,0.25,0.75
Costa Rica,CRI,2016,0.903,9.400219147588473,15.404610243694435,UM,22.265,0.44335,99.5,0,0,0,NA,NA,0,0,NA,NA,126,42,0.3333333333333333,0,0.5,0.23529411764705882,0.5,0,0,0,0.5555555555555556,0.2727272727272727,0,0.3333333333333333,0.375,0.5,0.16666666666666666,0.2,0.5833333333333334,0.625
Costa Rica,CRI,2017,0.899,9.418743030621531,15.41488904359446,UM,21.44,0.42587,99.6,0,0,0,NA,NA,0,0,NA,NA,126,36,0.2857142857142857,0,0.5,0.17647058823529413,0.5,0,0,0,0.3333333333333333,0.2727272727272727,0,0.3333333333333333,0.375,0.5,0.16666666666666666,0.2,0.3333333333333333,0.625
Costa Rica,CRI,2018,0.891,9.440677934626176,15.424837064192934,UM,20.66,0.37144,99.7,0,0,0,NA,NA,0,0,NA,NA,126,25,0.1984126984126984,0,0.2,0.23529411764705882,0,0,0,0,0.3333333333333333,0.09090909090909091,0,0.3333333333333333,0.375,0.5,0,0.4,0.16666666666666666,0.5
Costa Rica,CRI,2019,0.894,9.463794753367718,15.434415714286793,UM,19.924,NA,99.7,0,0,0,NA,NA,0,0,NA,NA,126,38,0.30158730158730157,0,0.6,0.11764705882352941,0.5,0,0,0,0.5555555555555556,0.36363636363636365,0,0.3333333333333333,0.25,0.5,0.3333333333333333,0.2,0.25,0.625
Costa Rica,CRI,2020,0.897,9.42497174931369,15.443596313540857,UM,19.229,0.33002,99.9,0,0,0,NA,NA,0,0,NA,NA,126,39,0.30952380952380953,0,0.6,0.29411764705882354,0.5,0,0,0,0.5555555555555556,0.18181818181818182,0,0.16666666666666666,0.25,0.5,0.6666666666666666,0.2,0.25,0.5
Costa Rica,CRI,2021,0.895,9.460174035354566,15.452379379211708,UM,18.575,0.27385,100,0,0,0,NA,NA,0,0,NA,NA,126,37,0.29365079365079366,0,0.6,0.17647058823529413,0.5,0,0,0,0.4444444444444444,0.2727272727272727,0,0.3333333333333333,0.375,0.25,0.6666666666666666,0.4,0.16666666666666666,0.375
Costa Rica,CRI,2022,0.861,9.519727734776977,15.460475640040892,UM,17.958,0.33789,100,0,0,0,NA,NA,0,0,NA,NA,126,43,0.3412698412698413,0,0.5,0.4117647058823529,0.375,0,0.14285714285714285,0.25,0.4444444444444444,0.36363636363636365,0,0.3333333333333333,0.25,0.5,0.6666666666666666,0.2,0.25,0.5
Costa Rica,CRI,2023,0.868,9.73755260744804,NA,UM,17.378,NA,100,0,0,0,NA,NA,0,0,NA,NA,126,68,0.5396825396825397,0,1,0.47058823529411764,0.75,0.2,0.8571428571428571,0.75,0.5555555555555556,0.36363636363636365,0,0.6666666666666666,0.375,0.25,0.6666666666666666,0.2,0.4166666666666667,0.875
Cuba,CUB,2015,0.169,8.952595020248673,16.242503538190274,UM,23.104,0.42854,99,0,0,0,NA,NA,0,0,NA,NA,126,65,0.5158730158730159,1,0.5,0.29411764705882354,0.625,0.2,0.14285714285714285,0,0.7777777777777778,0.6363636363636364,1,0.5,0.5,0.5,0.16666666666666666,0.4,0.75,0.875
Cuba,CUB,2016,0.17,9.000922039927415,16.24341536988896,UM,23.07,0.34223,99.2,0,0,0,NA,NA,0,0,NA,NA,126,63,0.5,1,0.5,0.35294117647058826,0.625,0.2,0.14285714285714285,0,0.7777777777777778,0.45454545454545453,1,0.5,0.5,0.5,0.16666666666666666,0.2,0.75,0.875
Cuba,CUB,2017,0.17,9.06075024475198,16.24378115745673,UM,23.023,0.43066,99.4,0,0,0,NA,NA,0,0,NA,NA,126,63,0.5,1,0.5,0.29411764705882354,0.625,0.2,0.14285714285714285,0,0.7777777777777778,0.5454545454545454,1,0.5,0.5,0.5,0.16666666666666666,0.2,0.75,0.875
Cuba,CUB,2018,0.178,9.095093599034657,16.243683350834104,UM,22.963,0.53691,99.6,0,0,0,NA,NA,0,0,NA,NA,126,62,0.49206349206349204,1,0.5,0.35294117647058826,0.625,0.2,0.14285714285714285,0,0.6666666666666666,0.45454545454545453,1,0.5,0.5,0.5,0,0.4,0.75,0.875
Cuba,CUB,2019,0.181,9.130459276800975,16.243272087941605,UM,22.891,0.55308,99.8,0,0,0,NA,NA,0,0,NA,NA,126,59,0.46825396825396826,1,0.3,0.23529411764705882,0.5,0.2,0.14285714285714285,0,0.8888888888888888,0.5454545454545454,1,0.5,0.375,0.5,0.3333333333333333,0.2,0.6666666666666666,0.875
Cuba,CUB,2020,0.179,9.170066274312196,16.242665912310404,UM,22.806,0.51838,99.9,0,0,0,NA,NA,0,0,NA,NA,126,68,0.5396825396825397,1,0.6,0.4117647058823529,0.625,0.2,0.14285714285714285,0,0.8888888888888888,0.45454545454545453,1,0.3333333333333333,0.375,0.5,0.6666666666666666,0.2,0.8333333333333334,0.875
Cuba,CUB,2021,0.179,NA,16.241860581574763,UM,22.708,0.32282,100,0,0,0,NA,NA,0,0,NA,NA,126,64,0.5079365079365079,1,0.5,0.29411764705882354,0.5,0.2,0.14285714285714285,0,0.8888888888888888,0.45454545454545453,1,0.5,0.375,0.25,0.6666666666666666,0.4,0.8333333333333334,0.75
Cuba,CUB,2022,0.179,NA,16.232512226441017,UM,22.599,0.36012,100,0,0,0,NA,NA,0,0,NA,NA,126,75,0.5952380952380952,1,0.6,0.5882352941176471,0.625,0.2,0.2857142857142857,0.25,0.7777777777777778,0.5454545454545454,1,0.5,0.5,0.5,0.6666666666666666,0.2,0.8333333333333334,0.875
Cuba,CUB,2023,0.176,NA,NA,UM,22.477,NA,100,0,0,0,NA,NA,0,0,NA,NA,126,88,0.6984126984126984,1,1,0.5882352941176471,0.625,0.4,0.8571428571428571,0.75,0.8888888888888888,0.36363636363636365,1,0.8333333333333334,0.5,0.5,0.6666666666666666,0.2,0.8333333333333334,1
Cyprus,CYP,2015,0.854,10.064212085166362,13.964781063373584,H,33.054,0.47529,100,0,0,0,NA,NA,0,0,NA,NA,126,54,0.42857142857142855,0.3333333333333333,0.4,0.29411764705882354,0.25,0.4,0,0,0.7777777777777778,0.5454545454545454,0.3333333333333333,0.6666666666666666,0.5,0.5,0.16666666666666666,0.4,0.5833333333333334,0.75
Cyprus,CYP,2016,0.851,10.115171868893734,13.972675832189545,H,33.119,0.5197,100,0,0,0,NA,NA,0,0,NA,NA,126,56,0.4444444444444444,0.3333333333333333,0.5,0.35294117647058826,0.625,0.4,0.14285714285714285,0,0.7777777777777778,0.36363636363636365,0.3333333333333333,0.6666666666666666,0.5,0.5,0.16666666666666666,0.2,0.5833333333333334,0.625
Cyprus,CYP,2017,0.838,10.192306112566182,13.980758011652036,H,33.164,0.54259,100,0,0,0,NA,NA,0,0,NA,NA,126,55,0.4365079365079365,0.3333333333333333,0.5,0.29411764705882354,0.625,0.4,0.14285714285714285,0,0.6666666666666666,0.45454545454545453,0.3333333333333333,0.6666666666666666,0.5,0.5,0.16666666666666666,0.2,0.5833333333333334,0.625
Cyprus,CYP,2018,0.833,10.29552917848772,13.988843504636725,H,33.19,0.61405,100,0,0,0,NA,NA,0,0,NA,NA,126,49,0.3888888888888889,0.3333333333333333,0.5,0.35294117647058826,0.25,0.2,0.14285714285714285,0,0.6666666666666666,0.36363636363636365,0.3333333333333333,0.6666666666666666,0.5,0.5,0,0.4,0.5833333333333334,0.375
Cyprus,CYP,2019,0.838,10.299005105030608,13.996643074796978,H,33.195,0.70945,100,0,0,0,NA,NA,0,0,NA,NA,126,55,0.4365079365079365,0.3333333333333333,0.5,0.23529411764705882,0.625,0.4,0.14285714285714285,0,0.8888888888888888,0.45454545454545453,0.3333333333333333,0.6666666666666666,0.375,0.5,0.3333333333333333,0.2,0.5833333333333334,0.5
Cyprus,CYP,2020,0.804,10.262874363088397,14.00394754401112,H,33.179,0.83654,100,0,0,0,NA,NA,0,0,NA,NA,126,55,0.4365079365079365,0.3333333333333333,0.6,0.4117647058823529,0.625,0.4,0.14285714285714285,0,0.7777777777777778,0.45454545454545453,0.3333333333333333,0.6666666666666666,0.375,0.5,0.6666666666666666,0.2,0.25,0.375
Cyprus,CYP,2021,0.798,10.426270194490035,14.010738468307736,H,33.144,0.8003,100,0,0,0,NA,NA,0,0,NA,NA,126,51,0.40476190476190477,0.3333333333333333,0.6,0.29411764705882354,0.5,0.4,0.14285714285714285,0,0.6666666666666666,0.45454545454545453,0.3333333333333333,0.6666666666666666,0.5,0.25,0.6666666666666666,0.4,0.16666666666666666,0.375
Cyprus,CYP,2022,0.78,10.432318463172788,14.039843801314188,H,33.089,0.74527,100,0,0,0,NA,NA,0,0,NA,NA,126,56,0.4444444444444444,0.3333333333333333,0.5,0.5882352941176471,0.25,0.2,0.14285714285714285,0.25,0.6666666666666666,0.45454545454545453,1,0.6666666666666666,0.375,0.5,0.6666666666666666,0.2,0.25,0.5
Cyprus,CYP,2023,0.774,10.50647525977424,NA,H,33.013,NA,100,0,0,0,NA,NA,0,0,NA,NA,126,76,0.6031746031746031,0.3333333333333333,0.9,0.5882352941176471,1,0.4,0.8571428571428571,0.75,0.6666666666666666,0.36363636363636365,1,0.8333333333333334,0.375,0.25,0.6666666666666666,0.2,0.3333333333333333,0.75
Czechia,CZE,2015,0.86,9.794319729941355,16.171262793595115,H,26.523,1.91689,100,0,0,0,NA,NA,0,0,NA,NA,126,41,0.3253968253968254,0,0.5,0.11764705882352941,0.125,0,0,0,0.4444444444444444,0.2727272727272727,0,0.6666666666666666,0.375,0.25,1,0.4,0.25,0.875
Czechia,CZE,2016,0.86,9.839160671401231,16.173183277753544,H,26.43,1.67003,100,0,0,0,NA,NA,0,0,NA,NA,126,46,0.36507936507936506,0,0.5,0.17647058823529413,0.5,0,0,0,0.5555555555555556,0.09090909090909091,0,0.5,0.375,0.5,1,0.2,0.5833333333333334,0.75
Czechia,CZE,2017,0.839,9.948135704212664,16.175839704389034,H,26.325,1.76855,100,0,0,0,NA,NA,0,0,NA,NA,126,39,0.30952380952380953,0,0.5,0.058823529411764705,0.5,0,0,0,0.3333333333333333,0.18181818181818182,0,0.5,0.375,0.5,1,0.2,0.25,0.75
Czechia,CZE,2018,0.82,10.073480632503076,16.17918397701203,H,26.208,1.89906,100,0,0,0,NA,NA,0,0,NA,NA,126,35,0.2777777777777778,0,0.5,0.17647058823529413,0.125,0,0,0,0.3333333333333333,0.09090909090909091,0,0.5,0.375,0.25,0.8333333333333334,0.4,0.3333333333333333,0.5
Czechia,CZE,2019,0.809,10.088418992287425,16.18312186565405,H,26.079,1.92734,100,0,0,0,NA,NA,0,0,NA,NA,126,40,0.31746031746031744,0,0.6,0.058823529411764705,0.5,0,0,0,0.5555555555555556,0.18181818181818182,0,0.5,0.25,0.5,1,0.2,0.25,0.625
Czechia,CZE,2020,0.82,10.06360148321628,16.18555409247617,H,25.939,1.98599,100,0,0,0,NA,NA,0,0,NA,NA,126,41,0.3253968253968254,0,0.6,0.23529411764705882,0.5,0,0,0,0.5555555555555556,0.18181818181818182,0,0.3333333333333333,0.25,0.5,1,0.2,0.25,0.5
Czechia,CZE,2021,0.797,10.229059956580764,16.186076303657977,H,25.786,1.99601,100,0,0,0,NA,NA,0,0,NA,NA,126,38,0.30158730158730157,0,0.6,0.11764705882352941,0.375,0,0,0,0.4444444444444444,0.2727272727272727,0,0.5,0.375,0.25,1,0.4,0.16666666666666666,0.375
Czechia,CZE,2022,0.857,10.2499887474002,16.16936588007987,H,25.623,1.9642,100,0,0,0,NA,NA,0,0,NA,NA,126,41,0.3253968253968254,0,0.4,0.29411764705882354,0.125,0,0.14285714285714285,0.25,0.4444444444444444,0.2727272727272727,0.3333333333333333,0.5,0.375,0.5,1,0.2,0.16666666666666666,0.5
Czechia,CZE,2023,0.871,10.360633153944002,NA,H,25.448,NA,100,0,0,0,NA,NA,0,0,NA,NA,126,74,0.5873015873015873,0.3333333333333333,0.9,0.47058823529411764,0.75,0.2,0.8571428571428571,0.75,0.5555555555555556,0.36363636363636365,1,0.6666666666666666,0.5,0.5,1,0.2,0.4166666666666667,0.75
Germany,DEU,2015,0.89,10.643303863510532,18.21840066635147,H,22.8,2.93379,100,0,0,0,NA,NA,0,0,NA,NA,126,34,0.2698412698412698,0,0.5,0.11764705882352941,0.125,0,0,0,0.4444444444444444,0.18181818181818182,0,0.5,0.375,0.25,0.16666666666666666,0.4,0.25,0.875
Germany,DEU,2016,0.889,10.668048837132371,18.22647285173721,H,22.776,2.94039,100,0,0,0,NA,NA,0,0,NA,NA,126,39,0.30952380952380953,0,0.3,0.17647058823529413,0.5,0,0,0,0.5555555555555556,0.09090909090909091,0,0.5,0.375,0.5,0.16666666666666666,0.2,0.5833333333333334,0.75
Germany,DEU,2017,0.893,10.72605204862405,18.230210097336165,H,22.739,3.0471,100,0,0,0,NA,NA,0,0,NA,NA,126,34,0.2698412698412698,0,0.5,0.058823529411764705,0.5,0,0,0,0.3333333333333333,0.18181818181818182,0,0.5,0.375,0.5,0.16666666666666666,0.2,0.25,0.75
Germany,DEU,2018,0.883,10.797018422603228,18.233215364356088,H,22.688,3.11011,100,0,0,0,NA,NA,0,0,NA,NA,126,29,0.23015873015873015,0,0.5,0.17647058823529413,0.125,0,0,0,0.3333333333333333,0.09090909090909091,0,0.5,0.375,0.25,0,0.4,0.25,0.5
Germany,DEU,2019,0.883,10.771089292932722,18.235470563098215,H,22.624,3.16701,100,0,0,0,NA,NA,0,0,NA,NA,126,36,0.2857142857142857,0,0.6,0.058823529411764705,0.5,0,0,0,0.5555555555555556,0.18181818181818182,0,0.5,0.25,0.5,0.3333333333333333,0.2,0.25,0.625
Germany,DEU,2020,0.873,10.765950521811936,18.23628749468471,H,22.547,3.13136,100,0,0,0,NA,NA,0,0,NA,NA,126,41,0.3253968253968254,0,0.6,0.23529411764705882,0.5,0,0.14285714285714285,0,0.6666666666666666,0.18181818181818182,0,0.3333333333333333,0.25,0.5,0.6666666666666666,0.2,0.25,0.5
Germany,DEU,2021,0.866,10.864094726103922,18.235907604483874,H,22.456,3.12882,100,0,0,0,NA,NA,0,0,NA,NA,126,40,0.31746031746031744,0.3333333333333333,0.6,0.058823529411764705,0.375,0,0.14285714285714285,0,0.4444444444444444,0.2727272727272727,1,0.5,0.375,0.25,0.6666666666666666,0.4,0.16666666666666666,0.375
Germany,DEU,2022,0.856,10.813480806052478,18.24727703667126,H,22.352,3.13236,100,0,0,0,NA,NA,0,0,NA,NA,126,44,0.3492063492063492,0.3333333333333333,0.4,0.47058823529411764,0.125,0,0.14285714285714285,0.25,0.4444444444444444,0.2727272727272727,1,0.5,0.25,0.5,0.6666666666666666,0.2,0.16666666666666666,0.5
Germany,DEU,2023,0.856,10.903075257551826,NA,H,22.235,NA,100,0,0,0,NA,NA,0,0,NA,NA,126,72,0.5714285714285714,0.3333333333333333,0.9,0.5294117647058824,0.5,0.2,0.8571428571428571,0.75,0.5555555555555556,0.36363636363636365,1,0.6666666666666666,0.5,0.5,0.6666666666666666,0.2,0.5,0.75
Djibouti,DJI,2015,0.244,7.773226518733035,13.725583662250086,LM,22.583,NA,59.1,0,0,0,NA,NA,0,0,NA,NA,126,72,0.5714285714285714,0.3333333333333333,0.5,0.4117647058823529,1,0.2,0.14285714285714285,0,0.7777777777777778,0.7272727272727273,1,0.5,0.5,0.5,0.6666666666666666,0.4,0.75,0.875
Djibouti,DJI,2016,0.245,7.828209335380876,13.741989951738946,LM,22.472,NA,59.8,0,0,0,NA,NA,0,0,NA,NA,126,70,0.5555555555555556,0.3333333333333333,0.5,0.47058823529411764,1,0.2,0.2857142857142857,0,0.7777777777777778,0.6363636363636364,1,0.5,0.5,0.5,0.6666666666666666,0.2,0.6666666666666666,0.75
Djibouti,DJI,2017,0.248,7.870530742795996,13.757987371720608,LM,22.352,NA,60.2,0,0,0,NA,NA,0,0,NA,NA,126,69,0.5476190476190477,0.3333333333333333,0.5,0.4117647058823529,1,0.2,0.2857142857142857,0,0.7777777777777778,0.7272727272727273,0.3333333333333333,0.5,0.5,0.5,0.6666666666666666,0.4,0.6666666666666666,0.75
Djibouti,DJI,2018,0.256,7.907682986050605,13.7735660586712,LM,22.223,NA,62.4,0,0,0,NA,NA,0,0,NA,NA,126,70,0.5555555555555556,0.3333333333333333,0.5,0.47058823529411764,1,0.2,0.2857142857142857,0,0.6666666666666666,0.6363636363636364,1,0.5,0.5,0.5,0.6666666666666666,0.4,0.6666666666666666,0.75
Djibouti,DJI,2019,0.255,7.95056271956201,13.788711653698186,LM,22.085,NA,64.7,0,0,0,NA,NA,0,0,NA,NA,126,70,0.5555555555555556,0.3333333333333333,0.4,0.35294117647058826,1,0.2,0.2857142857142857,0,0.8888888888888888,0.7272727272727273,1,0.5,0.5,0.5,0.5,0.2,0.8333333333333334,0.75
Djibouti,DJI,2020,0.253,7.96623951458858,13.803440001019451,LM,21.938,NA,64.5,0,0,0,NA,NA,0,0,NA,NA,126,75,0.5952380952380952,0.3333333333333333,0.6,0.5294117647058824,1,0.2,0.2857142857142857,0,0.8888888888888888,0.6363636363636364,1,0.5,0.375,0.5,0.6666666666666666,0.4,0.8333333333333334,0.75
Djibouti,DJI,2021,0.253,8.0129105949515,13.817705148088791,LM,21.783,NA,65.4,0,0,0,NA,NA,0,0,NA,NA,126,73,0.5793650793650794,0.3333333333333333,0.6,0.4117647058823529,1,0.2,0.2857142857142857,0,0.8888888888888888,0.6363636363636364,1,0.5,0.5,0.5,0.6666666666666666,0.4,0.8333333333333334,0.625
Djibouti,DJI,2022,0.253,8.080639859374196,13.929596991821604,LM,21.62,NA,65,0,0,0,NA,NA,0,0,NA,NA,126,75,0.5952380952380952,0.3333333333333333,0.6,0.5882352941176471,1,0.2,0.2857142857142857,0.25,0.7777777777777778,0.6363636363636364,1,0.5,0.375,0.5,0.6666666666666666,0.2,0.8333333333333334,0.75
Djibouti,DJI,2023,0.253,8.176065106052457,NA,LM,21.448,NA,65.2,0,0,0,NA,NA,0,0,NA,NA,126,88,0.6984126984126984,0.3333333333333333,1,0.5882352941176471,1,0.4,0.8571428571428571,0.75,0.7777777777777778,0.5454545454545454,1,0.8333333333333334,0.375,0.25,0.6666666666666666,0.4,0.8333333333333334,0.875
Denmark,DNK,2015,0.921,10.87981945812456,15.553074806989798,H,12.474,3.05497,100,0,0,0,NA,NA,0,0,NA,NA,126,35,0.2777777777777778,0,0.5,0.11764705882352941,0.125,0,0,0,0.4444444444444444,0.2727272727272727,0,0.5,0.375,0.25,0.16666666666666666,0.4,0.25,0.875
Denmark,DNK,2016,0.918,10.905972972066614,15.560878733431151,H,12.358,3.09283,100,0,0,0,NA,NA,0,0,NA,NA,126,41,0.3253968253968254,0,0.5,0.17647058823529413,0.5,0,0,0,0.5555555555555556,0.09090909090909091,0,0.5,0.375,0.5,0.16666666666666666,0.2,0.5833333333333334,0.75
Denmark,DNK,2017,0.918,10.95991496525786,15.567312242468525,H,12.243,2.93124,100,0,0,0,NA,NA,0,0,NA,NA,126,34,0.2698412698412698,0,0.5,0.058823529411764705,0.5,0,0,0,0.3333333333333333,0.18181818181818182,0,0.5,0.375,0.5,0.16666666666666666,0.2,0.25,0.75
Denmark,DNK,2018,0.918,11.02393906153689,15.572270631727315,H,12.126,2.96603,100,0,0,0,NA,NA,0,0,NA,NA,126,29,0.23015873015873015,0,0.5,0.17647058823529413,0.125,0,0,0,0.3333333333333333,0.09090909090909091,0,0.5,0.375,0.25,0,0.4,0.25,0.5
Denmark,DNK,2019,0.914,10.992121326340571,15.575851940886242,H,12.006,2.89685,100,0,0,0,NA,NA,0,0,NA,NA,126,34,0.2698412698412698,0,0.5,0.058823529411764705,0.5,0,0,0,0.5555555555555556,0.18181818181818182,0,0.5,0.25,0.5,0.3333333333333333,0.2,0.16666666666666666,0.625
Denmark,DNK,2020,0.915,11.018391222395532,15.578768352661008,H,11.884,2.9725799999999998,100,0,0,0,NA,NA,0,0,NA,NA,126,42,0.3333333333333333,0.3333333333333333,0.6,0.23529411764705882,0.5,0,0,0,0.5555555555555556,0.18181818181818182,0.6666666666666666,0.3333333333333333,0.25,0.5,0.6666666666666666,0.2,0.25,0.5
Denmark,DNK,2021,0.915,11.15235705661193,15.583102497555103,H,11.76,2.76142,100,0,0,0,NA,NA,0,0,NA,NA,126,38,0.30158730158730157,0.3333333333333333,0.5,0.058823529411764705,0.375,0,0.14285714285714285,0,0.4444444444444444,0.2727272727272727,0.6666666666666666,0.5,0.375,0.25,0.6666666666666666,0.4,0.16666666666666666,0.375
Denmark,DNK,2022,0.915,11.128605011325046,15.590977522202506,H,11.633,2.89051,100,0,0,0,NA,NA,0,0,NA,NA,126,43,0.3412698412698413,0.3333333333333333,0.5,0.29411764705882354,0.125,0,0.14285714285714285,0.25,0.4444444444444444,0.2727272727272727,1,0.5,0.25,0.5,0.6666666666666666,0.2,0.25,0.5
Denmark,DNK,2023,0.915,11.133915467973155,NA,H,11.505,NA,100,0,0,0,NA,NA,0,0,NA,NA,126,71,0.5634920634920635,0.3333333333333333,0.9,0.4117647058823529,0.5,0.4,0.8571428571428571,0.75,0.5555555555555556,0.36363636363636365,1,0.6666666666666666,0.5,0.5,0.6666666666666666,0.2,0.5,0.75
Dominican Republic,DOM,2015,0.581,8.827604817063827,16.14587374246157,UM,21.434,NA,98.6,0,0,0,NA,NA,0,0,NA,NA,126,51,0.40476190476190477,0.3333333333333333,0.5,0.23529411764705882,0.125,0.2,0.14285714285714285,0,0.6666666666666666,0.6363636363636364,0.3333333333333333,0.5,0.5,0.5,0.5,0.4,0.3333333333333333,0.75
Dominican Republic,DOM,2016,0.556,8.878333440464614,16.157098840455046,UM,20.564,NA,98.9,0,0,0,NA,NA,0,0,NA,NA,126,57,0.4523809523809524,0.3333333333333333,0.5,0.35294117647058826,0.5,0.2,0.14285714285714285,0,0.7777777777777778,0.5454545454545454,0.3333333333333333,0.5,0.5,0.5,0.5,0.2,0.5833333333333334,0.625
Dominican Republic,DOM,2017,0.544,8.922617346952523,16.16813370285855,UM,19.723,NA,100,0,0,0,NA,NA,0,0,NA,NA,126,51,0.40476190476190477,0.3333333333333333,0.5,0.29411764705882354,0.5,0.2,0.14285714285714285,0,0.5555555555555556,0.6363636363636364,0.3333333333333333,0.5,0.5,0.5,0.5,0.2,0.25,0.625
Dominican Republic,DOM,2018,0.552,8.979036290424684,16.17892232294948,UM,18.926,NA,98.9,0,0,0,NA,NA,0,0,NA,NA,126,47,0.373015873015873,0.3333333333333333,0.5,0.35294117647058826,0.125,0.2,0.14285714285714285,0,0.5555555555555556,0.5454545454545454,0.3333333333333333,0.5,0.5,0.5,0.3333333333333333,0.4,0.25,0.5
Dominican Republic,DOM,2019,0.549,9.00751657023228,16.189388528735122,UM,18.172,NA,99,0,0,1,2020,2024,0,0,NA,NA,126,46,0.36507936507936506,0.3333333333333333,0.3,0.23529411764705882,0.5,0.2,0,0,0.7777777777777778,0.6363636363636364,0.3333333333333333,0.5,0.375,0.5,0.5,0.2,0.08333333333333333,0.625
Dominican Republic,DOM,2020,0.646,8.876585285835917,16.199482439565635,UM,17.46,NA,100,0,1,0,2020,2024,0,0,NA,NA,126,53,0.42063492063492064,0.3333333333333333,0.5,0.47058823529411764,0.5,0.2,0,0,0.7777777777777778,0.6363636363636364,0.3333333333333333,0.3333333333333333,0.375,0.5,0.6666666666666666,0.2,0.25,0.5
Dominican Republic,DOM,2021,0.688,9.044578521654824,16.209189134801093,UM,16.787,NA,98.1,0,1,0,2020,2024,0,0,NA,NA,126,54,0.42857142857142855,0.3333333333333333,0.6,0.35294117647058826,0.5,0.2,0.14285714285714285,0,0.6666666666666666,0.6363636363636364,0.3333333333333333,0.5,0.5,0.25,0.6666666666666666,0.4,0.25,0.5
Dominican Republic,DOM,2022,0.685,9.22123316945921,16.233994334560222,UM,16.152,NA,98.1,0,1,0,2020,2024,0,0,NA,NA,126,54,0.42857142857142855,0.3333333333333333,0.6,0.5294117647058824,0.125,0.2,0.14285714285714285,0.25,0.6666666666666666,0.6363636363636364,0.3333333333333333,0.5,0.375,0.5,0.6666666666666666,0.2,0.25,0.5
Dominican Republic,DOM,2023,0.685,9.27964511069416,NA,UM,15.554,NA,99.6,0,1,0,2020,2024,0,0,NA,NA,126,79,0.626984126984127,0.3333333333333333,1,0.5294117647058824,0.625,0.4,0.8571428571428571,0.75,0.6666666666666666,0.45454545454545453,1,0.8333333333333334,0.5,0.5,0.6666666666666666,0.2,0.5,0.875
Algeria,DZA,2015,0.328,8.452133793739366,17.497567290153235,UM,29.152,NA,99.4,0,0,0,NA,NA,0,0,NA,NA,126,60,0.47619047619047616,0.3333333333333333,0.5,0.29411764705882354,0.625,0.2,0,0,0.7777777777777778,0.6363636363636364,1,0.5,0.5,0.5,0.16666666666666666,0.4,0.5833333333333334,0.875
Algeria,DZA,2016,0.308,8.395022233142718,17.518080813887025,UM,28.541,NA,99.4,0,0,0,NA,NA,0,0,NA,NA,126,61,0.48412698412698413,0.3333333333333333,0.5,0.35294117647058826,0.75,0.2,0.14285714285714285,0,0.7777777777777778,0.5454545454545454,1,0.5,0.5,0.5,0.16666666666666666,0.2,0.6666666666666666,0.75
Algeria,DZA,2017,0.307,8.423907819104954,17.538529907014546,UM,27.948,0.47865,99.5,0,0,0,NA,NA,0,0,NA,NA,126,58,0.4603174603174603,0.3333333333333333,0.5,0.29411764705882354,0.875,0.2,0.14285714285714285,0,0.6666666666666666,0.45454545454545453,1,0.5,0.375,0.5,0.16666666666666666,0.2,0.6666666666666666,0.75
Algeria,DZA,2018,0.309,8.428844984977255,17.55860389364597,UM,27.371,NA,99.6,0,0,0,NA,NA,0,0,NA,NA,126,52,0.4126984126984127,0.3333333333333333,0.5,0.35294117647058826,0.625,0.2,0.14285714285714285,0,0.5555555555555556,0.45454545454545453,1,0.5,0.5,0.5,0,0.4,0.25,0.75
Algeria,DZA,2019,0.292,8.404797636463655,17.57794372708839,LM,26.811,NA,99.5,0,0,0,NA,NA,0,0,NA,NA,126,49,0.3888888888888889,0.3333333333333333,0.3,0.17647058823529413,0.625,0.2,0.14285714285714285,0,0.7777777777777778,0.5454545454545454,1,0.5,0.5,0.5,0.3333333333333333,0.2,0.08333333333333333,0.75
Algeria,DZA,2020,0.279,8.227787488232762,17.59630906213243,LM,26.267,NA,99.7,0,0,0,NA,NA,0,0,NA,NA,126,62,0.49206349206349204,0.3333333333333333,0.6,0.47058823529411764,0.875,0.2,0.14285714285714285,0,0.7777777777777778,0.5454545454545454,1,0.3333333333333333,0.375,0.5,0.6666666666666666,0.2,0.4166666666666667,0.625
Algeria,DZA,2021,0.281,8.333404783401864,17.61361712779405,LM,25.739,NA,99.8,0,0,0,NA,NA,0,0,NA,NA,126,59,0.46825396825396826,0.3333333333333333,0.6,0.35294117647058826,0.625,0.2,0.14285714285714285,0,0.6666666666666666,0.5454545454545454,1,0.5,0.5,0.5,0.6666666666666666,0.4,0.3333333333333333,0.625
Algeria,DZA,2022,0.27,8.509473990295024,17.62002017641372,LM,25.228,NA,100,0,0,0,NA,NA,0,0,NA,NA,126,62,0.49206349206349204,0.3333333333333333,0.6,0.5294117647058824,0.625,0.2,0.14285714285714285,0.25,0.6666666666666666,0.5454545454545454,1,0.5,0.375,0.5,0.6666666666666666,0.2,0.4166666666666667,0.625
Algeria,DZA,2023,0.27,8.587470455051678,NA,UM,24.732,NA,100,0,0,0,NA,NA,0,0,NA,NA,126,75,0.5952380952380952,0.3333333333333333,1,0.5294117647058824,0.625,0.4,0.8571428571428571,0.75,0.6666666666666666,0.36363636363636365,1,0.8333333333333334,0.5,0.25,0.6666666666666666,0.2,0.4166666666666667,0.75
Ecuador,ECU,2015,0.543,8.695533446837196,16.601263623748906,UM,36.602,NA,98.8,0,0,0,NA,NA,0,0,NA,NA,126,51,0.40476190476190477,0.3333333333333333,0.5,0.23529411764705882,0.5,0.2,0,0,0.6666666666666666,0.6363636363636364,0.3333333333333333,0.6666666666666666,0.5,0.5,0.16666666666666666,0.4,0.25,0.75
Ecuador,ECU,2016,0.546,8.685692613276197,16.618332369626003,UM,36.466,NA,98.7,0,0,1,2017,2024,0,0,NA,NA,126,54,0.42857142857142855,0.3333333333333333,0.5,0.29411764705882354,0.5,0.2,0,0,0.7777777777777778,0.5454545454545454,0.3333333333333333,0.6666666666666666,0.5,0.5,0.16666666666666666,0.2,0.5833333333333334,0.625
Ecuador,ECU,2017,0.558,8.737664767862883,16.63601739758452,UM,36.33,NA,99.2,0,1,0,2017,2024,0,0,NA,NA,126,48,0.38095238095238093,0.3333333333333333,0.5,0.23529411764705882,0.5,0.2,0,0,0.5555555555555556,0.6363636363636364,0.3333333333333333,0.6666666666666666,0.5,0.5,0.16666666666666666,0.2,0.25,0.625
Ecuador,ECU,2018,0.655,8.748926770573034,16.6536739245368,UM,36.179,NA,98.7,0,1,0,2017,2024,0,0,NA,NA,126,48,0.38095238095238093,0.3333333333333333,0.5,0.29411764705882354,0.5,0.2,0,0,0.5555555555555556,0.5454545454545454,0.3333333333333333,0.6666666666666666,0.5,0.5,0,0.4,0.25,0.625
Ecuador,ECU,2019,0.622,8.73311997962625,16.67046565146369,UM,36.014,NA,99.1,0,1,0,2017,2024,0,0,NA,NA,126,47,0.373015873015873,0.3333333333333333,0.3,0.17647058823529413,0.5,0.2,0,0,0.7777777777777778,0.6363636363636364,0.3333333333333333,0.6666666666666666,0.375,0.5,0.3333333333333333,0.2,0.25,0.625
Ecuador,ECU,2020,0.624,8.605871445993202,16.6858530628866,UM,35.834,NA,98.9,0,1,0,2017,2024,0,0,NA,NA,126,53,0.42063492063492064,0.3333333333333333,0.6,0.35294117647058826,0.5,0.2,0,0,0.7777777777777778,0.6363636363636364,0.3333333333333333,0.5,0.375,0.5,0.6666666666666666,0.2,0.25,0.5
Ecuador,ECU,2021,0.624,8.712069384090116,16.699667152796984,UM,35.639,NA,100,0,1,0,2017,2024,0,0,NA,NA,126,54,0.42857142857142855,0.3333333333333333,0.6,0.29411764705882354,0.5,0.2,0.14285714285714285,0,0.6666666666666666,0.6363636363636364,0.3333333333333333,0.6666666666666666,0.5,0.25,0.6666666666666666,0.4,0.25,0.5
Ecuador,ECU,2022,0.665,8.785845069653579,16.70593786987284,UM,35.43,NA,100,0,1,0,2017,2024,0,0,NA,NA,126,55,0.4365079365079365,0.3333333333333333,0.5,0.5294117647058824,0.5,0.2,0.14285714285714285,0.25,0.6666666666666666,0.5454545454545454,0.3333333333333333,0.6666666666666666,0.375,0.5,0.6666666666666666,0.2,0.16666666666666666,0.5
Ecuador,ECU,2023,0.646,8.796309292769555,NA,UM,35.208,NA,98.7,0,1,0,2017,2024,0,0,NA,NA,126,74,0.5873015873015873,0.3333333333333333,1,0.5294117647058824,0.75,0.4,0.8571428571428571,0.75,0.6666666666666666,0.45454545454545453,0.3333333333333333,0.8333333333333334,0.375,0.25,0.6666666666666666,0.2,0.4166666666666667,0.75
Egypt,EGY,2015,0.156,8.103791147196723,18.342097917633293,LM,57.215,0.71858,99.3,0,0,0,NA,NA,0,0,NA,NA,126,57,0.4523809523809524,0.3333333333333333,0.5,0.35294117647058826,1,0.4,0.14285714285714285,0,0.6666666666666666,0.5454545454545454,0.3333333333333333,0.5,0.5,0.5,0.16666666666666666,0.4,0.25,0.75
Egypt,EGY,2016,0.179,8.092737531950954,18.363550140313944,LM,57.268,0.70848,100,0,0,0,NA,NA,0,0,NA,NA,126,59,0.46825396825396826,0.3333333333333333,0.5,0.4117647058823529,0.625,0.2,0.2857142857142857,0,0.7777777777777778,0.36363636363636365,1,0.5,0.5,0.5,0.16666666666666666,0.2,0.5833333333333334,0.75
Egypt,EGY,2017,0.179,7.781181654216998,18.384458466992943,LM,57.295,0.64486,100,0,0,0,NA,NA,0,0,NA,NA,126,53,0.42063492063492064,0.3333333333333333,0.5,0.35294117647058826,0.5,0.2,0.2857142857142857,0,0.5555555555555556,0.45454545454545453,0.3333333333333333,0.5,0.5,0.5,0.16666666666666666,0.4,0.4166666666666667,0.75
Egypt,EGY,2018,0.178,7.817908477069537,18.404791190984795,LM,57.296,0.68839,100,0,0,0,NA,NA,0,0,NA,NA,126,56,0.4444444444444444,0.3333333333333333,0.5,0.4117647058823529,0.625,0.2,0.2857142857142857,0,0.5555555555555556,0.36363636363636365,1,0.5,0.5,0.5,0,0.4,0.5,0.75
Egypt,EGY,2019,0.176,7.993953808113316,18.42455399322855,LM,57.27,0.79617,100,0,0,0,NA,NA,0,0,NA,NA,126,56,0.4444444444444444,0.3333333333333333,0.6,0.29411764705882354,0.625,0.2,0.2857142857142857,0,0.7777777777777778,0.45454545454545453,0.3333333333333333,0.5,0.375,0.5,0.3333333333333333,0.2,0.5,0.75
Egypt,EGY,2020,0.176,8.163688590909375,18.44375646959746,LM,57.217,0.91564,100,0,0,0,NA,NA,0,0,NA,NA,126,61,0.48412698412698413,0.3333333333333333,0.6,0.4117647058823529,0.625,0.2,0.2857142857142857,0,0.7777777777777778,0.45454545454545453,1,0.3333333333333333,0.375,0.5,0.6666666666666666,0.4,0.5,0.625
Egypt,EGY,2021,0.183,8.249929022037708,18.462382290753084,LM,57.138,0.91175,100,0,0,0,NA,NA,0,0,NA,NA,126,56,0.4444444444444444,0.3333333333333333,0.5,0.29411764705882354,0.625,0.2,0.2857142857142857,0,0.6666666666666666,0.45454545454545453,1,0.5,0.5,0.25,0.6666666666666666,0.4,0.3333333333333333,0.625
Egypt,EGY,2022,0.185,8.35073896100453,18.524951593139264,LM,57.033,1.01968,100,0,0,0,NA,NA,0,0,NA,NA,126,64,0.5079365079365079,0.3333333333333333,0.5,0.5294117647058824,0.875,0.2,0.2857142857142857,0.25,0.6666666666666666,0.45454545454545453,1,0.5,0.375,0.5,0.6666666666666666,0.2,0.5,0.625
Egypt,EGY,2023,0.189,8.148288602434521,NA,LM,56.9,1.03356,100,0,0,0,NA,NA,0,0,NA,NA,126,77,0.6111111111111112,0.3333333333333333,1,0.5294117647058824,0.75,0.4,0.8571428571428571,0.75,0.6666666666666666,0.2727272727272727,1,0.8333333333333334,0.375,0.25,0.6666666666666666,0.4,0.5,0.875
Eritrea,ERI,2015,0.07,NA,NA,L,61.794,NA,45.8,0,0,0,NA,NA,0,0,NA,NA,126,72,0.5714285714285714,0.3333333333333333,0.7,0.4117647058823529,0.625,0.2,0.2857142857142857,0,0.7777777777777778,0.7272727272727273,1,0.5,0.5,0.5,0.5,0.4,0.8333333333333334,0.875
Eritrea,ERI,2016,0.069,NA,NA,L,61.173,NA,46.9,0,0,0,NA,NA,0,0,NA,NA,126,75,0.5952380952380952,0.3333333333333333,0.7,0.47058823529411764,1,0.2,0.42857142857142855,0,0.7777777777777778,0.6363636363636364,1,0.5,0.5,0.5,0.5,0.2,0.8333333333333334,0.875
Eritrea,ERI,2017,0.068,NA,NA,L,60.549,NA,48,0,0,0,NA,NA,0,0,NA,NA,126,76,0.6031746031746031,0.3333333333333333,0.7,0.4117647058823529,0.625,0.2,0.7142857142857143,0,0.7777777777777778,0.7272727272727273,1,0.6666666666666666,0.5,0.5,0.5,0.4,0.8333333333333334,0.875
Eritrea,ERI,2018,0.069,NA,NA,L,59.92,NA,49.1,0,0,0,NA,NA,0,0,NA,NA,126,75,0.5952380952380952,0.3333333333333333,0.7,0.47058823529411764,0.5,0.2,0.7142857142857143,0,0.6666666666666666,0.7272727272727273,1,0.6666666666666666,0.5,0.5,0.5,0.4,0.8333333333333334,0.875
Eritrea,ERI,2019,0.07,NA,NA,L,59.288,NA,50.3,0,0,0,NA,NA,0,0,NA,NA,126,76,0.6031746031746031,0.3333333333333333,0.8,0.35294117647058826,0.625,0.2,0.7142857142857143,0,0.8888888888888888,0.8181818181818182,1,0.6666666666666666,0.5,0.5,0.3333333333333333,0.2,0.8333333333333334,0.875
Eritrea,ERI,2020,0.069,NA,NA,L,58.653,NA,51.4,0,0,0,NA,NA,0,0,NA,NA,126,84,0.6666666666666666,0.3333333333333333,0.8,0.5294117647058824,1,0.4,0.7142857142857143,0,0.8888888888888888,0.7272727272727273,1,0.6666666666666666,0.375,0.5,0.6666666666666666,0.4,0.8333333333333334,0.875
Eritrea,ERI,2021,0.072,NA,NA,L,58.015,NA,52.5,0,0,0,NA,NA,0,0,NA,NA,126,82,0.6507936507936508,0.3333333333333333,0.8,0.4117647058823529,1,0.4,0.7142857142857143,0,0.8888888888888888,0.7272727272727273,1,0.6666666666666666,0.5,0.5,0.6666666666666666,0.4,0.8333333333333334,0.75
Eritrea,ERI,2022,0.072,NA,15.11951836253025,L,57.375,NA,53.4,0,0,0,NA,NA,0,0,NA,NA,126,81,0.6428571428571429,0.3333333333333333,0.8,0.5882352941176471,0.625,0.4,0.7142857142857143,0.25,0.7777777777777778,0.7272727272727273,1,0.6666666666666666,0.375,0.5,0.6666666666666666,0.2,0.8333333333333334,0.875
Eritrea,ERI,2023,0.068,NA,NA,L,56.733,NA,54.4,0,0,0,NA,NA,0,0,NA,NA,126,92,0.7301587301587301,0.3333333333333333,1,0.5882352941176471,1,0.6,0.8571428571428571,0.75,0.8888888888888888,0.5454545454545454,1,0.8333333333333334,0.5,0.25,0.6666666666666666,0.4,0.8333333333333334,1
Spain,ESP,2015,0.858,10.164691078607378,17.653775757615602,H,20.398,1.22179,100,0,0,0,NA,NA,0,0,NA,NA,126,35,0.2777777777777778,0,0.5,0.11764705882352941,0,0.2,0.14285714285714285,0,0.4444444444444444,0.18181818181818182,0,0.5,0.375,0.25,0.16666666666666666,0.4,0.25,0.875
Spain,ESP,2016,0.851,10.193941474112243,17.654620059116283,H,20.16,1.18986,100,0,0,0,NA,NA,0,0,NA,NA,126,42,0.3333333333333333,0,0.5,0.23529411764705882,0.375,0.2,0,0,0.5555555555555556,0.09090909090909091,0,0.5,0.375,0.5,0.16666666666666666,0.2,0.5833333333333334,0.75
Spain,ESP,2017,0.84,10.253014887166744,17.65696593834597,H,19.92,1.20977,100,0,0,0,NA,NA,0,0,NA,NA,126,37,0.29365079365079366,0,0.5,0.11764705882352941,0.5,0.2,0.14285714285714285,0,0.3333333333333333,0.18181818181818182,0,0.5,0.375,0.5,0.16666666666666666,0.2,0.25,0.75
Spain,ESP,2018,0.855,10.328497950256809,17.661345768283258,H,19.679,1.24151,100,0,0,0,NA,NA,0,0,NA,NA,126,30,0.23809523809523808,0,0.5,0.17647058823529413,0.25,0,0,0,0.3333333333333333,0.09090909090909091,0,0.5,0.375,0.25,0,0.4,0.25,0.5
Spain,ESP,2019,0.874,10.301464734299838,17.66852292465429,H,19.435,1.25025,100,0,0,0,NA,NA,0,0,NA,NA,126,37,0.29365079365079366,0,0.5,0.058823529411764705,0.5,0.2,0.14285714285714285,0,0.5555555555555556,0.18181818181818182,0,0.5,0.25,0.5,0.3333333333333333,0.2,0.25,0.625
Spain,ESP,2020,0.877,10.212087805925623,17.6733607376573,H,19.19,1.4091,100,0,0,0,NA,NA,0,0,NA,NA,126,39,0.30952380952380953,0,0.6,0.17647058823529413,0.375,0.2,0.14285714285714285,0,0.5555555555555556,0.18181818181818182,0,0.3333333333333333,0.375,0.5,0.6666666666666666,0.2,0.16666666666666666,0.5
Spain,ESP,2021,0.851,10.335843923049673,17.67258490154529,H,18.944,1.41122,100,0,0,0,NA,NA,0,0,NA,NA,126,40,0.31746031746031744,0,0.6,0.11764705882352941,0.5,0.2,0.14285714285714285,0,0.4444444444444444,0.2727272727272727,0,0.5,0.5,0.25,0.6666666666666666,0.4,0.16666666666666666,0.375
Spain,ESP,2022,0.866,10.31848593292346,17.678659109670722,H,18.696,1.43532,100,0,0,0,NA,NA,0,0,NA,NA,126,41,0.3253968253968254,0,0.4,0.35294117647058826,0.125,0,0.14285714285714285,0.25,0.4444444444444444,0.2727272727272727,0.3333333333333333,0.5,0.375,0.5,0.6666666666666666,0.2,0.25,0.5
Spain,ESP,2023,0.843,10.419569720434678,NA,H,18.448,NA,100,0,0,0,NA,NA,0,0,NA,NA,126,68,0.5396825396825397,0.3333333333333333,0.9,0.47058823529411764,0.5,0.2,0.8571428571428571,0.75,0.5555555555555556,0.36363636363636365,1,0.6666666666666666,0.375,0.25,0.6666666666666666,0.2,0.4166666666666667,0.75
Estonia,EST,2015,0.895,9.782570874208616,14.089656681410414,H,31.584,1.46777,100,0,0,0,NA,NA,0,0,NA,NA,126,36,0.2857142857142857,0,0.5,0.11764705882352941,0.125,0.2,0,0,0.4444444444444444,0.2727272727272727,0,0.5,0.375,0.25,0.16666666666666666,0.4,0.25,0.875
Estonia,EST,2016,0.907,9.834478983604544,14.089947803665954,H,31.437,1.24306,100,0,0,0,NA,NA,0,0,NA,NA,126,42,0.3333333333333333,0,0.5,0.11764705882352941,0.5,0.2,0,0,0.5555555555555556,0.09090909090909091,0,0.5,0.375,0.5,0.16666666666666666,0.2,0.6666666666666666,0.75
Estonia,EST,2017,0.906,9.945182238950016,14.09115850998062,H,31.283,1.27685,100,0,0,0,NA,NA,0,0,NA,NA,126,36,0.2857142857142857,0,0.5,0.11764705882352941,0.5,0.2,0,0,0.3333333333333333,0.18181818181818182,0,0.5,0.375,0.5,0.16666666666666666,0.2,0.25,0.75
Estonia,EST,2018,0.906,10.069770175968818,14.094638901360426,H,31.12,1.40999,100,0,0,0,NA,NA,0,0,NA,NA,126,28,0.2222222222222222,0,0.5,0.11764705882352941,0.125,0,0,0,0.3333333333333333,0.09090909090909091,0,0.5,0.375,0.25,0,0.4,0.25,0.5
Estonia,EST,2019,0.895,10.08669414007481,14.098322038316168,H,30.949,1.62058,100,0,0,0,NA,NA,0,0,NA,NA,126,37,0.29365079365079366,0,0.6,0.058823529411764705,0.5,0.2,0,0,0.5555555555555556,0.18181818181818182,0,0.5,0.25,0.5,0.3333333333333333,0.2,0.25,0.625
Estonia,EST,2020,0.896,10.08305506793714,14.100297694128654,H,30.771,1.75315,100,0,0,0,NA,NA,0,0,NA,NA,126,39,0.30952380952380953,0,0.6,0.17647058823529413,0.5,0.2,0,0,0.5555555555555556,0.18181818181818182,0,0.3333333333333333,0.25,0.5,0.6666666666666666,0.2,0.25,0.5
Estonia,EST,2021,0.897,10.238307246603595,14.10012844057778,H,30.585,1.76766,100,0,0,0,NA,NA,0,0,NA,NA,126,36,0.2857142857142857,0,0.6,0.11764705882352941,0.375,0.2,0,0,0.4444444444444444,0.2727272727272727,0,0.5,0.375,0.25,0.6666666666666666,0.4,0.08333333333333333,0.375
Estonia,EST,2022,0.895,10.255943782501674,14.111732065433523,H,30.391,1.78205,100,0,0,0,NA,NA,0,0,NA,NA,126,39,0.30952380952380953,0,0.4,0.29411764705882354,0.125,0,0.14285714285714285,0.25,0.4444444444444444,0.2727272727272727,0.3333333333333333,0.5,0.25,0.5,0.6666666666666666,0.2,0.25,0.5
Estonia,EST,2023,0.895,10.313386299194,NA,H,30.19,NA,100,0,0,0,NA,NA,0,0,NA,NA,126,69,0.5476190476190477,0.3333333333333333,0.9,0.47058823529411764,0.5,0.4,0.8571428571428571,0.75,0.5555555555555556,0.36363636363636365,1,0.6666666666666666,0.5,0.5,0.6666666666666666,0.2,0.25,0.75
Ethiopia,ETH,2015,0.229,6.432691949092355,18.429000568033715,L,80.572,NA,29,0,0,0,NA,NA,0,0,NA,NA,126,60,0.47619047619047616,0.3333333333333333,0.5,0.35294117647058826,0.625,0.2,0,0,0.6666666666666666,0.6363636363636364,0.3333333333333333,0.5,0.5,0.5,1,0.4,0.4166666666666667,0.75
Ethiopia,ETH,2016,0.229,6.545631064271101,18.45608129456755,L,80.134,NA,42.9,0,0,0,NA,NA,0,0,NA,NA,126,64,0.5079365079365079,0.3333333333333333,0.3,0.29411764705882354,0.875,0.2,0.14285714285714285,0,0.7777777777777778,0.5454545454545454,1,0.5,0.5,0.5,1,0.2,0.75,0.625
Ethiopia,ETH,2017,0.228,6.61423278334712,18.482715439382854,L,79.69,0.27437,44.3,0,0,1,2018,2019,0,0,NA,NA,126,61,0.48412698412698413,0.3333333333333333,0.5,0.29411764705882354,0.875,0.2,0.14285714285714285,0,0.5555555555555556,0.5454545454545454,1,0.5,0.5,0.5,1,0.2,0.5,0.625
Ethiopia,ETH,2018,0.273,6.617360388297496,18.508915131093435,L,79.237,NA,44.8,0,1,0,2018,2019,0,0,NA,NA,126,66,0.5238095238095238,0.3333333333333333,0.5,0.4117647058823529,1,0.2,0.14285714285714285,0,0.5555555555555556,0.7272727272727273,1,0.5,0.5,0.5,0.8333333333333334,0.4,0.5,0.625
Ethiopia,ETH,2019,0.333,6.719869034754272,18.534712101969923,L,78.775,NA,48,0,1,0,2018,2019,0,0,NA,NA,126,62,0.49206349206349204,0.3333333333333333,0.3,0.23529411764705882,1,0.2,0.14285714285714285,0,0.7777777777777778,0.7272727272727273,1,0.5,0.375,0.5,1,0.2,0.5,0.625
Ethiopia,ETH,2020,0.323,6.808280934445959,18.560125966611913,L,78.305,NA,51.1,0,0,0,NA,NA,0,0,NA,NA,126,66,0.5238095238095238,0.3333333333333333,0.6,0.47058823529411764,1,0.2,0.14285714285714285,0,0.7777777777777778,0.6363636363636364,1,0.3333333333333333,0.375,0.5,1,0.2,0.4166666666666667,0.625
Ethiopia,ETH,2021,0.293,6.814485640187214,18.585145699712164,L,77.826,NA,54.2,0,0,0,NA,NA,0,0,NA,NA,126,65,0.5158730158730159,0.3333333333333333,0.6,0.35294117647058826,0.75,0.2,0.14285714285714285,0,0.7777777777777778,0.7272727272727273,1,0.5,0.5,0.25,1,0.4,0.5,0.5
Ethiopia,ETH,2022,0.3,6.918767705018421,18.630778965762435,L,77.339,NA,55.4,0,0,0,NA,NA,0,0,NA,NA,126,67,0.5317460317460317,0.3333333333333333,0.6,0.5294117647058824,0.875,0.2,0.14285714285714285,0.25,0.5555555555555556,0.6363636363636364,1,0.5,0.375,0.5,1,0.2,0.5,0.625
Ethiopia,ETH,2023,0.283,7.148358544132609,NA,L,76.843,NA,55.4,0,0,0,NA,NA,0,0,NA,NA,126,80,0.6349206349206349,0.3333333333333333,1,0.5294117647058824,0.75,0.4,0.8571428571428571,0.75,0.6666666666666666,0.5454545454545454,1,0.8333333333333334,0.375,0.25,1,0.2,0.5,0.75
Finland,FIN,2015,0.866,10.658678246162992,15.516530071320078,H,14.775,2.87196,100,0,0,0,NA,NA,0,0,NA,NA,126,35,0.2777777777777778,0,0.5,0.11764705882352941,0.125,0,0,0,0.4444444444444444,0.18181818181818182,0,0.5,0.375,0.25,0.3333333333333333,0.4,0.25,0.875
Finland,FIN,2016,0.863,10.679395042588588,15.519404285336954,H,14.725,2.72442,100,0,0,0,NA,NA,0,0,NA,NA,126,42,0.3333333333333333,0,0.5,0.17647058823529413,0.5,0,0,0,0.5555555555555556,0.09090909090909091,0,0.5,0.375,0.5,0.3333333333333333,0.2,0.5833333333333334,0.75
Finland,FIN,2017,0.866,10.738243175509824,15.52175099065401,H,14.675,2.72787,100,0,0,0,NA,NA,0,0,NA,NA,126,36,0.2857142857142857,0,0.5,0.11764705882352941,0.5,0,0,0,0.3333333333333333,0.18181818181818182,0,0.5,0.375,0.5,0.3333333333333333,0.2,0.25,0.75
Finland,FIN,2018,0.877,10.812839258962498,15.523077401061927,H,14.618,2.75749,100,0,0,0,NA,NA,0,0,NA,NA,126,30,0.23809523809523808,0,0.5,0.17647058823529413,0.125,0,0,0,0.3333333333333333,0.09090909090909091,0,0.5,0.375,0.25,0.16666666666666666,0.4,0.25,0.5
Finland,FIN,2019,0.876,10.786390685741576,15.52417931796684,H,14.554,2.79961,100,0,0,0,NA,NA,0,0,NA,NA,126,35,0.2777777777777778,0,0.5,0.058823529411764705,0.5,0,0,0,0.5555555555555556,0.18181818181818182,0,0.5,0.25,0.5,0.3333333333333333,0.2,0.25,0.625
Finland,FIN,2020,0.874,10.796073220178474,15.525615729938966,H,14.483,2.91243,100,0,0,0,NA,NA,0,0,NA,NA,126,39,0.30952380952380953,0,0.6,0.23529411764705882,0.5,0,0,0,0.5555555555555556,0.18181818181818182,0,0.3333333333333333,0.25,0.5,0.6666666666666666,0.2,0.25,0.5
Finland,FIN,2021,0.871,10.879915919715092,15.527811149057156,H,14.404,2.9885,100,0,0,0,NA,NA,0,0,NA,NA,126,36,0.2857142857142857,0,0.6,0.17647058823529413,0.375,0,0,0,0.4444444444444444,0.2727272727272727,0,0.5,0.375,0.25,0.6666666666666666,0.4,0.08333333333333333,0.375
Finland,FIN,2022,0.87,10.828509563610938,15.530547357643435,H,14.319,2.96469,100,0,0,0,NA,NA,0,0,NA,NA,126,41,0.3253968253968254,0,0.4,0.35294117647058826,0.125,0,0.14285714285714285,0.25,0.4444444444444444,0.2727272727272727,0.3333333333333333,0.5,0.375,0.5,0.6666666666666666,0.2,0.25,0.5
Finland,FIN,2023,0.86,10.87664412870038,NA,H,14.227,NA,100,0,0,0,NA,NA,0,0,NA,NA,126,69,0.5476190476190477,0.3333333333333333,0.9,0.5294117647058824,0.5,0.2,0.8571428571428571,0.75,0.5555555555555556,0.36363636363636365,1,0.6666666666666666,0.375,0.25,0.6666666666666666,0.2,0.4166666666666667,0.75
Fiji,FJI,2015,0.396,8.536511601105834,13.67467483929764,UM,45.274,NA,93.2,0,1,0,2014,2024,0,0,NA,NA,126,72,0.5714285714285714,0.3333333333333333,0.5,0.35294117647058826,0.75,0.2,0.14285714285714285,0,0.8888888888888888,0.7272727272727273,1,0.5,1,0.75,0.3333333333333333,0.4,0.75,0.75
Fiji,FJI,2016,0.404,8.587426141474495,13.679010190865052,UM,44.765,NA,93.4,0,1,0,2014,2024,0,0,NA,NA,126,70,0.5555555555555556,0.3333333333333333,0.5,0.35294117647058826,0.625,0.2,0.2857142857142857,0,0.8888888888888888,0.6363636363636364,1,0.5,1,0.75,0.3333333333333333,0.4,0.75,0.625
Fiji,FJI,2017,0.406,8.670231505536956,13.684786649237587,UM,44.258,NA,96,0,1,0,2014,2024,0,0,NA,NA,126,73,0.5793650793650794,0.3333333333333333,0.5,0.4117647058823529,0.625,0.2,0.2857142857142857,0,0.8888888888888888,0.7272727272727273,1,0.5,1,0.75,0.3333333333333333,0.2,0.9166666666666666,0.625
Fiji,FJI,2018,0.41,8.713650991045352,13.691635252058704,UM,43.752,NA,95.1,0,1,0,2014,2024,0,0,NA,NA,126,72,0.5714285714285714,0.3333333333333333,0.5,0.4117647058823529,0.625,0.2,0.2857142857142857,0,0.8888888888888888,0.6363636363636364,1,0.5,1,0.75,0.16666666666666666,0.4,0.9166666666666666,0.625
Fiji,FJI,2019,0.399,8.691285763799803,13.69892617863228,UM,43.25,NA,96.1,0,1,0,2014,2024,0,0,NA,NA,126,70,0.5555555555555556,0.3333333333333333,0.6,0.29411764705882354,0.625,0.2,0.2857142857142857,0,0.8888888888888888,0.7272727272727273,0.3333333333333333,0.5,0.875,0.75,0.3333333333333333,0.4,0.9166666666666666,0.625
Fiji,FJI,2020,0.409,8.485583072402328,13.706191104934076,UM,42.753,NA,97.1,0,1,0,2014,2024,0,0,NA,NA,126,75,0.5952380952380952,0.3333333333333333,0.6,0.5294117647058824,0.625,0.2,0.2857142857142857,0,0.8888888888888888,0.7272727272727273,1,0.3333333333333333,0.875,0.75,0.6666666666666666,0.2,0.8333333333333334,0.625
Fiji,FJI,2021,0.4,8.454502778860144,13.713365976752591,UM,42.26,NA,92.1,0,1,0,2014,2024,0,0,NA,NA,126,67,0.5317460317460317,0.3333333333333333,0.3,0.35294117647058826,0.625,0.2,0.2857142857142857,0,0.8888888888888888,0.7272727272727273,1,0.5,1,0.75,0.6666666666666666,0.4,0.5,0.5
Fiji,FJI,2022,0.399,8.595085294165138,13.742688220566375,UM,41.771,NA,92,0,1,0,2014,2024,0,0,NA,NA,126,78,0.6190476190476191,0.3333333333333333,0.5,0.5882352941176471,0.75,0.2,0.2857142857142857,0.25,0.8888888888888888,0.6363636363636364,1,0.5,0.875,0.75,0.6666666666666666,0.4,0.8333333333333334,0.625
Fiji,FJI,2023,0.504,8.680796769090447,NA,UM,41.287,NA,99.3,1,1,0,2014,2024,0,0,NA,NA,126,89,0.7063492063492064,0.3333333333333333,1,0.5882352941176471,0.75,0.4,1,0.75,0.7777777777777778,0.45454545454545453,1,0.8333333333333334,0.875,0.5,0.6666666666666666,0.2,0.8333333333333334,0.75
France,FRA,2015,0.895,10.510598308958148,18.013438137028768,H,20.345,2.22702,100,0,0,0,NA,NA,0,0,NA,NA,126,37,0.29365079365079366,0.3333333333333333,0.5,0.058823529411764705,0.125,0.2,0,0,0.4444444444444444,0.18181818181818182,0.6666666666666666,0.5,0.375,0.25,0.16666666666666666,0.4,0.25,0.875
France,FRA,2016,0.895,10.51932745619726,18.01607682491442,H,20.083,2.22238,100,0,0,0,NA,NA,0,0,NA,NA,126,44,0.3492063492063492,0.3333333333333333,0.5,0.11764705882352941,0.5,0.2,0,0,0.5555555555555556,0.09090909090909091,0.6666666666666666,0.5,0.375,0.5,0.16666666666666666,0.2,0.5833333333333334,0.75
France,FRA,2017,0.892,10.56326310925969,18.018978846077932,H,19.82,2.19888,100,0,0,0,NA,NA,0,0,NA,NA,126,38,0.30158730158730157,0.3333333333333333,0.5,0.058823529411764705,0.5,0.2,0,0,0.3333333333333333,0.18181818181818182,0.6666666666666666,0.5,0.375,0.5,0.16666666666666666,0.2,0.25,0.75
France,FRA,2018,0.883,10.631475112976275,18.0217233645685,H,19.556,2.19666,100,0,0,0,NA,NA,0,0,NA,NA,126,31,0.24603174603174602,0.3333333333333333,0.5,0.11764705882352941,0.125,0,0,0,0.3333333333333333,0.09090909090909091,0.6666666666666666,0.5,0.375,0.25,0,0.4,0.25,0.5
France,FRA,2019,0.874,10.60679011371718,18.023911606058473,H,19.291,2.19179,100,0,0,0,NA,NA,0,0,NA,NA,126,38,0.30158730158730157,0.3333333333333333,0.5,0,0.5,0.2,0,0,0.5555555555555556,0.18181818181818182,0.6666666666666666,0.5,0.25,0.5,0.3333333333333333,0.2,0.25,0.625
France,FRA,2020,0.872,10.57566286780749,18.025857430551422,H,19.025,2.27464,100,0,0,0,NA,NA,0,0,NA,NA,126,40,0.31746031746031744,0,0.6,0.17647058823529413,0.5,0.2,0,0,0.5555555555555556,0.2727272727272727,0,0.3333333333333333,0.25,0.5,0.6666666666666666,0.2,0.25,0.5
France,FRA,2021,0.875,10.685677585761834,18.027628422462055,H,18.758,2.21808,100,0,0,0,NA,NA,0,0,NA,NA,126,36,0.2857142857142857,0,0.6,0.058823529411764705,0.375,0.2,0.14285714285714285,0,0.4444444444444444,0.2727272727272727,0,0.5,0.375,0.25,0.6666666666666666,0.4,0.08333333333333333,0.375
France,FRA,2022,0.879,10.623345111797263,18.03407163876228,H,18.491,2.23312,100,0,0,0,NA,NA,0,0,NA,NA,126,41,0.3253968253968254,0,0.4,0.4117647058823529,0.125,0,0.14285714285714285,0.25,0.4444444444444444,0.2727272727272727,0.3333333333333333,0.5,0.25,0.5,0.6666666666666666,0.2,0.25,0.5
France,FRA,2023,0.877,10.70752595332219,NA,H,18.223,NA,100,0,0,0,NA,NA,0,0,NA,NA,126,70,0.5555555555555556,0.3333333333333333,0.9,0.4117647058823529,0.75,0.4,0.8571428571428571,0.75,0.5555555555555556,0.36363636363636365,1,0.6666666666666666,0.375,0.25,0.6666666666666666,0.2,0.4166666666666667,0.75
Gabon,GAB,2015,0.374,8.860375230594483,14.482154612943887,UM,11.882,NA,87.3,0,0,0,NA,NA,0,0,NA,NA,126,66,0.5238095238095238,0.3333333333333333,0.5,0.35294117647058826,1,0.2,0.2857142857142857,0,0.7777777777777778,0.6363636363636364,1,0.5,0.5,0.5,0.16666666666666666,0.4,0.6666666666666666,0.75
Gabon,GAB,2016,0.379,8.806434553393988,14.512590993126793,UM,11.441,NA,88.1,0,0,0,NA,NA,0,0,NA,NA,126,66,0.5238095238095238,0.3333333333333333,0.5,0.35294117647058826,1,0.2,0.42857142857142855,0,0.7777777777777778,0.5454545454545454,1,0.5,0.5,0.5,0.16666666666666666,0.2,0.8333333333333334,0.625
Gabon,GAB,2017,0.395,8.84242155639387,14.540549739070544,UM,11.024,NA,86.3,0,0,0,NA,NA,0,1,2018,2024,126,63,0.5,0.3333333333333333,0.5,0.35294117647058826,1,0.2,0.42857142857142855,0,0.6666666666666666,0.6363636363636364,0.3333333333333333,0.5,0.5,0.5,0.16666666666666666,0.2,0.75,0.625
Gabon,GAB,2018,0.388,8.939092845904478,14.566584607027238,UM,10.63,NA,89.6,0,0,0,NA,NA,1,0,2018,2024,126,63,0.5,0.3333333333333333,0.5,0.35294117647058826,1,0.2,0.42857142857142855,0,0.6666666666666666,0.5454545454545454,1,0.5,0.5,0.5,0,0.4,0.6666666666666666,0.625
Gabon,GAB,2019,0.386,8.914784535575667,14.591425038814345,UM,10.259,NA,90.3,0,0,0,NA,NA,1,0,2018,2024,126,65,0.5158730158730159,0.3333333333333333,0.6,0.23529411764705882,0.75,0.2,0.42857142857142855,0,0.8888888888888888,0.6363636363636364,1,0.5,0.375,0.5,0.3333333333333333,0.2,0.8333333333333334,0.625
Gabon,GAB,2020,0.376,8.795703853918683,14.615594611078407,UM,9.908,NA,91.1,0,0,0,NA,NA,1,0,2018,2024,126,70,0.5555555555555556,0.3333333333333333,0.3,0.47058823529411764,1,0.2,0.42857142857142855,0,0.8888888888888888,0.6363636363636364,1,0.5,0.375,0.5,0.6666666666666666,0.2,0.8333333333333334,0.625
Gabon,GAB,2021,0.376,9.009619681386518,14.639172272503542,UM,9.577,NA,91.8,0,0,0,NA,NA,1,0,2018,2024,126,60,0.47619047619047616,0.3333333333333333,0.6,0.29411764705882354,0.75,0.2,0.42857142857142855,0,0.6666666666666666,0.6363636363636364,1,0.5,0.5,0.5,0.6666666666666666,0.4,0.25,0.5
Gabon,GAB,2022,0.37,9.037082505362926,14.686382077620882,UM,9.265,NA,93.5,0,0,0,NA,NA,1,0,2018,2024,126,69,0.5476190476190477,0.3333333333333333,0.6,0.5294117647058824,0.875,0.2,0.42857142857142855,0.25,0.6666666666666666,0.6363636363636364,1,0.5,0.375,0.5,0.6666666666666666,0.2,0.5,0.75
Gabon,GAB,2023,0.293,8.96224261272102,NA,UM,8.971,NA,94.1,0,0,0,NA,NA,1,0,2018,2024,126,80,0.6349206349206349,0.3333333333333333,1,0.5294117647058824,1,0.4,0.8571428571428571,0.75,0.6666666666666666,0.45454545454545453,1,0.8333333333333334,0.375,0.25,0.6666666666666666,0.2,0.5,0.875
United Kingdom,GBR,2015,0.857,10.71362614750302,17.99168421593358,H,17.374,2.27566,100,0,0,0,NA,NA,0,0,NA,NA,126,35,0.2777777777777778,0,0.4,0.17647058823529413,0.25,0,0,0,0.4444444444444444,0.2727272727272727,0,0.5,0.375,0.25,0.16666666666666666,0.4,0.25,0.75
United Kingdom,GBR,2016,0.856,10.620967162291608,17.9992629608617,H,17.114,2.32052,100,0,0,0,NA,NA,0,0,NA,NA,126,44,0.3492063492063492,0,0.5,0.23529411764705882,0.625,0,0.14285714285714285,0,0.5555555555555556,0.18181818181818182,0,0.5,0.375,0.5,0.16666666666666666,0.2,0.5833333333333334,0.625
United Kingdom,GBR,2017,0.864,10.610836446674584,18.006056705600944,H,16.857,2.32602,100,0,0,0,NA,NA,0,0,NA,NA,126,37,0.29365079365079366,0,0.4,0.17647058823529413,0.625,0,0.14285714285714285,0,0.3333333333333333,0.2727272727272727,0,0.5,0.375,0.5,0.16666666666666666,0.2,0.25,0.625
United Kingdom,GBR,2018,0.875,10.67368405991824,18.012115996923068,H,16.602,2.71124,100,0,0,0,NA,NA,0,0,NA,NA,126,33,0.2619047619047619,0,0.5,0.23529411764705882,0.25,0,0.14285714285714285,0,0.3333333333333333,0.2727272727272727,0,0.5,0.375,0.25,0,0.4,0.25,0.375
United Kingdom,GBR,2019,0.857,10.661076422279956,18.017757308057067,H,16.348,2.6708,100,0,0,0,NA,NA,0,0,NA,NA,126,40,0.31746031746031744,0,0.6,0.11764705882352941,0.625,0,0.14285714285714285,0,0.5555555555555556,0.36363636363636365,0,0.5,0.25,0.5,0.3333333333333333,0.2,0.25,0.5
United Kingdom,GBR,2020,0.874,10.601664095623148,18.02141140238121,H,16.097,2.93883,100,0,0,0,NA,NA,0,0,NA,NA,126,44,0.3492063492063492,0,0.6,0.35294117647058826,0.75,0,0.14285714285714285,0,0.5555555555555556,0.36363636363636365,0,0.16666666666666666,0.25,0.5,0.6666666666666666,0.2,0.25,0.375
United Kingdom,GBR,2021,0.864,10.755706134291508,18.025065501254847,H,15.848,2.89711,100,0,0,0,NA,NA,0,0,NA,NA,126,42,0.3333333333333333,0,0.6,0.23529411764705882,0.625,0,0.14285714285714285,0,0.4444444444444444,0.36363636363636365,0,0.6666666666666666,0.375,0.25,0.6666666666666666,0.4,0.08333333333333333,0.375
United Kingdom,GBR,2022,0.843,10.73500282734219,18.019776384799716,H,15.602,NA,100,0,0,0,NA,NA,0,0,NA,NA,126,48,0.38095238095238093,0,0.4,0.5294117647058824,0.375,0,0.14285714285714285,0.25,0.4444444444444444,0.45454545454545453,0.3333333333333333,0.6666666666666666,0.25,0.5,0.6666666666666666,0.2,0.25,0.5
United Kingdom,GBR,2023,0.852,10.808997489108954,NA,H,15.358,NA,100,0,0,0,NA,NA,0,0,NA,NA,126,77,0.6111111111111112,0.3333333333333333,1,0.5882352941176471,0.875,0.2,0.8571428571428571,0.75,0.5555555555555556,0.36363636363636365,1,0.6666666666666666,0.5,0.5,0.6666666666666666,0.2,0.5,0.75
Georgia,GEO,2015,0.673,8.315474075820383,15.130651501010709,UM,42.552,0.29397,100,0,1,0,2012,2016,0,0,NA,NA,126,49,0.3888888888888889,0.3333333333333333,0.5,0.23529411764705882,0.375,0.2,0,0,0.6666666666666666,0.5454545454545454,0.3333333333333333,0.5,0.5,0.5,0.3333333333333333,0.4,0.25,0.75
Georgia,GEO,2016,0.693,8.329272289185782,15.131249667001754,LM,42.163,0.28025,100,0,1,0,2012,2016,0,0,NA,NA,126,55,0.4365079365079365,0.3333333333333333,0.5,0.29411764705882354,0.75,0.2,0,0,0.7777777777777778,0.45454545454545453,0.3333333333333333,0.5,0.5,0.5,0.3333333333333333,0.2,0.5833333333333334,0.625
Georgia,GEO,2017,0.69,8.393612596971506,15.131383527748415,LM,41.769,0.26645,100,0,0,0,NA,NA,0,1,2018,2024,126,46,0.36507936507936506,0.3333333333333333,0.5,0.23529411764705882,0.625,0.2,0,0,0.5555555555555556,0.45454545454545453,0.3333333333333333,0.5,0.5,0.5,0.3333333333333333,0.2,0.16666666666666666,0.625
Georgia,GEO,2018,0.676,8.477215549496643,15.130993162284929,UM,41.368,0.27573,99.9,0,0,0,NA,NA,1,0,2018,2024,126,41,0.3253968253968254,0.3333333333333333,0.2,0.29411764705882354,0.25,0.2,0,0,0.5555555555555556,0.36363636363636365,0.3333333333333333,0.5,0.5,0.5,0.16666666666666666,0.4,0.25,0.625
Georgia,GEO,2019,0.635,8.464063110537147,15.129277504882689,UM,40.961,0.28197,100,0,0,0,NA,NA,1,0,2018,2024,126,49,0.3888888888888889,0.3333333333333333,0.6,0.17647058823529413,0.75,0.2,0,0,0.7777777777777778,0.45454545454545453,0.3333333333333333,0.5,0.375,0.5,0.3333333333333333,0.2,0.25,0.625
Georgia,GEO,2020,0.629,8.366569587171819,15.129964067377369,UM,40.547,0.29765,100,0,0,0,NA,NA,1,0,2018,2024,126,57,0.4523809523809524,0.3333333333333333,0.6,0.35294117647058826,0.75,0.2,0,0,0.7777777777777778,0.45454545454545453,0.3333333333333333,0.5,0.375,0.5,0.6666666666666666,0.2,0.5,0.625
Georgia,GEO,2021,0.635,8.533776319131931,15.126167701307097,UM,40.128,0.24875,100,0,0,0,NA,NA,1,0,2018,2024,126,55,0.4365079365079365,0.3333333333333333,0.6,0.23529411764705882,0.75,0.2,0,0,0.6666666666666666,0.45454545454545453,0.3333333333333333,0.5,0.5,0.5,0.6666666666666666,0.4,0.5,0.5
Georgia,GEO,2022,0.633,8.814307628768297,15.127216600813483,UM,39.703,0.2347,100,0,0,0,NA,NA,1,0,2018,2024,126,52,0.4126984126984127,0.3333333333333333,0.5,0.4117647058823529,0.25,0.2,0.14285714285714285,0.25,0.6666666666666666,0.45454545454545453,0.3333333333333333,0.5,0.375,0.5,0.6666666666666666,0.2,0.3333333333333333,0.625
Georgia,GEO,2023,0.604,9.022041337847568,NA,UM,39.273,0.25283,100,0,0,0,NA,NA,1,0,2018,2024,126,77,0.6111111111111112,0.3333333333333333,1,0.5294117647058824,0.75,0.4,0.8571428571428571,0.75,0.6666666666666666,0.2727272727272727,1,0.8333333333333334,0.5,0.5,0.6666666666666666,0.2,0.5,0.75
Ghana,GHA,2015,0.739,7.451067247010029,17.14231490633382,LM,45.914,NA,74,0,1,0,1992,2017,0,0,NA,NA,126,57,0.4523809523809524,0.3333333333333333,0.5,0.29411764705882354,0.875,0.2,0,0,0.6666666666666666,0.7272727272727273,1,0.5,0.5,0.5,0.16666666666666666,0.4,0.25,0.75
Ghana,GHA,2016,0.73,7.556525577326736,17.1647810059354,LM,45.251,NA,79.3,0,1,0,1992,2017,0,0,NA,NA,126,59,0.46825396825396826,0.3333333333333333,0.5,0.35294117647058826,1,0.2,0.14285714285714285,0,0.7777777777777778,0.5454545454545454,0.3333333333333333,0.5,0.5,0.5,0.16666666666666666,0.2,0.5833333333333334,0.625
Ghana,GHA,2017,0.742,7.607366650567898,17.186986054754303,LM,44.593,NA,79,0,1,0,1992,2017,0,0,NA,NA,126,47,0.373015873015873,0.3333333333333333,0.3,0.23529411764705882,0.5,0.2,0.14285714285714285,0,0.5555555555555556,0.5454545454545454,1,0.5,0.5,0.5,0.16666666666666666,0.2,0.25,0.625
Ghana,GHA,2018,0.743,7.694671864780853,17.20891458349648,LM,43.94,NA,80.4,0,0,0,NA,NA,0,0,NA,NA,126,49,0.3888888888888889,0.3333333333333333,0.5,0.29411764705882354,0.625,0.2,0.14285714285714285,0,0.5555555555555556,0.45454545454545453,1,0.5,0.5,0.5,0,0.4,0.25,0.5
Ghana,GHA,2019,0.725,7.689915234522952,17.23054042811504,LM,43.293,NA,83.5,0,0,0,NA,NA,0,0,NA,NA,126,57,0.4523809523809524,0.3333333333333333,0.6,0.29411764705882354,0.625,0.2,0.14285714285714285,0,0.7777777777777778,0.6363636363636364,1,0.5,0.375,0.5,0.3333333333333333,0.2,0.4166666666666667,0.625
Ghana,GHA,2020,0.722,7.694642267412134,17.251848062844495,LM,42.651,NA,85.4,0,0,0,NA,NA,0,0,NA,NA,126,59,0.46825396825396826,0.3333333333333333,0.6,0.47058823529411764,0.625,0.2,0.14285714285714285,0,0.7777777777777778,0.5454545454545454,1,0.3333333333333333,0.375,0.5,0.6666666666666666,0.2,0.4166666666666667,0.5
Ghana,GHA,2021,0.661,7.80200521447128,17.272840227178826,LM,42.015,NA,86.3,0,0,0,NA,NA,0,0,NA,NA,126,56,0.4444444444444444,0.3333333333333333,0.6,0.29411764705882354,0.75,0.2,0.14285714285714285,0,0.6666666666666666,0.6363636363636364,1,0.5,0.5,0.25,0.6666666666666666,0.4,0.25,0.375
Ghana,GHA,2022,0.664,7.714355891978553,17.326335438748224,LM,41.385,NA,85.1,0,0,0,NA,NA,0,0,NA,NA,126,56,0.4444444444444444,0.3333333333333333,0.2,0.5294117647058824,0.875,0.2,0.14285714285714285,0.25,0.6666666666666666,0.5454545454545454,1,0.5,0.375,0.5,0.6666666666666666,0.2,0.16666666666666666,0.5
Ghana,GHA,2023,0.661,7.723247258074223,NA,LM,40.762,NA,89.5,0,0,0,NA,NA,0,0,NA,NA,126,78,0.6190476190476191,0.3333333333333333,1,0.47058823529411764,1,0.4,0.8571428571428571,0.75,0.6666666666666666,0.36363636363636365,1,0.8333333333333334,0.375,0.25,0.6666666666666666,0.2,0.5,0.875
Guinea,GIN,2015,0.368,6.616542938192789,16.251935396037336,L,64.859,NA,34.9,0,0,0,NA,NA,0,0,NA,NA,126,66,0.5238095238095238,0.3333333333333333,0.5,0.29411764705882354,0.75,0.2,0.2857142857142857,0,0.7777777777777778,0.6363636363636364,1,0.5,0.5,0.5,0.16666666666666666,0.4,0.8333333333333334,0.875
Guinea,GIN,2016,0.371,6.568073009433669,16.27837897334772,L,64.54,NA,33.5,0,0,0,NA,NA,0,0,NA,NA,126,59,0.46825396825396826,0.3333333333333333,0.3,0.29411764705882354,0.625,0.2,0.42857142857142855,0,0.7777777777777778,0.6363636363636364,1,0.5,0.5,0.5,0.16666666666666666,0.2,0.5833333333333334,0.75
Guinea,GIN,2017,0.362,6.725752017566833,16.30602777239119,L,64.207,NA,35.4,0,0,0,NA,NA,0,0,NA,NA,126,66,0.5238095238095238,0.3333333333333333,0.5,0.35294117647058826,1,0.2,0.42857142857142855,0,0.6666666666666666,0.7272727272727273,1,0.5,0.5,0.5,0.16666666666666666,0.2,0.6666666666666666,0.75
Guinea,GIN,2018,0.362,6.838698422162453,16.334358947509294,L,63.86,NA,45,0,0,0,NA,NA,0,0,NA,NA,126,50,0.3968253968253968,0.3333333333333333,0.1,0.35294117647058826,0.5,0.2,0.42857142857142855,0,0.5555555555555556,0.5454545454545454,0.3333333333333333,0.5,0.5,0.5,0,0.4,0.4166666666666667,0.75
Guinea,GIN,2019,0.352,6.938615627049203,16.362706795684236,L,63.5,NA,42.2,0,0,0,NA,NA,0,1,2020,2024,126,59,0.46825396825396826,0.3333333333333333,0.6,0.23529411764705882,0.625,0.2,0.42857142857142855,0,0.7777777777777778,0.6363636363636364,1,0.5,0.5,0.5,0.3333333333333333,0.2,0.3333333333333333,0.75
Guinea,GIN,2020,0.299,6.960026023659471,16.390622866476445,L,63.125,NA,44.7,0,0,0,NA,NA,1,0,2020,2024,126,65,0.5158730158730159,0.3333333333333333,0.6,0.4117647058823529,0.625,0.2,0.42857142857142855,0,0.7777777777777778,0.6363636363636364,1,0.5,0.375,0.5,0.6666666666666666,0.2,0.5,0.75
Guinea,GIN,2021,0.258,7.126863101687658,16.41799555579491,L,62.736,NA,46.8,0,0,0,NA,NA,1,0,2020,2024,126,63,0.5,0.3333333333333333,0.6,0.35294117647058826,0.5,0.2,0.42857142857142855,0,0.6666666666666666,0.6363636363636364,1,0.5,0.5,0.5,0.6666666666666666,0.4,0.5,0.625
Guinea,GIN,2022,0.186,7.25601217436335,16.444470003698093,LM,62.332,NA,47.7,0,0,0,NA,NA,1,0,2020,2024,126,69,0.5476190476190477,0.3333333333333333,0.4,0.5294117647058824,1,0.4,0.42857142857142855,0.25,0.6666666666666666,0.6363636363636364,1,0.5,0.375,0.5,0.6666666666666666,0.2,0.5,0.75
Guinea,GIN,2023,0.18,7.340213122450272,NA,LM,61.915,NA,51.1,0,0,0,NA,NA,1,0,2020,2024,126,81,0.6428571428571429,0.3333333333333333,1,0.5294117647058824,1,0.4,0.8571428571428571,0.75,0.6666666666666666,0.45454545454545453,1,0.8333333333333334,0.5,0.25,0.6666666666666666,0.2,0.5,0.875
Gambia,GMB,2015,0.243,6.4289713987814805,14.550691798196643,L,40.772,NA,54.7,0,0,0,NA,NA,0,0,NA,NA,126,65,0.5158730158730159,0.3333333333333333,0.5,0.35294117647058826,0.625,0.2,0,0,0.7777777777777778,0.7272727272727273,0.3333333333333333,0.5,0.5,0.5,0.5,0.4,0.8333333333333334,0.875
Gambia,GMB,2016,0.248,6.47705928418884,14.580575528264209,L,40.082,NA,56.4,0,0,1,2017,2018,0,0,NA,NA,126,68,0.5396825396825397,0.3333333333333333,0.5,0.4117647058823529,0.75,0.2,0.14285714285714285,0,0.7777777777777778,0.6363636363636364,1,0.5,0.5,0.5,0.6666666666666666,0.2,0.8333333333333334,0.75
Gambia,GMB,2017,0.502,6.465402055525915,14.610266224112316,L,39.401,NA,56.2,1,1,0,2017,2018,0,0,NA,NA,126,67,0.5317460317460317,0.3333333333333333,0.5,0.35294117647058826,0.75,0.2,0.14285714285714285,0,0.6666666666666666,0.7272727272727273,1,0.5,0.5,0.5,0.6666666666666666,0.2,0.8333333333333334,0.75
Gambia,GMB,2018,0.537,6.5456654251306405,14.639726350993742,L,38.73,0.06933,60.3,0,1,0,2017,2018,0,0,NA,NA,126,59,0.46825396825396826,0.3333333333333333,0.2,0.29411764705882354,0.625,0.2,0.14285714285714285,0,0.6666666666666666,0.5454545454545454,1,0.5,0.5,0.5,0.6666666666666666,0.4,0.75,0.625
Gambia,GMB,2019,0.522,6.604196844078859,14.668944979656944,L,38.069,NA,62.1,0,0,0,NA,NA,0,0,NA,NA,126,63,0.5,0.3333333333333333,0.6,0.29411764705882354,0.625,0.2,0.14285714285714285,0,0.7777777777777778,0.7272727272727273,1,0.5,0.5,0.5,0.6666666666666666,0.2,0.5,0.75
Gambia,GMB,2020,0.496,6.579716580653759,14.697898634713864,L,37.418,NA,62.2,-1,0,0,NA,NA,0,0,NA,NA,126,57,0.4523809523809524,0.3333333333333333,0.3,0.4117647058823529,0.625,0.2,0.14285714285714285,0,0.7777777777777778,0.7272727272727273,0.3333333333333333,0.5,0.375,0.5,0.6666666666666666,0.2,0.4166666666666667,0.625
Gambia,GMB,2021,0.506,6.661715248975382,14.72656239073972,L,36.778,NA,63.7,1,0,1,2022,2024,0,0,NA,NA,126,61,0.48412698412698413,0.3333333333333333,0.6,0.35294117647058826,0.5,0.2,0.14285714285714285,0,0.7777777777777778,0.7272727272727273,1,0.5,0.5,0.5,0.6666666666666666,0.4,0.3333333333333333,0.625
Gambia,GMB,2022,0.624,6.728921483949824,14.8109791313153,L,36.148,NA,65.4,0,1,0,2022,2024,0,0,NA,NA,126,63,0.5,0.3333333333333333,0.6,0.5294117647058824,0.625,0.2,0.14285714285714285,0.25,0.5555555555555556,0.7272727272727273,1,0.5,0.375,0.25,0.6666666666666666,0.2,0.5,0.625
Gambia,GMB,2023,0.641,6.789148988206732,NA,L,35.528,NA,66.9,0,1,0,2022,2024,0,0,NA,NA,126,80,0.6349206349206349,0.3333333333333333,1,0.5294117647058824,0.75,0.4,0.8571428571428571,0.75,0.6666666666666666,0.5454545454545454,1,0.8333333333333334,0.5,0.5,0.6666666666666666,0.2,0.5,0.75
Guinea-Bissau,GNB,2015,0.499,6.469353934993113,14.3677892091074,L,57.877,NA,20.1,1,1,0,2014,2019,0,0,NA,NA,126,79,0.626984126984127,0.3333333333333333,0.5,0.4117647058823529,1,0.2,0.14285714285714285,0,0.8888888888888888,0.7272727272727273,1,0.5,1,0.75,0.5,0.6,0.8333333333333334,0.875
Guinea-Bissau,GNB,2016,0.5,6.521600598530369,14.393490403937118,L,57.467,NA,22.9,0,1,0,2014,2019,0,0,NA,NA,126,75,0.5952380952380952,0.3333333333333333,0.5,0.4117647058823529,1,0.2,0.2857142857142857,0,0.8888888888888888,0.6363636363636364,1,0.5,1,0.75,0.5,0.6,0.5833333333333334,0.75
Guinea-Bissau,GNB,2017,0.497,6.663290010053079,14.418812896515869,L,57.055,NA,26,0,1,0,2014,2019,0,0,NA,NA,126,73,0.5793650793650794,0.3333333333333333,0.5,0.35294117647058826,1,0.2,0.2857142857142857,0,0.8888888888888888,0.7272727272727273,1,0.5,1,0.75,0.5,0.4,0.5833333333333334,0.625
Guinea-Bissau,GNB,2018,0.51,6.695219779304065,14.443747948474874,L,56.64,NA,28.4,0,1,0,2014,2019,0,0,NA,NA,126,77,0.6111111111111112,0.3333333333333333,0.5,0.47058823529411764,1,0.2,0.2857142857142857,0,0.8888888888888888,0.6363636363636364,0.3333333333333333,0.5,1,0.75,0.5,0.6,0.8333333333333334,0.75
Guinea-Bissau,GNB,2019,0.526,6.693769546546622,14.468313234154063,L,56.223,NA,30.9,0,1,0,2014,2019,0,0,NA,NA,126,72,0.5714285714285714,0.3333333333333333,0.3,0.29411764705882354,0.875,0.2,0.2857142857142857,0,0.8888888888888888,0.7272727272727273,1,0.5,1,0.75,0.6666666666666666,0.6,0.6666666666666666,0.625
Guinea-Bissau,GNB,2020,0.535,6.7065937622758325,14.492527340333655,L,55.804,NA,33.4,0,0,0,NA,NA,0,0,NA,NA,126,78,0.6190476190476191,0.3333333333333333,0.6,0.5294117647058824,1,0.2,0.2857142857142857,0,0.8888888888888888,0.5454545454545454,1,0.3333333333333333,0.875,0.75,0.6666666666666666,0.4,0.8333333333333334,0.75
Guinea-Bissau,GNB,2021,0.536,6.80284775048791,14.516372899979046,L,55.383,NA,35.8,0,0,0,NA,NA,0,1,2022,2022,126,78,0.6190476190476191,0.3333333333333333,0.6,0.4117647058823529,1,0.2,0.2857142857142857,0,0.8888888888888888,0.7272727272727273,0.3333333333333333,0.5,1,0.75,0.6666666666666666,0.6,0.8333333333333334,0.625
Guinea-Bissau,GNB,2022,0.377,6.749089275071638,14.560094872566353,L,54.959,NA,37.4,-1,0,0,NA,NA,1,0,2022,2022,126,82,0.6507936507936508,0.3333333333333333,0.6,0.5882352941176471,0.875,0.2,0.2857142857142857,0.25,0.7777777777777778,0.7272727272727273,1,0.5,0.875,0.75,0.6666666666666666,0.6,0.8333333333333334,0.75
Guinea-Bissau,GNB,2023,0.421,6.857769285809124,NA,L,54.534,NA,40.5,0,0,0,NA,NA,0,1,2024,2024,126,95,0.753968253968254,0.3333333333333333,1,0.5882352941176471,1,0.4,1,0.75,0.7777777777777778,0.5454545454545454,1,0.8333333333333334,1,0.5,0.6666666666666666,0.4,0.8333333333333334,0.875
Equatorial Guinea,GNQ,2015,0.181,9.112607363010223,13.971295615753665,UM,29.384,NA,66.1,0,0,0,NA,NA,0,0,NA,NA,126,75,0.5952380952380952,1,0.8,0.47058823529411764,0.625,0.2,0.2857142857142857,0,0.7777777777777778,0.7272727272727273,1,0.5,0.5,0.5,0.16666666666666666,0.6,0.8333333333333334,0.875
Equatorial Guinea,GNQ,2016,0.181,8.916398478194523,14.010403594855095,UM,28.862,NA,66.2,0,0,0,NA,NA,0,0,NA,NA,126,80,0.6349206349206349,1,0.8,0.5294117647058824,1,0.2,0.42857142857142855,0,0.7777777777777778,0.7272727272727273,1,0.5,0.5,0.5,0.16666666666666666,0.4,0.9166666666666666,0.875
Equatorial Guinea,GNQ,2017,0.176,8.963045595673009,14.04821466120742,UM,28.354,NA,66.4,0,0,0,NA,NA,0,0,NA,NA,126,78,0.6190476190476191,1,0.8,0.47058823529411764,1,0.2,0.42857142857142855,0,0.7777777777777778,0.7272727272727273,1,0.5,0.5,0.5,0.16666666666666666,0.4,0.8333333333333334,0.875
Equatorial Guinea,GNQ,2018,0.177,8.999924337107348,14.084748070528732,UM,27.857,NA,66.5,0,0,0,NA,NA,0,0,NA,NA,126,82,0.6507936507936508,1,0.8,0.5294117647058824,1,0.2,0.7142857142857143,0,0.6666666666666666,0.7272727272727273,1,0.6666666666666666,0.5,0.5,0.16666666666666666,0.6,0.8333333333333334,0.875
Equatorial Guinea,GNQ,2019,0.179,8.825287886108859,14.12003647305809,UM,27.373,NA,66.6,0,0,0,NA,NA,0,0,NA,NA,126,83,0.6587301587301587,1,0.9,0.4117647058823529,1,0.2,0.7142857142857143,0,0.8888888888888888,0.7272727272727273,1,0.6666666666666666,0.5,0.5,0.3333333333333333,0.4,0.8333333333333334,0.875
Equatorial Guinea,GNQ,2020,0.176,8.659396504089802,14.15411266765182,UM,26.9,NA,66.7,0,0,0,NA,NA,0,0,NA,NA,126,86,0.6825396825396826,1,0.9,0.5882352941176471,1,0.2,0.7142857142857143,0,0.8888888888888888,0.7272727272727273,1,0.6666666666666666,0.375,0.5,0.6666666666666666,0.4,0.8333333333333334,0.75
Equatorial Guinea,GNQ,2021,0.174,8.84586806431211,14.186998939157377,UM,26.439,NA,66.8,0,0,0,NA,NA,0,0,NA,NA,126,85,0.6746031746031746,1,0.9,0.47058823529411764,1,0.2,0.7142857142857143,0,0.8888888888888888,0.7272727272727273,1,0.6666666666666666,0.5,0.5,0.6666666666666666,0.6,0.8333333333333334,0.625
Equatorial Guinea,GNQ,2022,0.174,8.934494593273248,14.331268796359716,UM,25.99,NA,67,0,0,0,NA,NA,0,0,NA,NA,126,87,0.6904761904761905,1,0.9,0.6470588235294118,1,0.2,0.7142857142857143,0.25,0.7777777777777778,0.7272727272727273,1,0.6666666666666666,0.375,0.5,0.6666666666666666,0.4,0.8333333333333334,0.75
Equatorial Guinea,GNQ,2023,0.183,8.806542887859871,NA,UM,25.552,NA,66.9,0,0,0,NA,NA,0,0,NA,NA,126,94,0.746031746031746,1,1,0.6470588235294118,1,0.4,0.8571428571428571,0.75,0.7777777777777778,0.6363636363636364,1,0.8333333333333334,0.5,0.5,0.6666666666666666,0.4,0.8333333333333334,0.875
Greece,GRC,2015,0.88,9.797055897858115,16.196988436185933,H,21.954,0.96605,100,0,0,0,NA,NA,0,0,NA,NA,126,36,0.2857142857142857,0,0.5,0.11764705882352941,0.125,0.2,0,0,0.4444444444444444,0.2727272727272727,0,0.5,0.375,0.25,0.16666666666666666,0.4,0.25,0.875
Greece,GRC,2016,0.877,9.79363042224294,16.192829305903164,H,21.613,1.00529,100,0,0,0,NA,NA,0,0,NA,NA,126,42,0.3333333333333333,0,0.5,0.17647058823529413,0.5,0.2,0,0,0.5555555555555556,0.09090909090909091,0,0.5,0.375,0.5,0.16666666666666666,0.2,0.5833333333333334,0.75
Greece,GRC,2017,0.875,9.832635436403091,16.190851473655563,H,21.276,1.15228,100,0,0,0,NA,NA,0,0,NA,NA,126,36,0.2857142857142857,0,0.5,0.11764705882352941,0.5,0.2,0,0,0.3333333333333333,0.18181818181818182,0,0.5,0.375,0.5,0.16666666666666666,0.2,0.25,0.75
Greece,GRC,2018,0.866,9.897137509621468,16.188822671272973,H,20.942,1.21371,100,0,0,0,NA,NA,0,0,NA,NA,126,29,0.23015873015873015,0,0.5,0.17647058823529413,0.125,0,0,0,0.3333333333333333,0.09090909090909091,0,0.5,0.375,0.25,0,0.4,0.25,0.5
Greece,GRC,2019,0.868,9.869690833296367,16.187769277345733,H,20.612,1.27499,100,0,0,0,NA,NA,0,1,2020,2024,126,36,0.2857142857142857,0,0.6,0,0.5,0.2,0,0,0.5555555555555556,0.18181818181818182,0,0.5,0.25,0.5,0.3333333333333333,0.2,0.25,0.625
Greece,GRC,2020,0.809,9.791814553344102,16.185806260698946,H,20.285,1.51149,100,0,0,0,NA,NA,1,0,2020,2024,126,40,0.31746031746031744,0,0.6,0.23529411764705882,0.5,0.2,0,0,0.5555555555555556,0.18181818181818182,0,0.16666666666666666,0.375,0.5,0.6666666666666666,0.2,0.25,0.5
Greece,GRC,2021,0.771,9.93569818508016,16.18243740273807,H,19.962,1.45782,100,0,0,0,NA,NA,1,0,2020,2024,126,37,0.29365079365079366,0,0.6,0.11764705882352941,0.5,0.2,0,0,0.4444444444444444,0.2727272727272727,0,0.5,0.375,0.25,0.6666666666666666,0.4,0.08333333333333333,0.375
Greece,GRC,2022,0.771,9.95093562269063,16.17320211098026,H,19.643,1.48596,100,0,0,0,NA,NA,1,0,2020,2024,126,41,0.3253968253968254,0,0.4,0.35294117647058826,0.125,0,0.14285714285714285,0.25,0.4444444444444444,0.2727272727272727,0.3333333333333333,0.5,0.375,0.5,0.6666666666666666,0.2,0.25,0.5
Greece,GRC,2023,0.751,10.060522406844916,NA,H,19.327,NA,100,0,0,0,NA,NA,1,0,2020,2024,126,71,0.5634920634920635,0.3333333333333333,0.9,0.47058823529411764,0.75,0.2,0.8571428571428571,0.75,0.5555555555555556,0.36363636363636365,1,0.6666666666666666,0.5,0.5,0.6666666666666666,0.2,0.3333333333333333,0.75
Guatemala,GTM,2015,0.601,8.267065115198498,16.560690762567624,LM,50.029,0.03064,90.5,0,0,0,NA,NA,0,0,NA,NA,126,49,0.3888888888888889,0.3333333333333333,0.2,0.23529411764705882,0.5,0.2,0.14285714285714285,0,0.6666666666666666,0.5454545454545454,1,0.5,0.5,0.5,0.16666666666666666,0.4,0.25,0.75
Guatemala,GTM,2016,0.628,8.308972132810014,16.57727149575105,LM,49.681,0.02311,91.8,0,0,0,NA,NA,0,0,NA,NA,126,58,0.4603174603174603,0.3333333333333333,0.5,0.29411764705882354,0.625,0.2,0.2857142857142857,0,0.7777777777777778,0.45454545454545453,1,0.5,0.5,0.5,0.16666666666666666,0.2,0.6666666666666666,0.625
Guatemala,GTM,2017,0.626,8.372166512775973,16.59354803374843,UM,49.32,0.02955,93.3,0,0,0,NA,NA,0,1,2018,2022,126,51,0.40476190476190477,0.3333333333333333,0.5,0.23529411764705882,0.625,0.2,0.2857142857142857,0,0.5555555555555556,0.5454545454545454,1,0.5,0.5,0.5,0.16666666666666666,0.2,0.25,0.625
Guatemala,GTM,2018,0.601,8.378608255237445,16.60955189356347,UM,48.946,0.02938,94.2,0,0,0,NA,NA,1,0,2018,2022,126,50,0.3968253968253968,0.3333333333333333,0.5,0.35294117647058826,0.375,0.2,0.2857142857142857,0,0.5555555555555556,0.5454545454545454,1,0.5,0.5,0.5,0,0.4,0.25,0.5
Guatemala,GTM,2019,0.607,8.414495250624556,16.62515575404158,UM,48.561,0.02642,95.4,0,0,0,NA,NA,1,0,2018,2022,126,54,0.42857142857142855,0.3333333333333333,0.6,0.23529411764705882,0.625,0.2,0.2857142857142857,0,0.7777777777777778,0.5454545454545454,1,0.5,0.375,0.5,0.3333333333333333,0.2,0.25,0.625
Guatemala,GTM,2020,0.595,8.406846402266568,16.640355632577357,UM,48.164,0.04888,96.6,0,0,0,NA,NA,1,0,2018,2022,126,57,0.4523809523809524,0.3333333333333333,0.6,0.4117647058823529,0.625,0.2,0.2857142857142857,0,0.7777777777777778,0.5454545454545454,1,0.3333333333333333,0.375,0.5,0.6666666666666666,0.2,0.25,0.5
Guatemala,GTM,2021,0.554,8.499832793763984,16.65515880063837,UM,47.755,0.05863,97.9,0,0,0,NA,NA,1,0,2018,2022,126,55,0.4365079365079365,0.3333333333333333,0.4,0.29411764705882354,0.625,0.2,0.2857142857142857,0,0.7777777777777778,0.5454545454545454,1,0.5,0.5,0.25,0.6666666666666666,0.4,0.25,0.5
Guatemala,GTM,2022,0.507,8.58636277971452,16.669557485587852,UM,47.334,NA,99.1,0,0,0,NA,NA,1,0,2018,2022,126,55,0.4365079365079365,0.3333333333333333,0.5,0.5294117647058824,0.125,0.2,0.2857142857142857,0.25,0.5555555555555556,0.6363636363636364,1,0.5,0.375,0.5,0.6666666666666666,0.2,0.25,0.5
Guatemala,GTM,2023,0.505,8.659182520193074,NA,UM,46.902,NA,100,0,0,0,NA,NA,0,0,NA,NA,126,76,0.6031746031746031,0.3333333333333333,1,0.5294117647058824,0.625,0.4,0.8571428571428571,0.75,0.6666666666666666,0.45454545454545453,1,0.8333333333333334,0.375,0.25,0.6666666666666666,0.2,0.5,0.75
Guyana,GUY,2015,0.651,8.637713030784296,13.550806458215996,UM,73.559,NA,88,0,0,0,NA,NA,0,0,NA,NA,126,69,0.5476190476190477,1,0.5,0.29411764705882354,1,0.2,0.2857142857142857,0,0.7777777777777778,0.6363636363636364,1,0.5,1,0.75,0.3333333333333333,0.4,0.25,0.875
Guyana,GUY,2016,0.664,8.677759516281753,13.555914358866485,UM,73.518,NA,89,0,0,0,NA,NA,0,0,NA,NA,126,75,0.5952380952380952,1,0.5,0.4117647058823529,1,0.2,0.42857142857142855,0,0.8888888888888888,0.5454545454545454,1,0.5,1,0.75,0.3333333333333333,0.4,0.5833333333333334,0.75
Guyana,GUY,2017,0.668,8.728857514819985,13.56089955910336,UM,73.462,NA,90,0,0,0,NA,NA,0,0,NA,NA,126,68,0.5396825396825397,1,0.5,0.29411764705882354,1,0.2,0.42857142857142855,0,0.7777777777777778,0.7272727272727273,1,0.5,0.875,0.75,0.3333333333333333,0.2,0.25,0.75
Guyana,GUY,2018,0.669,8.707546899278123,13.565775310691844,UM,73.394,NA,90.9,0,0,0,NA,NA,0,1,2019,2024,126,69,0.5476190476190477,1,0.5,0.35294117647058826,1,0.2,0.42857142857142855,0,0.7777777777777778,0.6363636363636364,1,0.5,1,0.75,0.16666666666666666,0.4,0.25,0.75
Guyana,GUY,2019,0.65,8.764962923299628,13.570600577356362,UM,73.311,NA,91.6,0,0,0,NA,NA,1,0,2019,2024,126,69,0.5476190476190477,1,0.3,0.29411764705882354,1,0.2,0.42857142857142855,0,0.7777777777777778,0.7272727272727273,1,0.5,1,0.75,0.5,0.4,0.25,0.75
Guyana,GUY,2020,0.567,8.8210993474251609,13.575423014560116,UM,73.214,NA,92.3,0,0,0,NA,NA,1,0,2019,2024,126,70,0.5555555555555556,1,0.6,0.47058823529411764,0.625,0.2,0.42857142857142855,0,0.7777777777777778,0.7272727272727273,1,0.5,0.875,0.75,0.8333333333333334,0.2,0.08333333333333333,0.75
Guyana,GUY,2021,0.531,9.196329915691376,13.5802045934458,UM,73.103,NA,92.9,-1,0,0,NA,NA,1,0,2019,2024,126,74,0.5873015873015873,1,0.6,0.4117647058823529,0.75,0.2,0.42857142857142855,0,0.7777777777777778,0.6363636363636364,1,0.5,1,0.75,0.8333333333333334,0.4,0.4166666666666667,0.625
Guyana,GUY,2022,0.518,9.79330939565839,13.603215448931884,H,72.978,NA,93,0,0,0,NA,NA,1,0,2019,2024,126,76,0.6031746031746031,1,0.5,0.5882352941176471,0.875,0.2,0.42857142857142855,0.25,0.6666666666666666,0.7272727272727273,1,0.5,0.875,0.75,0.8333333333333334,0.4,0.25,0.75
Guyana,GUY,2023,0.512,9.941041028544712,NA,H,72.838,NA,98.9,0,0,0,NA,NA,1,0,2019,2024,126,91,0.7222222222222222,1,1,0.5882352941176471,0.75,0.4,1,0.75,0.6666666666666666,0.5454545454545454,1,0.8333333333333334,1,0.75,0.8333333333333334,0.2,0.5,0.875
Honduras,HND,2015,0.433,7.728064776345113,16.025201989021372,LM,44.835,0.01497,90,0,0,0,NA,NA,0,0,NA,NA,126,51,0.40476190476190477,0.3333333333333333,0.5,0.23529411764705882,0.625,0.2,0,0,0.6666666666666666,0.5454545454545454,0.3333333333333333,0.6666666666666666,0.5,0.5,0.16666666666666666,0.4,0.25,0.75
Honduras,HND,2016,0.431,7.74385265490254,16.042379586516994,LM,44.187,NA,91.6,0,0,0,NA,NA,0,0,NA,NA,126,57,0.4523809523809524,0.3333333333333333,0.5,0.35294117647058826,0.5,0.2,0.14285714285714285,0,0.7777777777777778,0.5454545454545454,0.3333333333333333,0.6666666666666666,0.5,0.5,0.16666666666666666,0.2,0.5833333333333334,0.75
Honduras,HND,2017,0.414,7.788629238433923,16.05930230133894,LM,43.543,0.03994,86.5,0,0,0,NA,NA,0,0,NA,NA,126,51,0.40476190476190477,0.3333333333333333,0.5,0.23529411764705882,0.75,0.2,0.14285714285714285,0,0.5555555555555556,0.5454545454545454,0.3333333333333333,0.6666666666666666,0.5,0.5,0.16666666666666666,0.2,0.25,0.75
Honduras,HND,2018,0.367,7.809802011045137,16.075973123611746,LM,42.904,0.06394,91.6,0,0,0,NA,NA,0,0,NA,NA,126,51,0.40476190476190477,0.3333333333333333,0.5,0.35294117647058826,0.625,0.2,0.14285714285714285,0,0.5555555555555556,0.45454545454545453,0.3333333333333333,0.6666666666666666,0.5,0.5,0,0.4,0.25,0.75
Honduras,HND,2019,0.373,7.824976554965796,16.092379302028675,LM,42.27,0.05997,91.1,0,0,0,NA,NA,0,0,NA,NA,126,47,0.373015873015873,0.3333333333333333,0.3,0.23529411764705882,0.5,0.2,0.14285714285714285,0,0.7777777777777778,0.5454545454545454,0.3333333333333333,0.6666666666666666,0.375,0.5,0.3333333333333333,0.2,0.08333333333333333,0.75
Honduras,HND,2020,0.376,7.743969777920791,16.108510661359908,LM,41.641,NA,93.1,0,0,1,2021,2024,0,0,NA,NA,126,60,0.47619047619047616,0.3333333333333333,0.6,0.47058823529411764,0.625,0.2,0.14285714285714285,0,0.7777777777777778,0.7272727272727273,1,0.5,0.375,0.25,0.6666666666666666,0.2,0.25,0.625
Honduras,HND,2021,0.395,7.913940649416213,16.124375292671626,LM,41.018,NA,94.1,0,1,0,2021,2024,0,0,NA,NA,126,59,0.46825396825396826,0.3333333333333333,0.5,0.35294117647058826,0.625,0.2,0.14285714285714285,0,0.6666666666666666,0.6363636363636364,1,0.6666666666666666,0.5,0.5,0.6666666666666666,0.4,0.25,0.625
Honduras,HND,2022,0.537,8.007463622762327,16.160470998401,LM,40.4,NA,94.4,1,1,0,2021,2024,0,0,NA,NA,126,64,0.5079365079365079,0.3333333333333333,0.6,0.5294117647058824,0.75,0.2,0.14285714285714285,0.25,0.6666666666666666,0.6363636363636364,1,0.6666666666666666,0.375,0.5,0.6666666666666666,0.2,0.25,0.75
Honduras,HND,2023,0.534,8.080750363584073,NA,LM,39.788,NA,95.6,0,1,0,2021,2024,0,0,NA,NA,126,76,0.6031746031746031,0.3333333333333333,1,0.5294117647058824,0.625,0.4,0.8571428571428571,0.75,0.6666666666666666,0.45454545454545453,1,0.8333333333333334,0.375,0.5,0.6666666666666666,0.2,0.4166666666666667,0.75
Croatia,HRV,2015,0.818,9.416158970039286,15.251452810538453,H,43.845,0.82378,100,0,0,0,NA,NA,1,0,2013,2017,126,45,0.35714285714285715,0,0.5,0.11764705882352941,0.375,0.2,0.2857142857142857,0,0.5555555555555556,0.36363636363636365,0,0.8333333333333334,0.375,0.5,0.16666666666666666,0.4,0.25,0.875
Croatia,HRV,2016,0.764,9.458853287125656,15.244468975965324,UM,43.597,0.84433,100,0,0,0,NA,NA,1,0,2013,2017,126,50,0.3968253968253968,0,0.5,0.17647058823529413,0.625,0.2,0.2857142857142857,0,0.6666666666666666,0.2727272727272727,0,0.8333333333333334,0.375,0.5,0.16666666666666666,0.2,0.5833333333333334,0.75
Croatia,HRV,2017,0.735,9.539833385379456,15.232462874317232,H,43.333,0.8415,100,0,0,0,NA,NA,1,0,2013,2017,126,43,0.3412698412698413,0,0.5,0.11764705882352941,0.75,0.2,0.2857142857142857,0,0.4444444444444444,0.18181818181818182,0,0.8333333333333334,0.375,0.5,0.16666666666666666,0.2,0.25,0.75
Croatia,HRV,2018,0.735,9.646038380636908,15.22352800504012,H,43.053,0.94312,100,0,0,0,NA,NA,0,0,NA,NA,126,37,0.29365079365079366,0,0.5,0.23529411764705882,0.25,0,0.2857142857142857,0,0.4444444444444444,0.09090909090909091,0,0.8333333333333334,0.375,0.5,0,0.4,0.25,0.5
Croatia,HRV,2019,0.742,9.652704059427052,15.217986537649692,H,42.758,1.07027,100,0,0,0,NA,NA,0,0,NA,NA,126,40,0.31746031746031744,0,0.5,0,0.625,0.2,0.2857142857142857,0,0.6666666666666666,0.18181818181818182,0,0.8333333333333334,0.25,0.5,0.3333333333333333,0.2,0.16666666666666666,0.625
Croatia,HRV,2020,0.768,9.602954054468924,15.213654435441311,H,42.447,1.22989,100,0,0,0,NA,NA,0,0,NA,NA,126,47,0.373015873015873,0,0.6,0.29411764705882354,0.625,0.2,0.2857142857142857,0,0.6666666666666666,0.18181818181818182,0,0.6666666666666666,0.25,0.5,0.6666666666666666,0.2,0.25,0.5
Croatia,HRV,2021,0.756,9.786387872276752,15.176230667964736,H,42.122,1.23124,100,0,0,0,NA,NA,0,0,NA,NA,126,46,0.36507936507936506,0,0.6,0.17647058823529413,0.5,0.2,0.2857142857142857,0,0.5555555555555556,0.2727272727272727,0,0.8333333333333334,0.375,0.5,0.6666666666666666,0.4,0.25,0.375
Croatia,HRV,2022,0.736,9.823691656693711,15.164622127956449,H,41.781,1.40323,100,0,0,0,NA,NA,0,0,NA,NA,126,50,0.3968253968253968,0,0.4,0.35294117647058826,0.25,0,0.7142857142857143,0.25,0.5555555555555556,0.2727272727272727,0.6666666666666666,0.8333333333333334,0.375,0.5,0.6666666666666666,0.2,0.25,0.5
Croatia,HRV,2023,0.733,9.992663331683254,NA,H,41.425,NA,100,0,0,0,NA,NA,0,0,NA,NA,126,73,0.5793650793650794,0.3333333333333333,0.9,0.4117647058823529,1,0.2,0.8571428571428571,0.75,0.5555555555555556,0.36363636363636365,1,0.8333333333333334,0.375,0.25,0.6666666666666666,0.2,0.5,0.75
Haiti,HTI,2015,0.408,7.25214384646561,16.185337390107613,L,47.573,NA,40.8,0,0,0,NA,NA,1,0,2011,2024,126,68,0.5396825396825397,0.3333333333333333,0.5,0.29411764705882354,1,0.2,0.2857142857142857,0,0.7777777777777778,0.7272727272727273,1,0.5,0.5,0.5,0.5,0.4,0.5833333333333334,0.875
Haiti,HTI,2016,0.396,7.184176193437119,16.198751339951183,L,46.604,NA,40.4,0,0,0,NA,NA,1,0,2011,2024,126,68,0.5396825396825397,0.3333333333333333,0.5,0.4117647058823529,0.875,0.2,0.42857142857142855,0,0.7777777777777778,0.6363636363636364,1,0.5,0.5,0.5,0.5,0.2,0.6666666666666666,0.75
Haiti,HTI,2017,0.404,7.240821329704471,16.211801544583466,L,45.654,NA,43.3,0,0,0,NA,NA,1,0,2011,2024,126,62,0.49206349206349204,0.3333333333333333,0.2,0.29411764705882354,0.875,0.2,0.42857142857142855,0,0.6666666666666666,0.7272727272727273,1,0.5,0.5,0.5,0.5,0.2,0.5833333333333334,0.75
Haiti,HTI,2018,0.41,7.3108044644312304,16.224542046834763,L,44.722,NA,44.4,0,0,0,NA,NA,1,0,2011,2024,126,67,0.5317460317460317,0.3333333333333333,0.5,0.4117647058823529,1,0.2,0.42857142857142855,0,0.6666666666666666,0.6363636363636364,1,0.5,0.5,0.5,0.3333333333333333,0.4,0.5833333333333334,0.75
Haiti,HTI,2019,0.4,7.209467498507315,16.237040589122255,L,43.808,NA,45.4,0,0,0,NA,NA,1,0,2011,2024,126,72,0.5714285714285714,0.3333333333333333,0.6,0.29411764705882354,1,0.2,0.42857142857142855,0,0.8888888888888888,0.7272727272727273,1,0.5,0.5,0.5,0.5,0.2,0.8333333333333334,0.75
Haiti,HTI,2020,0.376,7.162649703533562,16.249346081665976,LM,42.912,NA,46.3,0,0,0,NA,NA,1,0,2011,2024,126,68,0.5396825396825397,0.3333333333333333,0.5,0.47058823529411764,1,0.2,0.42857142857142855,0,0.7777777777777778,0.8181818181818182,1,0.3333333333333333,0.375,0.5,0.6666666666666666,0.2,0.4166666666666667,0.75
Haiti,HTI,2021,0.319,7.515041660928673,16.26147564896512,LM,42.036,NA,47.2,0,0,0,NA,NA,1,0,2011,2024,126,69,0.5476190476190477,0.3333333333333333,0.6,0.4117647058823529,1,0.4,0.42857142857142855,0,0.7777777777777778,0.8181818181818182,1,0.5,0.5,0.5,0.6666666666666666,0.4,0.25,0.625
Haiti,HTI,2022,0.217,7.473424909379363,16.265221370574494,LM,41.18,NA,49.3,0,0,0,NA,NA,1,0,2011,2024,126,73,0.5793650793650794,0.3333333333333333,0.6,0.5882352941176471,1,0.4,0.42857142857142855,0.25,0.6666666666666666,0.8181818181818182,1,0.5,0.375,0.5,0.6666666666666666,0.2,0.4166666666666667,0.75
Haiti,HTI,2023,0.214,7.441777209113412,NA,LM,40.344,NA,51.3,0,0,0,NA,NA,1,0,2011,2024,126,84,0.6666666666666666,0.3333333333333333,1,0.5882352941176471,1,0.6,0.8571428571428571,0.75,0.6666666666666666,0.6363636363636364,1,0.8333333333333334,0.5,0.25,0.6666666666666666,0.2,0.4166666666666667,0.875
Hungary,HUN,2015,0.623,9.45069799532321,16.102273945268482,H,29.5,1.33959,100,0,0,0,NA,NA,1,0,2006,2024,126,41,0.3253968253968254,0,0.5,0.17647058823529413,0.125,0,0,0,0.4444444444444444,0.2727272727272727,0,0.5,0.375,0.25,1,0.4,0.25,0.875
Hungary,HUN,2016,0.613,9.48072618913071,16.09932283922003,H,29.221,1.17987,100,0,0,0,NA,NA,1,0,2006,2024,126,47,0.373015873015873,0,0.5,0.23529411764705882,0.5,0,0,0,0.5555555555555556,0.09090909090909091,0,0.5,0.375,0.5,1,0.2,0.5833333333333334,0.75
Hungary,HUN,2017,0.561,9.59023051767117,16.096664229897474,H,28.938,1.31702,100,0,0,0,NA,NA,1,0,2006,2024,126,41,0.3253968253968254,0,0.5,0.17647058823529413,0.5,0,0,0,0.3333333333333333,0.18181818181818182,0,0.5,0.375,0.5,1,0.2,0.25,0.75
Hungary,HUN,2018,0.482,9.706572326075513,16.095396360380946,H,28.649,1.50775,100,-1,0,0,NA,NA,1,0,2006,2024,126,36,0.2857142857142857,0,0.5,0.29411764705882354,0.125,0,0,0,0.3333333333333333,0.09090909090909091,0,0.5,0.375,0.25,0.8333333333333334,0.4,0.25,0.5
Hungary,HUN,2019,0.472,9.728313211834507,16.09494380327984,H,28.356,1.47291,100,0,0,0,NA,NA,1,0,2006,2024,126,40,0.31746031746031744,0,0.5,0.11764705882352941,0.5,0,0,0,0.5555555555555556,0.18181818181818182,0,0.5,0.25,0.5,1,0.2,0.25,0.625
Hungary,HUN,2020,0.465,9.688557306993417,16.092793124908543,H,28.058,1.59252,100,0,0,0,NA,NA,1,0,2006,2024,126,42,0.3333333333333333,0,0.6,0.35294117647058826,0.5,0,0,0,0.5555555555555556,0.18181818181818182,0,0.16666666666666666,0.25,0.5,1,0.2,0.25,0.5
Hungary,HUN,2021,0.456,9.839221119712509,16.08865509972485,H,27.755,1.64379,100,0,0,0,NA,NA,1,0,2006,2024,126,40,0.31746031746031744,0,0.6,0.23529411764705882,0.375,0,0,0,0.4444444444444444,0.2727272727272727,0,0.5,0.375,0.25,1,0.4,0.16666666666666666,0.375
Hungary,HUN,2022,0.449,9.8175645844691,16.08593448049202,H,27.448,1.39473,100,0,0,0,NA,NA,1,0,2006,2024,126,43,0.3412698412698413,0,0.4,0.47058823529411764,0.125,0,0.14285714285714285,0.25,0.4444444444444444,0.2727272727272727,0.3333333333333333,0.5,0.25,0.5,1,0.2,0.16666666666666666,0.5
Hungary,HUN,2023,0.44,10.005225528813977,NA,H,27.136,NA,100,0,0,0,NA,NA,1,0,2006,2024,126,71,0.5634920634920635,0.3333333333333333,0.9,0.5294117647058824,0.5,0.2,0.8571428571428571,0.75,0.5555555555555556,0.36363636363636365,1,0.6666666666666666,0.5,0.5,1,0.2,0.25,0.75
Indonesia,IDN,2015,0.658,8.098102484113626,19.3699545328818,LM,46.687,NA,97.5,0,0,0,NA,NA,1,0,2009,2024,126,50,0.3968253968253968,0.3333333333333333,0.5,0.23529411764705882,0.375,0.2,0.14285714285714285,0,0.6666666666666666,0.6363636363636364,0.3333333333333333,0.5,0.5,0.25,0.16666666666666666,0.4,0.3333333333333333,0.75
Indonesia,IDN,2016,0.644,8.166633634607829,19.38216044346448,LM,46.011,0.24535,97.6,0,0,0,NA,NA,1,0,2009,2024,126,55,0.4365079365079365,0.3333333333333333,0.5,0.29411764705882354,0.625,0.2,0.2857142857142857,0,0.7777777777777778,0.36363636363636365,0.3333333333333333,0.5,0.5,0.5,0.16666666666666666,0.2,0.6666666666666666,0.625
Indonesia,IDN,2017,0.631,8.2424624241027,19.393922417701205,LM,45.341,0.23805,98.1,0,0,0,NA,NA,1,0,2009,2024,126,49,0.3888888888888889,0.3333333333333333,0.4,0.29411764705882354,0.625,0.2,0.2857142857142857,0,0.5555555555555556,0.45454545454545453,0.3333333333333333,0.5,0.5,0.5,0.16666666666666666,0.2,0.3333333333333333,0.625
Indonesia,IDN,2018,0.603,8.258669460708774,19.405267487496396,LM,44.675,0.22632,98.5,0,0,0,NA,NA,1,0,2009,2024,126,42,0.3333333333333333,0.3333333333333333,0.3,0.29411764705882354,0.25,0.2,0.2857142857142857,0,0.5555555555555556,0.36363636363636365,0.3333333333333333,0.5,0.5,0.25,0,0.4,0.3333333333333333,0.5
Indonesia,IDN,2019,0.601,8.32043558940771,19.41624675186895,UM,44.015,0.27129,98.9,0,0,0,NA,NA,1,0,2009,2024,126,51,0.40476190476190477,0.3333333333333333,0.6,0.17647058823529413,0.625,0.2,0.2857142857142857,0,0.7777777777777778,0.45454545454545453,0.3333333333333333,0.5,0.375,0.5,0.3333333333333333,0.2,0.3333333333333333,0.625
Indonesia,IDN,2020,0.576,8.256789754149962,19.426898541727727,LM,43.359,0.28068,97,0,0,0,NA,NA,1,0,2009,2024,126,54,0.42857142857142855,0.3333333333333333,0.6,0.4117647058823529,0.5,0.2,0.2857142857142857,0,0.7777777777777778,0.45454545454545453,0.3333333333333333,0.3333333333333333,0.375,0.5,0.6666666666666666,0.2,0.3333333333333333,0.5
Indonesia,IDN,2021,0.558,8.363382852999603,19.43722139138591,LM,42.71,NA,99.2,0,0,0,NA,NA,1,0,2009,2024,126,57,0.4523809523809524,0.3333333333333333,0.6,0.35294117647058826,0.625,0.2,0.2857142857142857,0,0.6666666666666666,0.5454545454545454,0.3333333333333333,0.5,0.5,0.25,0.6666666666666666,0.4,0.4166666666666667,0.5
Indonesia,IDN,2022,0.565,8.461838077735113,19.43410304679952,UM,42.066,NA,100,0,0,0,NA,NA,1,0,2009,2024,126,54,0.42857142857142855,0.3333333333333333,0.5,0.5294117647058824,0.25,0.2,0.2857142857142857,0.25,0.6666666666666666,0.5454545454545454,0.3333333333333333,0.5,0.375,0.5,0.6666666666666666,0.2,0.25,0.5
Indonesia,IDN,2023,0.541,8.492144952633367,NA,UM,41.428,NA,99.4,0,0,0,NA,NA,1,0,2009,2024,126,71,0.5634920634920635,0.3333333333333333,1,0.47058823529411764,0.625,0.4,0.8571428571428571,0.75,0.6666666666666666,0.36363636363636365,0.3333333333333333,0.8333333333333334,0.375,0.25,0.6666666666666666,0.2,0.4166666666666667,0.75
India,IND,2015,0.552,7.367707410126221,20.99340929716468,LM,67.223,0.6931,88,0,0,0,NA,NA,1,0,2000,2024,126,50,0.3968253968253968,0.3333333333333333,0.3,0.23529411764705882,0.875,0.2,0.14285714285714285,0,0.6666666666666666,0.5454545454545454,0.3333333333333333,0.5,0.5,0.25,0.16666666666666666,0.4,0.25,0.75
India,IND,2016,0.533,7.442790820713849,21.00431389037415,LM,66.818,0.66984,89.6,0,0,0,NA,NA,1,0,2000,2024,126,54,0.42857142857142855,0.3333333333333333,0.5,0.29411764705882354,0.625,0.2,0.2857142857142857,0,0.7777777777777778,0.36363636363636365,0.3333333333333333,0.5,0.5,0.5,0.16666666666666666,0.2,0.5833333333333334,0.625
India,IND,2017,0.491,7.575638333706624,21.014947484673066,LM,66.4,0.66603,91.8,-1,0,0,NA,NA,1,0,2000,2024,126,50,0.3968253968253968,0.3333333333333333,0.3,0.35294117647058826,0.75,0.2,0.2857142857142857,0,0.5555555555555556,0.45454545454545453,0.3333333333333333,0.5,0.5,0.5,0.16666666666666666,0.2,0.3333333333333333,0.625
India,IND,2018,0.482,7.583885769436559,21.02532576315178,LM,65.97,0.66001,95.7,0,0,0,NA,NA,1,0,2000,2024,126,49,0.3888888888888889,0.3333333333333333,0.5,0.35294117647058826,0.875,0,0.2857142857142857,0,0.5555555555555556,0.36363636363636365,0.3333333333333333,0.5,0.5,0.25,0,0.4,0.3333333333333333,0.5
India,IND,2019,0.433,7.621405153988963,21.03545837564483,LM,65.528,0.65942,95.9,0,0,0,NA,NA,1,0,2000,2024,126,52,0.4126984126984127,0.3333333333333333,0.6,0.23529411764705882,0.75,0,0.2857142857142857,0,0.7777777777777778,0.45454545454545453,0.3333333333333333,0.5,0.375,0.5,0.3333333333333333,0.2,0.25,0.75
India,IND,2020,0.394,7.553308900055619,21.04535251364671,LM,65.074,0.64558,96.5,0,0,0,NA,NA,1,0,2000,2024,126,50,0.3968253968253968,0.3333333333333333,0.3,0.4117647058823529,0.5,0,0.2857142857142857,0,0.7777777777777778,0.45454545454545453,0.3333333333333333,0.3333333333333333,0.375,0.5,0.6666666666666666,0.2,0.25,0.625
India,IND,2021,0.398,7.714058738916608,21.055019123243454,LM,64.607,NA,99.6,0,0,0,NA,NA,1,0,2000,2024,126,55,0.4365079365079365,0.3333333333333333,0.6,0.35294117647058826,0.625,0,0.2857142857142857,0,0.6666666666666666,0.6363636363636364,0.3333333333333333,0.5,0.5,0.25,0.6666666666666666,0.4,0.16666666666666666,0.625
India,IND,2022,0.385,7.7632822974920765,21.07193000119697,LM,64.128,NA,99.2,0,0,0,NA,NA,1,0,2000,2024,126,58,0.4603174603174603,0.3333333333333333,0.5,0.5882352941176471,0.5,0,0.2857142857142857,0.25,0.6666666666666666,0.5454545454545454,1,0.5,0.375,0.5,0.6666666666666666,0.2,0.25,0.5
India,IND,2023,0.377,7.81633317808428,NA,LM,63.636,NA,99.5,0,0,0,NA,NA,1,0,2000,2024,126,76,0.6031746031746031,0.3333333333333333,1,0.5294117647058824,0.625,0.2,0.8571428571428571,0.75,0.6666666666666666,0.45454545454545453,1,0.8333333333333334,0.375,0.25,0.6666666666666666,0.2,0.5,0.875
Ireland,IRL,2015,0.899,11.071498773104166,15.363489362995674,H,37.462,1.17974,100,0,0,0,NA,NA,0,0,NA,NA,126,40,0.31746031746031744,0,0.5,0.058823529411764705,0.125,0.2,0,0,0.5555555555555556,0.36363636363636365,0,0.5,0.375,0.25,0.16666666666666666,0.4,0.5833333333333334,0.75
Ireland,IRL,2016,0.892,11.071200750832636,15.374777703635615,H,37.263,1.17716,100,0,0,0,NA,NA,0,0,NA,NA,126,41,0.3253968253968254,0,0.5,0.11764705882352941,0.5,0.2,0,0,0.5555555555555556,0.18181818181818182,0,0.5,0.375,0.5,0.16666666666666666,0.2,0.5833333333333334,0.625
Ireland,IRL,2017,0.892,11.19133255624794,15.385664459241816,H,37.053,1.24866,100,0,0,0,NA,NA,0,0,NA,NA,126,40,0.31746031746031744,0,0.5,0.058823529411764705,0.5,0.2,0,0,0.4444444444444444,0.2727272727272727,0,0.5,0.375,0.5,0.16666666666666666,0.2,0.5833333333333334,0.625
Ireland,IRL,2018,0.893,11.305265343545797,15.398053213767712,H,36.83,1.10698,100,0,0,0,NA,NA,0,0,NA,NA,126,32,0.25396825396825395,0,0.5,0.11764705882352941,0.125,0,0,0,0.4444444444444444,0.09090909090909091,0,0.5,0.375,0.25,0,0.4,0.5833333333333334,0.375
Ireland,IRL,2019,0.892,11.320656185118503,15.411729483304091,H,36.595,1.16068,100,0,0,0,NA,NA,0,0,NA,NA,126,42,0.3333333333333333,0,0.5,0,0.625,0.2,0,0,0.6666666666666666,0.2727272727272727,0,0.5,0.375,0.5,0.3333333333333333,0.2,0.5833333333333334,0.5
Ireland,IRL,2020,0.893,11.380160805759076,15.422079157855473,H,36.347,1.14551,100,0,0,0,NA,NA,0,0,NA,NA,126,39,0.30952380952380953,0,0.6,0.23529411764705882,0.625,0.2,0,0,0.5555555555555556,0.18181818181818182,0,0.16666666666666666,0.25,0.5,0.6666666666666666,0.2,0.25,0.375
Ireland,IRL,2021,0.899,11.56704556642127,15.430578591480584,H,36.088,1.11065,100,0,0,0,NA,NA,0,0,NA,NA,126,38,0.30158730158730157,0,0.6,0.11764705882352941,0.375,0.2,0,0,0.4444444444444444,0.2727272727272727,0,0.5,0.5,0.25,0.6666666666666666,0.4,0.16666666666666666,0.375
Ireland,IRL,2022,0.892,11.573030007098076,15.442196464847925,H,35.817,0.96264,100,0,0,0,NA,NA,0,0,NA,NA,126,39,0.30952380952380953,0,0.4,0.35294117647058826,0.125,0,0.14285714285714285,0.25,0.4444444444444444,0.2727272727272727,0.3333333333333333,0.5,0.375,0.5,0.6666666666666666,0.2,0.08333333333333333,0.5
Ireland,IRL,2023,0.896,11.55106675344656,NA,H,35.534,NA,100,0,0,0,NA,NA,0,0,NA,NA,126,71,0.5634920634920635,0.3333333333333333,0.9,0.4117647058823529,0.75,0.2,0.8571428571428571,0.75,0.5555555555555556,0.36363636363636365,1,0.6666666666666666,0.5,0.5,0.6666666666666666,0.2,0.4166666666666667,0.75
"Iran, Islamic Rep.",IRN,2015,0.187,8.507694936471356,18.178509916679428,UM,26.642,0.39383,100,0,0,0,NA,NA,0,0,NA,NA,126,59,0.46825396825396826,0.3333333333333333,0.5,0.35294117647058826,0.75,0.2,0.14285714285714285,0,0.6666666666666666,0.6363636363636364,0.3333333333333333,0.5,0.5,0.5,0.16666666666666666,0.4,0.5,0.875
"Iran, Islamic Rep.",IRN,2016,0.187,8.608319562923977,18.1920721740906,UM,26.12,NA,100,0,0,0,NA,NA,0,0,NA,NA,126,58,0.4603174603174603,0.3333333333333333,0.5,0.35294117647058826,0.5,0.2,0.2857142857142857,0,0.7777777777777778,0.45454545454545453,0.3333333333333333,0.5,0.5,0.5,0.16666666666666666,0.2,0.75,0.75
"Iran, Islamic Rep.",IRN,2017,0.187,8.657496803931199,18.20592551210727,UM,25.606,0.75983,99.9,0,0,0,NA,NA,0,0,NA,NA,126,50,0.3968253968253968,0.3333333333333333,0.2,0.29411764705882354,0.75,0.2,0.2857142857142857,0,0.5555555555555556,0.45454545454545453,0.3333333333333333,0.5,0.5,0.5,0.16666666666666666,0.2,0.4166666666666667,0.75
"Iran, Islamic Rep.",IRN,2018,0.183,8.4406980531705,18.219790295457397,UM,25.102,NA,100,0,0,0,NA,NA,0,0,NA,NA,126,56,0.4444444444444444,0.3333333333333333,0.5,0.35294117647058826,1,0.2,0.2857142857142857,0,0.5555555555555556,0.45454545454545453,0.3333333333333333,0.5,0.5,0.5,0,0.4,0.4166666666666667,0.75
"Iran, Islamic Rep.",IRN,2019,0.183,8.250953955414541,18.23331319351908,UM,24.609,0.78829,100,0,0,0,NA,NA,0,0,NA,NA,126,54,0.42857142857142855,0.3333333333333333,0.5,0.23529411764705882,0.75,0.2,0.2857142857142857,0,0.7777777777777778,0.45454545454545453,0.3333333333333333,0.5,0.375,0.5,0.3333333333333333,0.2,0.4166666666666667,0.75
"Iran, Islamic Rep.",IRN,2020,0.165,8.002620965894877,18.24624346043124,LM,24.126,NA,100,0,0,0,NA,NA,0,0,NA,NA,126,59,0.46825396825396826,0.3333333333333333,0.6,0.4117647058823529,0.625,0.2,0.2857142857142857,0,0.7777777777777778,0.5454545454545454,0.3333333333333333,0.3333333333333333,0.375,0.5,0.6666666666666666,0.2,0.4166666666666667,0.75
"Iran, Islamic Rep.",IRN,2021,0.159,8.374429064772341,18.25850011016732,LM,23.655,0.72665,100,0,0,0,NA,NA,0,0,NA,NA,126,61,0.48412698412698413,0.3333333333333333,0.6,0.29411764705882354,1,0.2,0.2857142857142857,0,0.6666666666666666,0.45454545454545453,0.3333333333333333,0.5,0.5,0.5,0.6666666666666666,0.4,0.5,0.625
"Iran, Islamic Rep.",IRN,2022,0.149,8.390516631223875,18.29908435921362,LM,23.193,NA,100,0,0,0,NA,NA,0,0,NA,NA,126,63,0.5,0.3333333333333333,0.6,0.5294117647058824,0.875,0.2,0.2857142857142857,0.25,0.6666666666666666,0.5454545454545454,0.3333333333333333,0.5,0.25,0.25,0.6666666666666666,0.2,0.5,0.75
"Iran, Islamic Rep.",IRN,2023,0.156,8.404167298343038,NA,UM,22.743,NA,100,0,0,0,NA,NA,0,0,NA,NA,126,79,0.626984126984127,0.3333333333333333,1,0.47058823529411764,1,0.4,0.8571428571428571,0.75,0.6666666666666666,0.36363636363636365,1,0.8333333333333334,0.5,0.5,0.6666666666666666,0.2,0.5,0.75
Iraq,IRQ,2015,0.399,8.39844161279851,17.387076931600593,UM,30.079,0.04017,99.4,0,0,0,NA,NA,0,0,NA,NA,126,67,0.5317460317460317,0.3333333333333333,0.5,0.35294117647058826,1,0.2,0,0,0.7777777777777778,0.5454545454545454,1,0.5,0.5,0.5,0.3333333333333333,0.4,0.8333333333333334,0.875
Iraq,IRQ,2016,0.402,8.374343307974726,17.415849247990298,UM,29.906,0.03737,99.7,0,0,0,NA,NA,0,0,NA,NA,126,64,0.5079365079365079,0.3333333333333333,0.5,0.4117647058823529,0.875,0.2,0,0,0.7777777777777778,0.5454545454545454,1,0.5,0.375,0.5,0.3333333333333333,0.2,0.8333333333333334,0.75
Iraq,IRQ,2017,0.38,8.467852651057614,17.44125820771715,UM,29.722,0.04596,99.9,0,0,0,NA,NA,0,0,NA,NA,126,65,0.5158730158730159,0.3333333333333333,0.5,0.4117647058823529,0.875,0.2,0,0,0.6666666666666666,0.5454545454545454,1,0.5,0.5,0.5,0.3333333333333333,0.4,0.8333333333333334,0.75
Iraq,IRQ,2018,0.405,8.638824691513358,17.464442739044213,UM,29.527,0.04279,99.9,0,0,0,NA,NA,0,0,NA,NA,126,59,0.46825396825396826,0.3333333333333333,0.2,0.4117647058823529,1,0.2,0,0,0.6666666666666666,0.45454545454545453,1,0.5,0.5,0.5,0.16666666666666666,0.4,0.6666666666666666,0.75
Iraq,IRQ,2019,0.395,8.643271832174214,17.486984129792695,UM,29.322,0.03266,100,0,0,0,NA,NA,0,0,NA,NA,126,66,0.5238095238095238,0.3333333333333333,0.6,0.35294117647058826,1,0.2,0,0,0.8888888888888888,0.45454545454545453,1,0.5,0.5,0.5,0.3333333333333333,0.2,0.8333333333333334,0.75
Iraq,IRQ,2020,0.374,8.365250943107952,17.509937173092446,UM,29.107,0.04053,100,0,0,0,NA,NA,0,0,NA,NA,126,71,0.5634920634920635,0.3333333333333333,0.6,0.5294117647058824,1,0.2,0,0,0.8888888888888888,0.45454545454545453,1,0.3333333333333333,0.375,0.5,0.6666666666666666,0.4,0.8333333333333334,0.875
Iraq,IRQ,2021,0.375,8.490539991885726,17.53344749936202,UM,28.881,0.0407,100,0,0,0,NA,NA,0,0,NA,NA,126,70,0.5555555555555556,0.3333333333333333,0.6,0.4117647058823529,1,0.2,0.14285714285714285,0,0.7777777777777778,0.5454545454545454,1,0.5,0.5,0.5,0.6666666666666666,0.4,0.75,0.75
Iraq,IRQ,2022,0.381,8.780191759901163,17.610912597271614,UM,28.646,NA,100,0,0,0,NA,NA,0,0,NA,NA,126,75,0.5952380952380952,0.3333333333333333,0.6,0.5882352941176471,1,0.2,0.14285714285714285,0.25,0.7777777777777778,0.6363636363636364,1,0.5,0.375,0.5,0.6666666666666666,0.2,0.8333333333333334,0.875
Iraq,IRQ,2023,0.367,8.624274985104702,NA,UM,28.401,NA,100,0,0,0,NA,NA,0,0,NA,NA,126,87,0.6904761904761905,0.3333333333333333,1,0.5882352941176471,1,0.4,0.8571428571428571,0.75,0.7777777777777778,0.36363636363636365,1,0.8333333333333334,0.5,0.25,0.6666666666666666,0.4,0.8333333333333334,0.875
Iceland,ISL,2015,0.869,10.87713510708812,12.709314585722742,H,6.3,2.18138,100,0,0,0,NA,NA,0,0,NA,NA,126,45,0.35714285714285715,0,0.5,0.11764705882352941,0.125,0.4,0.14285714285714285,0,0.5555555555555556,0.45454545454545453,0,0.5,0.375,0.25,0.16666666666666666,0.4,0.5833333333333334,0.875
Iceland,ISL,2016,0.865,11.034694908934654,12.723195400681126,H,6.265,2.11011,100,0,0,0,NA,NA,0,0,NA,NA,126,47,0.373015873015873,0,0.5,0.17647058823529413,0.5,0.4,0.2857142857142857,0,0.5555555555555556,0.2727272727272727,0,0.5,0.375,0.5,0.16666666666666666,0.2,0.5833333333333334,0.75
Iceland,ISL,2017,0.865,11.184562346814442,12.746651227445511,H,6.227,2.08365,100,0,0,0,NA,NA,0,0,NA,NA,126,48,0.38095238095238093,0,0.5,0.11764705882352941,0.5,0.4,0.2857142857142857,0,0.5555555555555556,0.2727272727272727,0,0.6666666666666666,0.375,0.5,0.16666666666666666,0.4,0.5833333333333334,0.75
Iceland,ISL,2018,0.88,11.217912440903527,12.773432655137803,H,6.187,2.00081,100,0,0,0,NA,NA,0,0,NA,NA,126,44,0.3492063492063492,0.3333333333333333,0.5,0.17647058823529413,0.125,0.2,0.2857142857142857,0,0.4444444444444444,0.2727272727272727,1,0.5,0.375,0.25,0.16666666666666666,0.4,0.5833333333333334,0.5
Iceland,ISL,2019,0.856,11.13389149957668,12.79542197772042,H,6.145,2.34018,100,0,0,0,NA,NA,0,0,NA,NA,126,51,0.40476190476190477,0.3333333333333333,0.5,0.058823529411764705,0.5,0.4,0.2857142857142857,0,0.6666666666666666,0.36363636363636365,1,0.6666666666666666,0.25,0.5,0.3333333333333333,0.2,0.5833333333333334,0.625
Iceland,ISL,2020,0.857,10.985692072798082,12.81165284023301,H,6.102,2.4864,100,0,0,0,NA,NA,0,0,NA,NA,126,56,0.4444444444444444,0.3333333333333333,0.6,0.29411764705882354,0.5,0.4,0.2857142857142857,0,0.6666666666666666,0.36363636363636365,1,0.3333333333333333,0.25,0.5,0.6666666666666666,0.4,0.5833333333333334,0.5
Iceland,ISL,2021,0.836,11.146573965674111,12.827441829741078,H,6.056,2.77875,100,0,0,0,NA,NA,0,0,NA,NA,126,52,0.4126984126984127,0.3333333333333333,0.6,0.23529411764705882,0.375,0.4,0.2857142857142857,0,0.5555555555555556,0.2727272727272727,1,0.5,0.375,0.25,0.6666666666666666,0.4,0.5,0.5
Iceland,ISL,2022,0.822,11.229422455524336,12.852914073213608,H,6.008,2.6004,100,0,0,0,NA,NA,0,0,NA,NA,126,55,0.4365079365079365,0.3333333333333333,0.5,0.47058823529411764,0.125,0.2,0.2857142857142857,0.25,0.6666666666666666,0.36363636363636365,1,0.5,0.375,0.5,0.6666666666666666,0.2,0.5,0.5
Iceland,ISL,2023,0.834,11.285233521133696,NA,H,5.958,NA,100,0,0,0,NA,NA,0,0,NA,NA,126,81,0.6428571428571429,0.3333333333333333,1,0.47058823529411764,0.75,0.6,0.8571428571428571,0.75,0.6666666666666666,0.36363636363636365,1,0.6666666666666666,0.5,0.25,0.6666666666666666,0.4,0.8333333333333334,0.75
Israel,ISR,2015,0.738,10.494712488415502,15.94137040556129,H,7.821,4.29841,100,0,0,0,NA,NA,0,0,NA,NA,126,45,0.35714285714285715,0,0.5,0.17647058823529413,0.125,0,0,0,0.5555555555555556,0.36363636363636365,0,0.5,0.375,0.25,0.3333333333333333,0.4,0.75,0.875
Israel,ISR,2016,0.733,10.533605134029449,15.960973895186108,H,7.744,4.58822,100,0,0,0,NA,NA,0,0,NA,NA,126,44,0.3492063492063492,0,0.5,0.17647058823529413,0.5,0,0,0,0.5555555555555556,0.2727272727272727,0,0.5,0.375,0.5,0.3333333333333333,0.2,0.5833333333333334,0.75
Israel,ISR,2017,0.719,10.621276393656704,15.980361151930218,H,7.664,4.74306,100,0,0,0,NA,NA,0,0,NA,NA,126,44,0.3492063492063492,0,0.5,0.11764705882352941,0.5,0,0,0,0.4444444444444444,0.36363636363636365,0,0.5,0.375,0.5,0.3333333333333333,0.2,0.6666666666666666,0.75
Israel,ISR,2018,0.705,10.650963365642813,15.999627380582242,H,7.58199999999999,4.91451,100,0,0,0,NA,NA,0,0,NA,NA,126,41,0.3253968253968254,0,0.5,0.23529411764705882,0.25,0,0,0,0.4444444444444444,0.2727272727272727,0,0.6666666666666666,0.375,0.25,0.16666666666666666,0.4,0.6666666666666666,0.5
Israel,ISR,2019,0.713,10.69514045942596,16.018717206978042,H,7.499,5.33099,100,0,0,0,NA,NA,0,0,NA,NA,126,47,0.373015873015873,0,0.5,0.058823529411764705,0.75,0,0,0,0.6666666666666666,0.45454545454545453,0,0.5,0.25,0.5,0.3333333333333333,0.2,0.75,0.625
Israel,ISR,2020,0.729,10.707276140815548,16.036354000899127,H,7.413,5.79681,100,0,0,0,NA,NA,0,0,NA,NA,126,51,0.40476190476190477,0,0.6,0.29411764705882354,0.75,0,0,0,0.6666666666666666,0.36363636363636365,0,0.3333333333333333,0.25,0.5,0.6666666666666666,0.2,0.75,0.5
Israel,ISR,2021,0.739,10.863902645582431,16.052383107592938,H,7.32599999999999,5.78276,100,0,0,0,NA,NA,0,0,NA,NA,126,47,0.373015873015873,0,0.5,0.17647058823529413,0.625,0,0,0,0.5555555555555556,0.36363636363636365,0,0.5,0.375,0.25,0.6666666666666666,0.4,0.6666666666666666,0.5
Israel,ISR,2022,0.727,10.913828145983492,16.072114537708497,H,7.23699999999999,6.01924,100,0,0,0,NA,NA,0,0,NA,NA,126,50,0.3968253968253968,0,0.5,0.4117647058823529,0.375,0,0.14285714285714285,0.25,0.5555555555555556,0.36363636363636365,0.3333333333333333,0.5,0.25,0.5,0.6666666666666666,0.2,0.5833333333333334,0.5
Israel,ISR,2023,0.723,10.871277665810446,NA,H,7.146,NA,100,0,0,0,NA,NA,0,0,NA,NA,126,83,0.6587301587301587,0.3333333333333333,1,0.47058823529411764,1,0.4,0.8571428571428571,0.75,0.6666666666666666,0.36363636363636365,1,0.8333333333333334,0.5,0.5,0.6666666666666666,0.2,0.8333333333333334,0.75
Italy,ITA,2015,0.862,10.32177442011312,17.921957951229782,H,30.435,1.3385,100,0,0,0,NA,NA,0,0,NA,NA,126,38,0.30158730158730157,0,0.5,0.058823529411764705,0.125,0.2,0,0,0.4444444444444444,0.45454545454545453,0,0.6666666666666666,0.375,0.25,0.16666666666666666,0.4,0.25,0.875
Italy,ITA,2016,0.869,10.34580919318263,17.920259110496765,H,30.145,1.36642,100,0,0,0,NA,NA,0,0,NA,NA,126,44,0.3492063492063492,0,0.5,0.11764705882352941,0.5,0.2,0.14285714285714285,0,0.5555555555555556,0.18181818181818182,0,0.6666666666666666,0.375,0.5,0.16666666666666666,0.2,0.5833333333333334,0.75
Italy,ITA,2017,0.867,10.390660033685595,17.918760499327025,H,29.856,1.37013,100,0,0,0,NA,NA,0,0,NA,NA,126,38,0.30158730158730157,0,0.5,0.058823529411764705,0.5,0.2,0.14285714285714285,0,0.3333333333333333,0.2727272727272727,0,0.6666666666666666,0.375,0.5,0.16666666666666666,0.2,0.25,0.75
Italy,ITA,2018,0.868,10.45582964085423,17.91685986292589,H,29.562,1.42443,100,0,0,0,NA,NA,0,0,NA,NA,126,30,0.23809523809523808,0,0.5,0.11764705882352941,0.125,0,0,0,0.3333333333333333,0.18181818181818182,0,0.6666666666666666,0.375,0.25,0,0.4,0.25,0.5
Italy,ITA,2019,0.857,10.428594374406355,17.905329578686892,H,29.264,1.46159,100,0,0,0,NA,NA,0,0,NA,NA,126,37,0.29365079365079366,0,0.5,0,0.375,0.2,0.14285714285714285,0,0.5555555555555556,0.2727272727272727,0,0.6666666666666666,0.25,0.5,0.3333333333333333,0.2,0.25,0.625
Italy,ITA,2020,0.857,10.376346060858786,17.900638224803643,H,28.961,1.5066,100,0,0,0,NA,NA,0,0,NA,NA,126,43,0.3412698412698413,0,0.6,0.23529411764705882,0.5,0.2,0.14285714285714285,0,0.5555555555555556,0.2727272727272727,0,0.5,0.25,0.5,0.6666666666666666,0.2,0.25,0.5
Italy,ITA,2021,0.857,10.514679892252223,17.89416983001255,H,28.654,1.42658,100,0,0,0,NA,NA,0,0,NA,NA,126,38,0.30158730158730157,0,0.6,0.058823529411764705,0.5,0.2,0.14285714285714285,0,0.4444444444444444,0.2727272727272727,0,0.6666666666666666,0.375,0.25,0.6666666666666666,0.4,0.08333333333333333,0.375
Italy,ITA,2022,0.85,10.481104464241534,17.890618731546823,H,28.343,1.39014,100,0,0,0,NA,NA,0,0,NA,NA,126,42,0.3333333333333333,0,0.4,0.35294117647058826,0.125,0,0.14285714285714285,0.25,0.4444444444444444,0.2727272727272727,0.3333333333333333,0.6666666666666666,0.375,0.5,0.6666666666666666,0.2,0.25,0.5
Italy,ITA,2023,0.837,10.57140194970222,NA,H,28.027,NA,100,0,0,0,NA,NA,0,0,NA,NA,126,70,0.5555555555555556,0.3333333333333333,0.9,0.4117647058823529,0.5,0.2,0.8571428571428571,0.75,0.5555555555555556,0.36363636363636365,1,0.6666666666666666,0.5,0.5,0.6666666666666666,0.2,0.5,0.75
Jamaica,JAM,2015,0.8,8.52969384465861,14.87712132258976,UM,45.167,NA,94.9,0,0,0,NA,NA,0,0,NA,NA,126,57,0.4523809523809524,0.3333333333333333,0.5,0.23529411764705882,0.625,0.2,0.2857142857142857,0,0.6666666666666666,0.6363636363636364,1,0.6666666666666666,0.5,0.5,0.3333333333333333,0.4,0.25,0.75
Jamaica,JAM,2016,0.806,8.519150175473188,14.882371395625842,UM,44.902,NA,96.6,0,0,0,NA,NA,0,0,NA,NA,126,58,0.4603174603174603,0.3333333333333333,0.3,0.29411764705882354,0.625,0.2,0.42857142857142855,0,0.7777777777777778,0.5454545454545454,1,0.6666666666666666,0.5,0.5,0.3333333333333333,0.2,0.5,0.625
Jamaica,JAM,2017,0.816,8.567755753674085,14.887384543042268,UM,44.622,NA,97.4,0,0,0,NA,NA,0,0,NA,NA,126,56,0.4444444444444444,0.3333333333333333,0.5,0.23529411764705882,0.625,0.2,0.42857142857142855,0,0.6666666666666666,0.6363636363636364,1,0.6666666666666666,0.5,0.5,0.3333333333333333,0.2,0.25,0.625
Jamaica,JAM,2018,0.811,8.626604116061316,14.892167924811154,UM,44.326,NA,98.2,0,0,0,NA,NA,0,0,NA,NA,126,50,0.3968253968253968,0.3333333333333333,0.3,0.29411764705882354,0.625,0.2,0.42857142857142855,0,0.5555555555555556,0.5454545454545454,0.3333333333333333,0.6666666666666666,0.5,0.5,0.16666666666666666,0.4,0.16666666666666666,0.625
Jamaica,JAM,2019,0.812,8.631814435116752,14.896731489885353,UM,44.015,NA,98.9,0,0,0,NA,NA,0,0,NA,NA,126,58,0.4603174603174603,0.3333333333333333,0.6,0.23529411764705882,0.75,0.2,0.42857142857142855,0,0.7777777777777778,0.5454545454545454,1,0.6666666666666666,0.375,0.5,0.5,0.2,0.25,0.625
Jamaica,JAM,2020,0.811,8.492785788579697,14.901091979128,UM,43.689,NA,99.7,0,0,0,NA,NA,0,0,NA,NA,126,60,0.47619047619047616,0.3333333333333333,0.5,0.4117647058823529,0.75,0.2,0.42857142857142855,0,0.7777777777777778,0.5454545454545454,1,0.5,0.375,0.5,0.6666666666666666,0.2,0.25,0.625
Jamaica,JAM,2021,0.806,8.549725783093617,14.90523748849441,UM,43.348,NA,100,0,0,0,NA,NA,0,0,NA,NA,126,58,0.4603174603174603,0.3333333333333333,0.6,0.29411764705882354,0.75,0.2,0.42857142857142855,0,0.6666666666666666,0.5454545454545454,0.3333333333333333,0.6666666666666666,0.5,0.25,0.6666666666666666,0.4,0.25,0.625
Jamaica,JAM,2022,0.802,8.703200183808526,14.854859984699942,UM,42.992,NA,100,0,0,0,NA,NA,0,0,NA,NA,126,61,0.48412698412698413,0.3333333333333333,0.6,0.5294117647058824,0.25,0.2,0.42857142857142855,0.25,0.6666666666666666,0.5454545454545454,1,0.6666666666666666,0.375,0.5,0.6666666666666666,0.2,0.25,0.75
Jamaica,JAM,2023,0.798,8.830502810831987,NA,UM,42.622,NA,97.7,0,0,0,NA,NA,0,0,NA,NA,126,75,0.5952380952380952,0.3333333333333333,1,0.5294117647058824,0.625,0.4,0.8571428571428571,0.75,0.6666666666666666,0.45454545454545453,1,0.8333333333333334,0.375,0.25,0.6666666666666666,0.2,0.4166666666666667,0.75
Jordan,JOR,2015,0.254,8.30468210978025,16.041924182028,UM,9.744,NA,99.9,0,0,0,NA,NA,0,0,NA,NA,126,59,0.46825396825396826,0.3333333333333333,0.5,0.29411764705882354,0.625,0.2,0,0,0.6666666666666666,0.6363636363636364,1,0.5,0.5,0.5,0.8333333333333334,0.4,0.25,0.875
Jordan,JOR,2016,0.238,8.290723306483292,16.07250040758971,LM,9.494,0.69547,100,0,0,0,NA,NA,0,0,NA,NA,126,62,0.49206349206349204,0.3333333333333333,0.5,0.35294117647058826,0.875,0.2,0,0,0.7777777777777778,0.36363636363636365,1,0.5,0.5,0.5,0.8333333333333334,0.2,0.6666666666666666,0.625
Jordan,JOR,2017,0.26,8.310320618608642,16.09644700080995,UM,9.253,NA,100,0,0,0,NA,NA,0,0,NA,NA,126,57,0.4523809523809524,0.3333333333333333,0.5,0.35294117647058826,0.625,0.2,0,0,0.5555555555555556,0.5454545454545454,1,0.5,0.5,0.5,0.8333333333333334,0.4,0.3333333333333333,0.625
Jordan,JOR,2018,0.26,8.329764189079443,16.11462182420281,UM,9.021,NA,99.9,0,0,0,NA,NA,0,0,NA,NA,126,52,0.4126984126984127,0.3333333333333333,0.5,0.35294117647058826,0.125,0.2,0.14285714285714285,0,0.5555555555555556,0.45454545454545453,1,0.5,0.5,0.5,0.6666666666666666,0.4,0.3333333333333333,0.625
Jordan,JOR,2019,0.26,8.335698748469298,16.128213987499723,UM,8.797,NA,99.9,0,0,0,NA,NA,0,0,NA,NA,126,53,0.42063492063492064,0.3333333333333333,0.3,0.29411764705882354,0.625,0.2,0.14285714285714285,0,0.7777777777777778,0.5454545454545454,1,0.5,0.375,0.5,0.5,0.2,0.3333333333333333,0.625
Jordan,JOR,2020,0.257,8.299544549397675,16.138206074017777,UM,8.58199999999999,NA,99.9,0,0,0,NA,NA,0,0,NA,NA,126,60,0.47619047619047616,0.3333333333333333,0.6,0.47058823529411764,0.625,0.2,0.14285714285714285,0,0.7777777777777778,0.5454545454545454,1,0.3333333333333333,0.375,0.5,0.8333333333333334,0.4,0.3333333333333333,0.5
Jordan,JOR,2021,0.253,8.33890349167207,16.144642348548377,UM,8.374,NA,99.9,0,0,0,NA,NA,0,0,NA,NA,126,59,0.46825396825396826,0.3333333333333333,0.5,0.29411764705882354,0.625,0.2,0.14285714285714285,0,0.6666666666666666,0.5454545454545454,1,0.5,0.5,0.5,0.8333333333333334,0.4,0.4166666666666667,0.625
Jordan,JOR,2022,0.257,8.37384268561256,16.239061970142775,LM,8.173,NA,100,0,0,0,NA,NA,0,0,NA,NA,126,58,0.4603174603174603,0.3333333333333333,0.6,0.5294117647058824,0.25,0.2,0.14285714285714285,0.25,0.6666666666666666,0.5454545454545454,1,0.5,0.375,0.5,0.8333333333333334,0.2,0.3333333333333333,0.5
Jordan,JOR,2023,0.256,8.401895780159434,NA,LM,7.98,NA,100,0,0,0,NA,NA,0,0,NA,NA,126,74,0.5873015873015873,0.3333333333333333,0.8,0.47058823529411764,0.5,0.4,0.8571428571428571,0.75,0.6666666666666666,0.45454545454545453,1,0.8333333333333334,0.375,0.25,0.8333333333333334,0.4,0.4166666666666667,0.875
Japan,JPN,2015,0.82,10.461978118503836,18.660807264786893,H,8.619,3.24071,100,0,0,0,NA,NA,0,0,NA,NA,126,45,0.35714285714285715,0.3333333333333333,0.5,0.17647058823529413,0.375,0,0,0,0.5555555555555556,0.2727272727272727,1,0.8333333333333334,0.375,0.25,0.16666666666666666,0.4,0.25,0.875
Japan,JPN,2016,0.82,10.580898392817636,18.66029589063476,H,8.54300000000001,3.10666,100,0,0,0,NA,NA,0,0,NA,NA,126,50,0.3968253968253968,0.3333333333333333,0.5,0.23529411764705882,0.75,0,0,0,0.5555555555555556,0.18181818181818182,1,0.6666666666666666,0.375,0.5,0.16666666666666666,0.2,0.5833333333333334,0.75
Japan,JPN,2017,0.818,10.567052793534364,18.6594771476743,H,8.465,3.16636,100,0,0,0,NA,NA,0,0,NA,NA,126,46,0.36507936507936506,0.3333333333333333,0.5,0.23529411764705882,0.75,0,0,0,0.3333333333333333,0.2727272727272727,1,0.8333333333333334,0.375,0.5,0.16666666666666666,0.2,0.25,0.75
Japan,JPN,2018,0.833,10.590393625336576,18.658208346993412,H,8.384,3.2192,100,0,0,0,NA,NA,0,0,NA,NA,126,36,0.2857142857142857,0,0.5,0.29411764705882354,0.375,0,0,0,0.3333333333333333,0.18181818181818182,0.3333333333333333,0.6666666666666666,0.375,0.25,0,0.4,0.25,0.5
Japan,JPN,2019,0.831,10.606979955276328,18.65680369721463,H,8.30200000000001,3.21824,100,0,0,0,NA,NA,0,0,NA,NA,126,45,0.35714285714285715,0.3333333333333333,0.6,0.11764705882352941,0.75,0,0,0,0.5555555555555556,0.2727272727272727,1,0.6666666666666666,0.25,0.5,0.3333333333333333,0.2,0.25,0.625
Japan,JPN,2020,0.835,10.597653351877767,18.65386175103713,H,8.218,3.26458,100,0,0,0,NA,NA,0,0,NA,NA,126,49,0.3888888888888889,0.3333333333333333,0.6,0.35294117647058826,0.75,0,0,0,0.6666666666666666,0.2727272727272727,1,0.3333333333333333,0.25,0.5,0.6666666666666666,0.2,0.25,0.5
Japan,JPN,2021,0.818,10.598097096571204,18.649262226879053,H,8.133,3.27677,100,0,0,0,NA,NA,0,0,NA,NA,126,43,0.3412698412698413,0,0.6,0.29411764705882354,0.625,0,0,0,0.4444444444444444,0.2727272727272727,0.3333333333333333,0.6666666666666666,0.375,0.25,0.6666666666666666,0.4,0.08333333333333333,0.5
Japan,JPN,2022,0.817,10.434623669024583,18.644823707687568,H,8.045,3.40537,100,0,0,0,NA,NA,0,0,NA,NA,126,51,0.40476190476190477,0.3333333333333333,0.4,0.47058823529411764,0.5,0,0.14285714285714285,0.25,0.4444444444444444,0.2727272727272727,1,0.8333333333333334,0.375,0.5,0.6666666666666666,0.2,0.25,0.5
Japan,JPN,2023,0.818,10.427225260296517,NA,H,7.95699999999999,NA,100,0,0,0,NA,NA,0,0,NA,NA,126,78,0.6190476190476191,0.3333333333333333,1,0.5882352941176471,1,0.2,0.8571428571428571,0.75,0.5555555555555556,0.36363636363636365,1,0.6666666666666666,0.5,0.5,0.6666666666666666,0.2,0.5,0.75
Kazakhstan,KAZ,2015,0.236,9.229762792689272,16.680154509308306,UM,42.809,0.16951,100,0,0,0,NA,NA,0,0,NA,NA,126,52,0.4126984126984127,0.3333333333333333,0.2,0.23529411764705882,0.625,0.2,0.14285714285714285,0,0.6666666666666666,0.5454545454545454,0.3333333333333333,0.5,0.5,0.5,1,0.4,0.16666666666666666,0.75
Kazakhstan,KAZ,2016,0.244,8.919395233109105,16.6943749707116,UM,42.736,0.14179,100,0,0,0,NA,NA,0,0,NA,NA,126,61,0.48412698412698413,0.3333333333333333,0.5,0.29411764705882354,0.625,0.2,0.14285714285714285,0,0.7777777777777778,0.45454545454545453,0.3333333333333333,0.5,0.5,0.5,1,0.2,0.75,0.625
Kazakhstan,KAZ,2017,0.234,9.098635793908736,16.7079787834025,UM,42.664,0.12667,100,0,0,0,NA,NA,0,0,NA,NA,126,54,0.42857142857142855,0.3333333333333333,0.5,0.23529411764705882,0.75,0.2,0.14285714285714285,0,0.5555555555555556,0.5454545454545454,0.3333333333333333,0.5,0.5,0.5,1,0.2,0.25,0.625
Kazakhstan,KAZ,2018,0.236,9.156146588180542,16.721124013248286,UM,42.572,0.11683,100,0,0,0,NA,NA,0,0,NA,NA,126,53,0.42063492063492064,0.3333333333333333,0.5,0.29411764705882354,0.375,0.2,0.14285714285714285,0,0.5555555555555556,0.45454545454545453,0.3333333333333333,0.5,0.5,0.5,0.8333333333333334,0.4,0.4166666666666667,0.625
Kazakhstan,KAZ,2019,0.239,9.15452382593469,16.73402009814371,UM,42.46,0.11841,100,0,0,0,NA,NA,0,0,NA,NA,126,58,0.4603174603174603,0.3333333333333333,0.6,0.23529411764705882,0.625,0.2,0.14285714285714285,0,0.7777777777777778,0.5454545454545454,0.3333333333333333,0.5,0.375,0.5,1,0.2,0.5,0.625
Kazakhstan,KAZ,2020,0.243,9.080403423362204,16.747006451398168,UM,42.329,0.12602,100,0,0,0,NA,NA,0,0,NA,NA,126,54,0.42857142857142855,0.3333333333333333,0.6,0.4117647058823529,0.5,0.2,0.14285714285714285,0,0.7777777777777778,0.45454545454545453,0.3333333333333333,0.3333333333333333,0.375,0.5,1,0.2,0.25,0.5
Kazakhstan,KAZ,2021,0.255,9.208699129474237,16.76008563313239,UM,42.179,0.13023,100,0,0,0,NA,NA,0,0,NA,NA,126,57,0.4523809523809524,0.3333333333333333,0.6,0.29411764705882354,0.625,0.2,0.14285714285714285,0,0.6666666666666666,0.5454545454545454,0.3333333333333333,0.5,0.5,0.25,1,0.4,0.4166666666666667,0.5
Kazakhstan,KAZ,2022,0.273,9.328597929695828,16.79216051673473,UM,42.01,0.11715,100,0,0,0,NA,NA,0,0,NA,NA,126,59,0.46825396825396826,0.3333333333333333,0.5,0.47058823529411764,0.25,0.2,0.5714285714285714,0.25,0.6666666666666666,0.45454545454545453,1,0.6666666666666666,0.375,0.5,1,0.2,0.25,0.5
Kazakhstan,KAZ,2023,0.284,9.466444012649472,NA,UM,41.821,0.14472,100,0,0,0,NA,NA,0,0,NA,NA,126,76,0.6031746031746031,0.3333333333333333,1,0.5294117647058824,0.625,0.4,0.8571428571428571,0.75,0.6666666666666666,0.2727272727272727,1,0.8333333333333334,0.375,0.25,1,0.2,0.5,0.75
Kenya,KEN,2015,0.532,7.3059403504792675,17.6841737471584,LM,74.342,NA,41.6,0,0,0,NA,NA,0,0,NA,NA,126,57,0.4523809523809524,0.3333333333333333,0.5,0.35294117647058826,0.875,0.2,0.2857142857142857,0,0.6666666666666666,0.6363636363636364,0.3333333333333333,0.5,0.5,0.5,0.16666666666666666,0.4,0.25,0.75
Kenya,KEN,2016,0.535,7.348668674996971,17.70838195653644,LM,73.895,NA,53.1,0,0,0,NA,NA,0,0,NA,NA,126,58,0.4603174603174603,0.3333333333333333,0.3,0.35294117647058826,0.875,0.2,0.2857142857142857,0,0.7777777777777778,0.45454545454545453,1,0.5,0.5,0.5,0.16666666666666666,0.2,0.5833333333333334,0.625
Kenya,KEN,2017,0.511,7.419071465602492,17.731946731027136,LM,73.438,NA,55.8,-1,0,0,NA,NA,0,0,NA,NA,126,55,0.4365079365079365,0.3333333333333333,0.5,0.35294117647058826,1,0.2,0.14285714285714285,0,0.5555555555555556,0.5454545454545454,1,0.5,0.5,0.5,0.16666666666666666,0.2,0.25,0.625
Kenya,KEN,2018,0.495,7.515591139363881,17.75500416744749,LM,72.97,NA,61.2,0,0,0,NA,NA,0,0,NA,NA,126,54,0.42857142857142855,0.3333333333333333,0.5,0.35294117647058826,1,0.2,0.2857142857142857,0,0.5555555555555556,0.45454545454545453,1,0.5,0.5,0.5,0,0.4,0.25,0.5
Kenya,KEN,2019,0.495,7.5809079392256145,17.77773163123828,LM,72.493,NA,69.7,0,0,0,NA,NA,0,0,NA,NA,126,57,0.4523809523809524,0.3333333333333333,0.6,0.23529411764705882,1,0.2,0.2857142857142857,0,0.7777777777777778,0.5454545454545454,1,0.5,0.375,0.5,0.3333333333333333,0.2,0.25,0.625
Kenya,KEN,2020,0.499,7.564064492194007,17.800250425544,LM,72.005,NA,71.5,0,0,0,NA,NA,0,0,NA,NA,126,59,0.46825396825396826,0.3333333333333333,0.6,0.4117647058823529,1,0.2,0.2857142857142857,0,0.7777777777777778,0.6363636363636364,0.3333333333333333,0.3333333333333333,0.375,0.5,0.6666666666666666,0.2,0.25,0.5
Kenya,KEN,2021,0.509,7.631119404868684,17.82258374576398,LM,71.507,NA,76.5,0,0,0,NA,NA,0,0,NA,NA,126,59,0.46825396825396826,0.3333333333333333,0.6,0.35294117647058826,1,0.2,0.2857142857142857,0,0.6666666666666666,0.6363636363636364,0.3333333333333333,0.5,0.5,0.25,0.6666666666666666,0.4,0.25,0.5
Kenya,KEN,2022,0.546,7.65423604150168,17.805003493541086,LM,70.998,0.41019,76,1,0,0,NA,NA,0,0,NA,NA,126,56,0.4444444444444444,0.3333333333333333,0.2,0.47058823529411764,0.875,0.2,0.2857142857142857,0.25,0.6666666666666666,0.5454545454545454,1,0.5,0.375,0.5,0.6666666666666666,0.2,0.16666666666666666,0.5
Kenya,KEN,2023,0.564,7.576765789124719,NA,LM,70.48,0.80874,76.2,0,0,0,NA,NA,0,0,NA,NA,126,76,0.6031746031746031,0.3333333333333333,0.9,0.5294117647058824,1,0.4,0.8571428571428571,0.75,0.6666666666666666,0.36363636363636365,1,0.8333333333333334,0.375,0.25,0.6666666666666666,0.2,0.5,0.625
Kyrgyz Republic,KGZ,2015,0.457,7.00819051232578,15.600060769496611,LM,64.223,0.11903,98.7,0,1,0,2005,2018,0,0,NA,NA,126,57,0.4523809523809524,0.3333333333333333,0.5,0.29411764705882354,0.625,0.2,0,0,0.6666666666666666,0.5454545454545454,0.3333333333333333,0.5,0.5,0.5,1,0.4,0.3333333333333333,0.75
Kyrgyz Republic,KGZ,2016,0.451,7.006038293712415,15.62043301371861,LM,64.056,0.11121,99.7,0,1,0,2005,2018,0,0,NA,NA,126,61,0.48412698412698413,0.3333333333333333,0.5,0.35294117647058826,0.625,0.2,0.14285714285714285,0,0.7777777777777778,0.45454545454545453,0.3333333333333333,0.5,0.5,0.5,1,0.2,0.6666666666666666,0.625
Kyrgyz Republic,KGZ,2017,0.453,7.107745296017099,15.639769485282915,LM,63.865,0.10707,100,0,1,0,2005,2018,0,0,NA,NA,126,55,0.4365079365079365,0.3333333333333333,0.5,0.29411764705882354,0.625,0.2,0.14285714285714285,0,0.5555555555555556,0.5454545454545454,0.3333333333333333,0.5,0.5,0.5,1,0.2,0.3333333333333333,0.625
Kyrgyz Republic,KGZ,2018,0.469,7.157361896561943,15.659672705985376,LM,63.649,0.10107,100,0,1,0,2005,2018,0,1,2019,2024,126,51,0.40476190476190477,0.3333333333333333,0.3,0.29411764705882354,0.625,0.2,0.14285714285714285,0,0.5555555555555556,0.5454545454545454,0.3333333333333333,0.5,0.5,0.5,0.8333333333333334,0.4,0.16666666666666666,0.625
Kyrgyz Republic,KGZ,2019,0.445,7.259819100517768,15.68055146738641,LM,63.409,0.08535,99.9,0,0,0,NA,NA,1,0,2019,2024,126,55,0.4365079365079365,0.3333333333333333,0.6,0.23529411764705882,0.5,0.2,0.14285714285714285,0,0.7777777777777778,0.5454545454545454,0.3333333333333333,0.5,0.375,0.5,1,0.2,0.3333333333333333,0.625
Kyrgyz Republic,KGZ,2020,0.387,7.114377304008239,15.699530105617626,LM,63.144,0.08356,99.9,0,0,0,NA,NA,1,0,2019,2024,126,59,0.46825396825396826,0.3333333333333333,0.6,0.35294117647058826,0.625,0.2,0.14285714285714285,0,0.7777777777777778,0.5454545454545454,0.3333333333333333,0.3333333333333333,0.375,0.5,1,0.2,0.5,0.625
Kyrgyz Republic,KGZ,2021,0.416,7.2078578766156705,15.716752037809329,LM,62.854,0.07102,99.7,0,0,0,NA,NA,1,0,2019,2024,126,55,0.4365079365079365,0.3333333333333333,0.3,0.29411764705882354,0.625,0.2,0.14285714285714285,0,0.6666666666666666,0.5454545454545454,0.3333333333333333,0.5,0.5,0.25,1,0.4,0.5,0.5
Kyrgyz Republic,KGZ,2022,0.382,7.461479636759374,15.732918346546874,LM,62.539,0.06922,99.7,0,0,0,NA,NA,1,0,2019,2024,126,59,0.46825396825396826,0.3333333333333333,0.5,0.47058823529411764,0.625,0.2,0.14285714285714285,0.25,0.6666666666666666,0.5454545454545454,0.3333333333333333,0.5,0.375,0.5,1,0.2,0.3333333333333333,0.625
Kyrgyz Republic,KGZ,2023,0.358,7.585868925122656,NA,LM,62.199,0.05876,100,0,0,0,NA,NA,1,0,2019,2024,126,77,0.6111111111111112,0.3333333333333333,1,0.5294117647058824,0.75,0.4,0.8571428571428571,0.75,0.6666666666666666,0.36363636363636365,1,0.8333333333333334,0.375,0.25,1,0.2,0.5,0.625
Cambodia,KHM,2015,0.294,7.34427974836669,16.557732529785266,LM,77.812,0.11823,62.7,0,0,0,NA,NA,0,1,2016,2019,126,58,0.4603174603174603,1,0.5,0.35294117647058826,0.5,0.2,0,0,0.6666666666666666,0.5454545454545454,1,0.5,0.5,0.5,0.16666666666666666,0.4,0.5,0.75
Cambodia,KHM,2016,0.277,7.423685187892125,16.573384674445254,LM,77.418,NA,68.8,0,0,0,NA,NA,1,0,2016,2019,126,63,0.5,1,0.5,0.4117647058823529,0.625,0.2,0.14285714285714285,0,0.7777777777777778,0.5454545454545454,1,0.5,0.5,0.5,0.16666666666666666,0.2,0.75,0.625
Cambodia,KHM,2017,0.237,7.51007686329411,16.588687419716102,LM,77.02,NA,89.1,0,0,0,NA,NA,1,0,2016,2019,126,56,0.4444444444444444,1,0.5,0.29411764705882354,0.625,0.2,0.14285714285714285,0,0.5555555555555556,0.7272727272727273,1,0.5,0.5,0.5,0.16666666666666666,0.2,0.3333333333333333,0.625
Cambodia,KHM,2018,0.214,7.61907325416247,16.60359085127583,LM,76.612,NA,80.7,0,0,0,NA,NA,1,0,2016,2019,126,56,0.4444444444444444,1,0.5,0.4117647058823529,0.5,0.2,0.14285714285714285,0,0.5555555555555556,0.6363636363636364,1,0.5,0.5,0.5,0,0.4,0.3333333333333333,0.625
Cambodia,KHM,2019,0.196,7.707906298953489,16.618054969694853,LM,76.195,NA,84,0,0,0,NA,NA,1,0,2016,2019,126,60,0.47619047619047616,1,0.6,0.23529411764705882,0.75,0.2,0.14285714285714285,0,0.7777777777777778,0.6363636363636364,1,0.5,0.375,0.5,0.3333333333333333,0.2,0.5,0.625
Cambodia,KHM,2020,0.194,7.640958949298315,16.63205462066478,LM,75.768,NA,86.4,0,0,0,NA,NA,0,0,NA,NA,126,62,0.49206349206349204,1,0.5,0.4117647058823529,0.625,0.2,0.14285714285714285,0,0.7777777777777778,0.6363636363636364,1,0.5,0.375,0.25,0.6666666666666666,0.2,0.5,0.625
Cambodia,KHM,2021,0.196,7.681285067289197,16.645568694289526,LM,75.332,NA,82.5,0,0,0,NA,NA,0,0,NA,NA,126,60,0.47619047619047616,1,0.3,0.35294117647058826,0.5,0.2,0.14285714285714285,0,0.6666666666666666,0.7272727272727273,1,0.5,0.5,0.5,0.6666666666666666,0.4,0.5,0.5
Cambodia,KHM,2022,0.205,7.7514884362149825,16.63497344334859,LM,74.886,NA,92.3,0,0,0,NA,NA,0,0,NA,NA,126,60,0.47619047619047616,1,0.6,0.47058823529411764,0.125,0.2,0.14285714285714285,0.25,0.6666666666666666,0.6363636363636364,1,0.5,0.375,0.5,0.6666666666666666,0.2,0.3333333333333333,0.75
Cambodia,KHM,2023,0.198,7.795543047440709,NA,LM,74.43,NA,95,0,0,0,NA,NA,0,0,NA,NA,126,79,0.626984126984127,1,1,0.5294117647058824,0.625,0.4,0.8571428571428571,0.75,0.6666666666666666,0.45454545454545453,1,0.8333333333333334,0.375,0.5,0.6666666666666666,0.2,0.5,0.75
South Korea,KOR,2015,0.714,10.265956052322784,17.74762922618088,H,18.366,3.9782,100,0,0,1,2016,2017,0,0,NA,NA,126,40,0.31746031746031744,0,0.5,0.23529411764705882,0.125,0,0,0,0.5555555555555556,0.18181818181818182,0.3333333333333333,0.8333333333333334,0.375,0.25,0.16666666666666666,0.4,0.25,0.875
South Korea,KOR,2016,0.726,10.28467500621354,17.75159774441469,H,18.438,3.98704,100,0,1,0,2016,2017,0,0,NA,NA,126,48,0.38095238095238093,0,0.5,0.35294117647058826,0.625,0,0,0,0.6666666666666666,0.09090909090909091,0,0.8333333333333334,0.375,0.5,0.16666666666666666,0.2,0.5833333333333334,0.75
South Korea,KOR,2017,0.861,10.36093568632918,17.754407424597705,H,18.497,4.29206,100,0,1,0,2016,2017,0,0,NA,NA,126,39,0.30952380952380953,0,0.3,0.23529411764705882,0.625,0,0,0,0.4444444444444444,0.18181818181818182,0,0.8333333333333334,0.375,0.5,0.16666666666666666,0.2,0.25,0.75
South Korea,KOR,2018,0.866,10.417722047891653,17.75874261487384,H,18.541,4.51633,100,0,0,0,NA,NA,0,1,2019,2024,126,35,0.2777777777777778,0,0.5,0.35294117647058826,0.125,0,0,0,0.4444444444444444,0.09090909090909091,0,0.8333333333333334,0.375,0.25,0,0.4,0.25,0.5
South Korea,KOR,2019,0.847,10.370437050793203,17.76222136455961,H,18.57,4.62703,100,0,0,0,NA,NA,1,0,2019,2024,126,43,0.3412698412698413,0,0.6,0.23529411764705882,0.625,0,0,0,0.6666666666666666,0.18181818181818182,0,0.8333333333333334,0.25,0.5,0.3333333333333333,0.2,0.25,0.625
South Korea,KOR,2020,0.856,10.364743624153766,17.76360005722208,H,18.586,4.79571,100,0,0,0,NA,NA,1,0,2019,2024,126,41,0.3253968253968254,0,0.4,0.35294117647058826,0.5,0,0,0,0.6666666666666666,0.18181818181818182,0,0.5,0.25,0.5,0.6666666666666666,0.2,0.25,0.5
South Korea,KOR,2021,0.856,10.466683281970248,17.761835970714742,H,18.586,4.90988,100,0,0,0,NA,NA,1,0,2019,2024,126,44,0.3492063492063492,0,0.6,0.23529411764705882,0.625,0,0,0,0.5555555555555556,0.2727272727272727,0,0.8333333333333334,0.375,0.25,0.6666666666666666,0.4,0.16666666666666666,0.5
South Korea,KOR,2022,0.814,10.385749594797089,17.75957698514678,H,18.573,5.21081,100,0,0,0,NA,NA,1,0,2019,2024,126,48,0.38095238095238093,0,0.4,0.47058823529411764,0.375,0,0.14285714285714285,0.25,0.5555555555555556,0.2727272727272727,0.3333333333333333,0.8333333333333334,0.375,0.5,0.6666666666666666,0.2,0.25,0.5
South Korea,KOR,2023,0.703,10.40793401132566,NA,H,18.544,NA,100,0,0,0,NA,NA,1,0,2019,2024,126,77,0.6111111111111112,0.3333333333333333,1,0.5882352941176471,1,0.2,0.8571428571428571,0.75,0.5555555555555556,0.36363636363636365,1,0.6666666666666666,0.5,0.25,0.6666666666666666,0.2,0.5,0.75
Kuwait,KWT,2015,0.317,10.305018689048508,15.159833305671931,H,0,0.0966,100,0,0,0,NA,NA,0,0,NA,NA,126,65,0.5158730158730159,1,0.3,0.23529411764705882,0.75,0.2,0,0,0.7777777777777778,0.6363636363636364,1,0.6666666666666666,0.5,0.5,0.3333333333333333,0.6,0.75,0.875
Kuwait,KWT,2016,0.318,10.215509336047568,15.190961844854186,H,0,0.07985,100,0,0,0,NA,NA,0,0,NA,NA,126,62,0.49206349206349204,1,0.3,0.29411764705882354,0.75,0.2,0.14285714285714285,0,0.7777777777777778,0.45454545454545453,1,0.6666666666666666,0.5,0.5,0.3333333333333333,0.4,0.6666666666666666,0.75
Kuwait,KWT,2017,0.33,10.276692987245037,15.215732971865949,H,0,0.0804,100,0,0,0,NA,NA,0,0,NA,NA,126,61,0.48412698412698413,1,0.3,0.23529411764705882,0.625,0.2,0.14285714285714285,0,0.6666666666666666,0.5454545454545454,1,0.6666666666666666,0.5,0.5,0.3333333333333333,0.6,0.6666666666666666,0.75
Kuwait,KWT,2018,0.322,10.375612753718222,15.235557342974184,H,0,0.06349,100,0,0,0,NA,NA,0,0,NA,NA,126,59,0.46825396825396826,1,0.3,0.29411764705882354,0.75,0.2,0.14285714285714285,0,0.6666666666666666,0.36363636363636365,1,0.6666666666666666,0.5,0.5,0.16666666666666666,0.6,0.6666666666666666,0.625
Kuwait,KWT,2019,0.329,10.364320312304107,15.25227866523378,H,0,0.18801,100,0,0,0,NA,NA,0,0,NA,NA,126,60,0.47619047619047616,1,0.4,0.17647058823529413,0.75,0.2,0.14285714285714285,0,0.8888888888888888,0.5454545454545454,1,0.6666666666666666,0.375,0.5,0.3333333333333333,0.4,0.5833333333333334,0.625
Kuwait,KWT,2020,0.325,10.13602981922532,15.26725622663044,H,0,0.1839,100,0,0,0,NA,NA,0,0,NA,NA,126,63,0.5,1,0.4,0.35294117647058826,0.625,0.2,0.14285714285714285,0,0.8888888888888888,0.5454545454545454,1,0.5,0.375,0.5,0.6666666666666666,0.6,0.5833333333333334,0.5
Kuwait,KWT,2021,0.313,10.435395635734238,15.280743863989478,H,0,NA,100,0,0,0,NA,NA,0,0,NA,NA,126,66,0.5238095238095238,1,0.4,0.23529411764705882,0.75,0.2,0.14285714285714285,0,0.8888888888888888,0.6363636363636364,1,0.6666666666666666,0.5,0.5,0.6666666666666666,0.6,0.6666666666666666,0.5
Kuwait,KWT,2022,0.312,10.598563822456136,15.266860415941755,H,0,0.08041,100,0,0,0,NA,NA,0,0,NA,NA,126,67,0.5317460317460317,1,0.5,0.47058823529411764,1,0.2,0.14285714285714285,0.25,0.6666666666666666,0.5454545454545454,1,0.6666666666666666,0.375,0.5,0.6666666666666666,0.4,0.5,0.5
Kuwait,KWT,2023,0.333,10.426136955609756,NA,H,0,0.0976,100,0,0,0,NA,NA,0,0,NA,NA,126,82,0.6507936507936508,1,1,0.5294117647058824,1,0.4,0.8571428571428571,0.75,0.6666666666666666,0.45454545454545453,1,0.8333333333333334,0.375,0.25,0.6666666666666666,0.6,0.5,0.625
Laos,LAO,2015,0.09,7.659649268076105,15.723742574904737,LM,66.892,NA,89.7,0,0,0,NA,NA,0,0,NA,NA,126,63,0.5,0.3333333333333333,0.3,0.29411764705882354,0.5,0.2,0,0,0.7777777777777778,0.6363636363636364,1,0.5,0.5,0.5,1,0.4,0.75,0.75
Laos,LAO,2016,0.093,7.742064100143351,15.739152895079654,LM,66.264,NA,89,0,0,0,NA,NA,0,0,NA,NA,126,67,0.5317460317460317,0.3333333333333333,0.5,0.4117647058823529,0.625,0.2,0.14285714285714285,0,0.7777777777777778,0.5454545454545454,1,0.5,0.5,0.5,1,0.2,0.8333333333333334,0.625
Laos,LAO,2017,0.125,7.796646281279004,15.754688237578335,LM,65.632,NA,93.6,0,0,0,NA,NA,0,0,NA,NA,126,59,0.46825396825396826,0.3333333333333333,0.2,0.29411764705882354,0.5,0.2,0.14285714285714285,0,0.6666666666666666,0.6363636363636364,1,0.5,0.5,0.5,1,0.2,0.6666666666666666,0.625
Laos,LAO,2018,0.126,7.8419281842804605,15.770167768265273,LM,64.996,NA,92.9,0,0,0,NA,NA,0,0,NA,NA,126,63,0.5,0.3333333333333333,0.5,0.4117647058823529,0.625,0.2,0.14285714285714285,0,0.6666666666666666,0.5454545454545454,0.3333333333333333,0.5,0.5,0.5,0.8333333333333334,0.4,0.75,0.625
Laos,LAO,2019,0.128,7.8591508847826015,15.785340338009814,LM,64.355,NA,98.4,0,0,0,NA,NA,0,0,NA,NA,126,68,0.5396825396825397,0.3333333333333333,0.6,0.29411764705882354,0.625,0.2,0.14285714285714285,0,0.8888888888888888,0.7272727272727273,1,0.5,0.375,0.5,1,0.2,0.8333333333333334,0.625
Laos,LAO,2020,0.127,7.857007679687105,15.800030794218342,LM,63.71,NA,99.3,0,0,0,NA,NA,0,0,NA,NA,126,70,0.5555555555555556,0.3333333333333333,0.5,0.47058823529411764,0.625,0.2,0.14285714285714285,0,0.8888888888888888,0.7272727272727273,1,0.5,0.375,0.5,1,0.2,0.8333333333333334,0.625
Laos,LAO,2021,0.134,7.834412512524115,15.814197200922724,LM,63.061,NA,100,0,0,0,NA,NA,0,0,NA,NA,126,67,0.5317460317460317,0.3333333333333333,0.6,0.35294117647058826,0.625,0.2,0.14285714285714285,0,0.7777777777777778,0.7272727272727273,1,0.5,0.375,0.25,1,0.4,0.8333333333333334,0.5
Laos,LAO,2022,0.133,7.623839582405532,15.83433587622991,LM,62.408,NA,100,0,0,0,NA,NA,0,0,NA,NA,126,71,0.5634920634920635,0.3333333333333333,0.6,0.5294117647058824,0.5,0.2,0.14285714285714285,0.25,0.7777777777777778,0.7272727272727273,1,0.5,0.375,0.5,1,0.2,0.8333333333333334,0.625
Laos,LAO,2023,0.132,7.633829272013821,NA,LM,61.753,NA,96.5,0,0,0,NA,NA,0,0,NA,NA,126,85,0.6746031746031746,0.3333333333333333,1,0.5294117647058824,0.625,0.4,0.8571428571428571,0.75,0.7777777777777778,0.45454545454545453,1,0.8333333333333334,0.5,0.5,1,0.2,0.8333333333333334,0.75
Lebanon,LBN,2015,0.488,8.950806398453903,15.692327983608823,UM,11.894,NA,99.7,0,0,0,NA,NA,0,0,NA,NA,126,61,0.48412698412698413,1,0.5,0.35294117647058826,0.75,0.2,0,0.25,0.6666666666666666,0.6363636363636364,1,0.6666666666666666,0.5,0.5,0.5,0.4,0.25,0.625
Lebanon,LBN,2016,0.484,8.998261887391914,15.719747308491112,UM,11.734,NA,99.8,0,0,0,NA,NA,0,0,NA,NA,126,66,0.5238095238095238,1,0.5,0.4117647058823529,0.875,0.2,0.14285714285714285,0.25,0.7777777777777778,0.6363636363636364,1,0.6666666666666666,0.5,0.5,0.5,0.2,0.5,0.5
Lebanon,LBN,2017,0.478,9.06047177675771,15.735278090109448,UM,11.571,NA,99.9,0,0,0,NA,NA,0,1,2018,2024,126,60,0.47619047619047616,1,0.5,0.35294117647058826,0.875,0.2,0.14285714285714285,0.25,0.5555555555555556,0.6363636363636364,1,0.6666666666666666,0.5,0.5,0.5,0.2,0.25,0.5
Lebanon,LBN,2018,0.447,9.124187171593103,15.741131698602144,UM,11.407,NA,99.7,0,0,0,NA,NA,1,0,2018,2024,126,57,0.4523809523809524,1,0.5,0.4117647058823529,0.625,0.2,0.14285714285714285,0.25,0.5555555555555556,0.5454545454545454,1,0.6666666666666666,0.5,0.5,0.3333333333333333,0.4,0.25,0.375
Lebanon,LBN,2019,0.435,9.094467017904137,15.74059229378486,UM,11.242,NA,100,0,0,0,NA,NA,1,0,2018,2024,126,61,0.48412698412698413,1,0.6,0.29411764705882354,0.875,0.2,0.14285714285714285,0.25,0.7777777777777778,0.6363636363636364,1,0.6666666666666666,0.375,0.5,0.5,0.2,0.25,0.5
Lebanon,LBN,2020,0.438,8.62356769341611,15.736167658843096,UM,11.075,NA,100,0,0,0,NA,NA,1,0,2018,2024,126,63,0.5,1,0.6,0.47058823529411764,0.875,0.2,0.14285714285714285,0.25,0.7777777777777778,0.6363636363636364,1,0.5,0.375,0.5,0.6666666666666666,0.2,0.25,0.375
Lebanon,LBN,2021,0.44,8.305329263044955,15.727886230820602,LM,10.907,NA,100,0,0,0,NA,NA,1,0,2018,2024,126,61,0.48412698412698413,1,0.3,0.35294117647058826,0.875,0.2,0.14285714285714285,0.25,0.6666666666666666,0.6363636363636364,1,0.6666666666666666,0.5,0.5,0.6666666666666666,0.4,0.3333333333333333,0.375
Lebanon,LBN,2022,0.409,8.203675831469711,15.518391271371998,LM,10.738,NA,100,0,0,0,NA,NA,1,0,2018,2024,126,68,0.5396825396825397,1,0.5,0.5294117647058824,0.875,0.2,0.14285714285714285,0.5,0.5555555555555556,0.6363636363636364,1,0.6666666666666666,0.375,0.5,0.6666666666666666,0.2,0.5,0.625
Lebanon,LBN,2023,0.364,NA,NA,LM,10.568,NA,100,0,0,0,NA,NA,1,0,2018,2024,126,81,0.6428571428571429,1,1,0.5294117647058824,0.625,0.4,0.8571428571428571,0.75,0.7777777777777778,0.5454545454545454,1,0.8333333333333334,0.375,0.25,0.6666666666666666,0.2,0.5,0.875
Liberia,LBR,2015,0.611,6.540438312489535,15.313397500019429,L,50.18,NA,15.2,0,0,0,NA,NA,0,0,NA,NA,126,61,0.48412698412698413,0.3333333333333333,0.5,0.29411764705882354,0.875,0.2,0.2857142857142857,0,0.6666666666666666,0.7272727272727273,1,0.5,0.5,0.5,0.16666666666666666,0.4,0.3333333333333333,0.875
Liberia,LBR,2016,0.615,6.571741225718896,15.338690554939848,L,49.746,NA,17.7,0,0,0,NA,NA,0,0,NA,NA,126,62,0.49206349206349204,0.3333333333333333,0.3,0.4117647058823529,0.625,0.2,0.42857142857142855,0,0.7777777777777778,0.6363636363636364,0.3333333333333333,0.5,0.5,0.5,0.16666666666666666,0.2,0.8333333333333334,0.75
Liberia,LBR,2017,0.624,6.55003564054008,15.36354614624986,L,49.303,NA,24.2,0,0,0,NA,NA,0,0,NA,NA,126,56,0.4444444444444444,0.3333333333333333,0.5,0.29411764705882354,0.5,0.2,0.42857142857142855,0,0.5555555555555556,0.7272727272727273,1,0.5,0.5,0.5,0.16666666666666666,0.2,0.3333333333333333,0.75
Liberia,LBR,2018,0.625,6.539879448816003,15.388072015323704,L,48.849,NA,22.8,0,0,0,NA,NA,0,0,NA,NA,126,60,0.47619047619047616,0.3333333333333333,0.5,0.35294117647058826,1,0.2,0.42857142857142855,0,0.5555555555555556,0.6363636363636364,1,0.5,0.5,0.5,0,0.4,0.4166666666666667,0.625
Liberia,LBR,2019,0.623,6.48945441509527,15.412344168878558,L,48.385,NA,23.1,0,0,0,NA,NA,0,0,NA,NA,126,62,0.49206349206349204,0.3333333333333333,0.3,0.29411764705882354,0.875,0.2,0.42857142857142855,0,0.7777777777777778,0.7272727272727273,1,0.5,0.5,0.5,0.3333333333333333,0.2,0.5,0.75
Liberia,LBR,2020,0.64,6.424525151173674,15.436417844940062,L,47.911,NA,27.6,0,0,0,NA,NA,0,0,NA,NA,126,63,0.5,0.3333333333333333,0.6,0.35294117647058826,0.75,0.2,0.42857142857142855,0,0.7777777777777778,0.7272727272727273,1,0.5,0.375,0.5,0.6666666666666666,0.2,0.3333333333333333,0.625
Liberia,LBR,2021,0.63,6.5042374313810205,15.460355767869652,L,47.427,NA,29.8,0,0,0,NA,NA,0,0,NA,NA,126,62,0.49206349206349204,0.3333333333333333,0.6,0.29411764705882354,0.625,0.2,0.42857142857142855,0,0.6666666666666666,0.8181818181818182,1,0.5,0.5,0.5,0.6666666666666666,0.4,0.3333333333333333,0.5
Liberia,LBR,2022,0.634,6.612870227516939,15.48372309968045,L,46.935,NA,31.8,0,0,0,NA,NA,0,0,NA,NA,126,67,0.5317460317460317,0.3333333333333333,0.6,0.5294117647058824,0.625,0.2,0.42857142857142855,0.25,0.6666666666666666,0.7272727272727273,1,0.5,0.375,0.5,0.6666666666666666,0.2,0.5,0.625
Liberia,LBR,2023,0.639,6.648838350348487,NA,L,46.433,NA,32.5,0,0,0,NA,NA,0,0,NA,NA,126,80,0.6349206349206349,0.3333333333333333,1,0.5294117647058824,1,0.4,0.8571428571428571,0.75,0.6666666666666666,0.45454545454545453,1,0.8333333333333334,0.375,0.25,0.6666666666666666,0.2,0.5,0.875
Libya,LBY,2015,0.286,8.917108149630943,15.674666180158022,UM,20.73,NA,73.8,0,0,0,NA,NA,1,0,2014,2024,126,78,0.6190476190476191,1,0.6,0.4117647058823529,1,0.2,0.14285714285714285,0.25,0.7777777777777778,0.8181818181818182,1,0.6666666666666666,0.5,0.5,0.16666666666666666,0.6,0.8333333333333334,1
Libya,LBY,2016,0.286,8.926092793957189,15.686105853030725,UM,20.46,NA,72.2,0,0,0,NA,NA,1,0,2014,2024,126,75,0.5952380952380952,1,0.6,0.47058823529411764,1,0.2,0.2857142857142857,0.25,0.7777777777777778,0.7272727272727273,1,0.6666666666666666,0.5,0.5,0.16666666666666666,0.4,0.6666666666666666,0.875
Libya,LBY,2017,0.275,9.20691775821022,15.69965517568476,UM,20.183,NA,70.6,0,0,0,NA,NA,1,0,2014,2024,126,77,0.6111111111111112,1,0.6,0.4117647058823529,1,0.2,0.2857142857142857,0.25,0.6666666666666666,0.8181818181818182,1,0.6666666666666666,0.5,0.5,0.16666666666666666,0.6,0.8333333333333334,0.875
Libya,LBY,2018,0.267,9.32336414294439,15.71441370207635,UM,19.898,NA,67,0,0,0,NA,NA,1,0,2014,2024,126,77,0.6111111111111112,1,0.6,0.47058823529411764,1,0.2,0.2857142857142857,0.25,0.6666666666666666,0.8181818181818182,1,0.6666666666666666,0.5,0.5,0,0.6,0.8333333333333334,0.875
Libya,LBY,2019,0.264,9.206653071331,15.729111925620474,UM,19.607,NA,68.5,0,0,0,NA,NA,1,0,2014,2024,126,78,0.6190476190476191,1,0.7,0.35294117647058826,1,0.2,0.2857142857142857,0.25,0.8888888888888888,0.9090909090909091,1,0.6666666666666666,0.375,0.25,0.3333333333333333,0.4,0.8333333333333334,0.875
Libya,LBY,2020,0.266,8.802422975364957,15.74286198289783,UM,19.309,NA,69.4,0,0,0,NA,NA,1,0,2014,2024,126,84,0.6666666666666666,1,0.7,0.5294117647058824,1,0.2,0.2857142857142857,0.25,0.8888888888888888,0.8181818181818182,1,0.6666666666666666,0.375,0.5,0.6666666666666666,0.6,0.8333333333333334,0.875
Libya,LBY,2021,0.216,8.50427569321868,15.755479952774175,UM,19.006,NA,70.2,0,0,0,NA,NA,1,0,2014,2024,126,81,0.6428571428571429,1,0.7,0.4117647058823529,1,0.2,0.2857142857142857,0.25,0.8888888888888888,0.7272727272727273,1,0.6666666666666666,0.5,0.5,0.6666666666666666,0.6,0.8333333333333334,0.75
Libya,LBY,2022,0.208,8.697285089200259,15.734246378231726,UM,18.698,NA,70,0,0,0,NA,NA,1,0,2014,2024,126,84,0.6666666666666666,1,0.7,0.6470588235294118,1,0.2,0.2857142857142857,0.5,0.7777777777777778,0.7272727272727273,1,0.6666666666666666,0.375,0.5,0.6666666666666666,0.4,0.8333333333333334,0.875
Libya,LBY,2023,0.194,8.727909842700297,NA,UM,18.394,NA,73.2,0,0,0,NA,NA,1,0,2014,2024,126,93,0.7380952380952381,1,1,0.5882352941176471,1,0.4,0.8571428571428571,0.75,0.7777777777777778,0.5454545454545454,1,0.8333333333333334,0.5,0.5,0.6666666666666666,0.6,0.8333333333333334,0.875
Sri Lanka,LKA,2015,0.554,8.308970615865185,16.858603402878103,LM,81.744,0.10291,94.3,1,1,0,2010,2018,0,0,NA,NA,126,54,0.42857142857142855,0.3333333333333333,0.5,0.29411764705882354,0.625,0.2,0.14285714285714285,0,0.6666666666666666,0.5454545454545454,1,0.5,0.5,0.5,0.16666666666666666,0.4,0.25,0.75
Sri Lanka,LKA,2016,0.598,8.330806034458686,16.86965323906469,LM,81.689,0.12034,97.5,0,1,0,2010,2018,0,0,NA,NA,126,53,0.42063492063492064,0.3333333333333333,0.2,0.35294117647058826,0.5,0.2,0.2857142857142857,0,0.7777777777777778,0.5454545454545454,0.3333333333333333,0.5,0.5,0.5,0.16666666666666666,0.2,0.5833333333333334,0.625
Sri Lanka,LKA,2017,0.59,8.389599716128952,16.880955443929565,LM,81.616,0.11818,97.5,0,1,0,2010,2018,0,0,NA,NA,126,51,0.40476190476190477,0.3333333333333333,0.5,0.35294117647058826,0.5,0.2,0.2857142857142857,0,0.5555555555555556,0.45454545454545453,1,0.5,0.5,0.5,0.16666666666666666,0.2,0.25,0.625
Sri Lanka,LKA,2018,0.615,8.380361440882774,16.89143937351254,UM,81.524,0.11949,99.6,0,1,0,2010,2018,0,0,NA,NA,126,52,0.4126984126984127,0.3333333333333333,0.5,0.4117647058823529,0.625,0.2,0.2857142857142857,0,0.5555555555555556,0.36363636363636365,1,0.5,0.5,0.5,0,0.4,0.25,0.625
Sri Lanka,LKA,2019,0.565,8.314512355619485,16.897558132970186,LM,81.415,NA,99.8,0,0,1,2020,2024,0,0,NA,NA,126,54,0.42857142857142855,0.3333333333333333,0.6,0.29411764705882354,0.625,0.2,0.2857142857142857,0,0.7777777777777778,0.5454545454545454,0.3333333333333333,0.5,0.375,0.5,0.3333333333333333,0.2,0.3333333333333333,0.625
Sri Lanka,LKA,2020,0.574,8.254834295894334,16.902864398565487,LM,81.287,0.11616,100,0,1,0,2020,2024,0,0,NA,NA,126,60,0.47619047619047616,0.3333333333333333,0.6,0.47058823529411764,0.625,0.2,0.2857142857142857,0,0.7777777777777778,0.45454545454545453,1,0.3333333333333333,0.375,0.5,0.6666666666666666,0.2,0.5,0.5
Sri Lanka,LKA,2021,0.577,8.29388403814078,16.91361889813513,LM,81.14,NA,100,0,1,0,2020,2024,0,0,NA,NA,126,57,0.4523809523809524,0.3333333333333333,0.6,0.35294117647058826,0.5,0.2,0.2857142857142857,0,0.6666666666666666,0.5454545454545454,1,0.5,0.5,0,0.6666666666666666,0.4,0.4166666666666667,0.5
Sri Lanka,LKA,2022,0.604,8.11454009469549,16.914746624532928,LM,80.974,0.10506,100,0,1,0,2020,2024,0,0,NA,NA,126,60,0.47619047619047616,0.3333333333333333,0.5,0.5294117647058824,0.5,0.2,0.2857142857142857,0.25,0.6666666666666666,0.45454545454545453,1,0.5,0.375,0.5,0.6666666666666666,0.2,0.5,0.5
Sri Lanka,LKA,2023,0.58,8.250088597880993,NA,LM,80.789,NA,100,0,1,0,2020,2024,0,0,NA,NA,126,76,0.6031746031746031,0.3333333333333333,1,0.5294117647058824,0.75,0.4,0.8571428571428571,0.75,0.6666666666666666,0.36363636363636365,1,0.8333333333333334,0.375,0.5,0.6666666666666666,0.2,0.5,0.625
Lesotho,LSO,2015,0.596,7.022153493032173,14.537736328394878,LM,73.092,0.05101,31.8,0,0,0,NA,NA,1,0,2015,2017,126,78,0.6190476190476191,0.3333333333333333,0.6,0.35294117647058826,0.75,0.2,0.14285714285714285,0,0.8888888888888888,0.6363636363636364,1,0.5,1,0.75,1,0.6,0.8333333333333334,0.75
Lesotho,LSO,2016,0.576,6.900218791570374,14.545491470487873,LM,72.683,NA,35.1,0,0,0,NA,NA,1,0,2015,2017,126,75,0.5952380952380952,0.3333333333333333,0.6,0.35294117647058826,0.625,0.2,0.2857142857142857,0,0.8888888888888888,0.6363636363636364,1,0.5,1,0.75,1,0.6,0.6666666666666666,0.625
Lesotho,LSO,2017,0.503,6.9748219129976325,14.553407369771252,LM,72.27,NA,33.7,0,0,1,2018,2024,1,0,2015,2017,126,73,0.5793650793650794,0.3333333333333333,0.6,0.29411764705882354,0.625,0.2,0.2857142857142857,0,0.7777777777777778,0.7272727272727273,0.3333333333333333,0.5,1,0.75,1,0.4,0.8333333333333334,0.625
Lesotho,LSO,2018,0.596,7.065319295598803,14.561405299952668,LM,71.847,NA,47,0,1,0,2018,2024,0,0,NA,NA,126,69,0.5476190476190477,0.3333333333333333,0.3,0.35294117647058826,0.5,0.2,0.2857142857142857,0,0.8888888888888888,0.5454545454545454,1,0.5,1,0.75,0.8333333333333334,0.6,0.6666666666666666,0.625
Lesotho,LSO,2019,0.627,6.986619201083952,14.569407999506549,LM,71.415,NA,44.6,0,1,0,2018,2024,0,0,NA,NA,126,75,0.5952380952380952,0.3333333333333333,0.7,0.29411764705882354,0.625,0.2,0.2857142857142857,0,0.8888888888888888,0.6363636363636364,1,0.5,0.875,0.75,1,0.6,0.75,0.625
Lesotho,LSO,2020,0.635,6.822831805241111,14.577368170128782,LM,70.972,NA,47.5,0,1,0,2018,2024,0,0,NA,NA,126,78,0.6190476190476191,0.3333333333333333,0.7,0.4117647058823529,0.625,0.2,0.2857142857142857,0,0.8888888888888888,0.7272727272727273,1,0.5,0.875,0.75,1,0.4,0.8333333333333334,0.625
Lesotho,LSO,2021,0.623,6.972218595104382,14.58518674190103,LM,70.52,NA,50.4,0,1,0,2018,2024,0,0,NA,NA,126,79,0.626984126984127,0.3333333333333333,0.6,0.35294117647058826,0.875,0.2,0.2857142857142857,0,0.8888888888888888,0.7272727272727273,1,0.5,1,0.75,1,0.6,0.8333333333333334,0.5
Lesotho,LSO,2022,0.646,6.937309744321073,14.65094908794617,LM,70.057,NA,50,0,1,0,2018,2024,0,0,NA,NA,126,80,0.6349206349206349,0.3333333333333333,0.7,0.5882352941176471,0.625,0.2,0.2857142857142857,0.25,0.6666666666666666,0.7272727272727273,1,0.5,0.75,0.75,1,0.6,0.8333333333333334,0.625
Lesotho,LSO,2023,0.644,6.820325246332091,NA,LM,69.585,NA,57.3,0,1,0,2018,2024,0,0,NA,NA,126,94,0.746031746031746,0.3333333333333333,1,0.5294117647058824,0.75,0.4,1,0.75,0.7777777777777778,0.6363636363636364,1,0.8333333333333334,1,0.5,1,0.4,0.8333333333333334,0.75
Lithuania,LTU,2015,0.838,9.568032674130505,14.8819129667211,H,32.77,1.04341,100,0,0,0,NA,NA,0,0,NA,NA,126,43,0.3412698412698413,0,0.5,0.11764705882352941,0.125,0.2,0,0,0.5555555555555556,0.2727272727272727,0,0.5,0.375,0.5,0.3333333333333333,0.4,0.5833333333333334,0.875
Lithuania,LTU,2016,0.824,9.614579449482552,14.869206021391214,H,32.634,0.84241,100,0,0,0,NA,NA,0,0,NA,NA,126,43,0.3412698412698413,0,0.5,0.17647058823529413,0.5,0.2,0,0,0.5555555555555556,0.09090909090909091,0,0.5,0.375,0.5,0.3333333333333333,0.2,0.5833333333333334,0.75
Lithuania,LTU,2017,0.806,9.734163759441527,14.855222799382004,H,32.484,0.89626,100,0,0,0,NA,NA,0,0,NA,NA,126,42,0.3333333333333333,0,0.5,0.11764705882352941,0.5,0.2,0,0,0.4444444444444444,0.18181818181818182,0,0.5,0.375,0.5,0.3333333333333333,0.2,0.5833333333333334,0.75
Lithuania,LTU,2018,0.817,9.871405332803011,14.845680894789904,H,32.321,0.93662,100,0,0,0,NA,NA,0,0,NA,NA,126,35,0.2777777777777778,0,0.5,0.17647058823529413,0.125,0,0,0,0.4444444444444444,0.09090909090909091,0,0.5,0.375,0.25,0.16666666666666666,0.4,0.5833333333333334,0.5
Lithuania,LTU,2019,0.82,9.889782097897498,14.843033851240456,H,32.145,0.99266,100,0,0,0,NA,NA,0,0,NA,NA,126,41,0.3253968253968254,0,0.6,0,0.5,0.2,0,0,0.6666666666666666,0.18181818181818182,0,0.5,0.25,0.5,0.3333333333333333,0.2,0.5833333333333334,0.625
Lithuania,LTU,2020,0.81,9.930218330071115,14.843301518823251,H,31.954,1.13261,100,0,0,0,NA,NA,0,0,NA,NA,126,39,0.30952380952380953,0,0.6,0.23529411764705882,0.5,0.2,0,0,0.5555555555555556,0.18181818181818182,0,0.16666666666666666,0.25,0.5,0.6666666666666666,0.2,0.25,0.5
Lithuania,LTU,2021,0.8,10.083085758123248,14.843457505919572,H,31.751,1.10436,100,0,0,0,NA,NA,0,0,NA,NA,126,35,0.2777777777777778,0,0.4,0.11764705882352941,0.375,0.2,0,0,0.4444444444444444,0.2727272727272727,0,0.5,0.375,0.25,0.6666666666666666,0.4,0.16666666666666666,0.375
Lithuania,LTU,2022,0.8,10.130056592559052,14.856846778812654,H,31.535,1.05319,100,0,0,0,NA,NA,0,0,NA,NA,126,38,0.30158730158730157,0,0.3,0.29411764705882354,0.125,0,0.14285714285714285,0.25,0.4444444444444444,0.2727272727272727,0.3333333333333333,0.5,0.375,0.5,0.6666666666666666,0.2,0.16666666666666666,0.5
Lithuania,LTU,2023,0.798,10.232287783727212,NA,H,31.306,NA,100,0,0,0,NA,NA,0,0,NA,NA,126,71,0.5634920634920635,0.3333333333333333,0.9,0.47058823529411764,0.75,0.4,0.8571428571428571,0.75,0.5555555555555556,0.36363636363636365,1,0.6666666666666666,0.375,0.25,0.6666666666666666,0.2,0.4166666666666667,0.75
Luxembourg,LUX,2015,0.878,11.56610609691526,13.252696661527157,H,9.821,1.25226,100,0,0,0,NA,NA,0,0,NA,NA,126,47,0.373015873015873,0,0.5,0.11764705882352941,0.25,0.4,0,0,0.5555555555555556,0.2727272727272727,0,0.5,0.375,0.25,1,0.4,0.5833333333333334,0.75
Luxembourg,LUX,2016,0.878,11.579642488010942,13.274249781407075,H,9.54000000000001,1.2669,100,0,0,0,NA,NA,0,0,NA,NA,126,48,0.38095238095238093,0,0.5,0.17647058823529413,0.5,0.4,0,0,0.6666666666666666,0.09090909090909091,0,0.5,0.375,0.5,1,0.2,0.5833333333333334,0.625
Luxembourg,LUX,2017,0.878,11.609990593042529,13.298559545584688,H,9.273,1.23898,100,0,0,0,NA,NA,0,0,NA,NA,126,46,0.36507936507936506,0,0.5,0.11764705882352941,0.5,0.4,0,0,0.4444444444444444,0.18181818181818182,0,0.5,0.375,0.5,1,0.2,0.5833333333333334,0.625
Luxembourg,LUX,2018,0.879,11.668102860687156,13.317847920724564,H,9.01900000000001,1.1718,100,0,0,0,NA,NA,0,0,NA,NA,126,40,0.31746031746031744,0,0.5,0.17647058823529413,0.125,0.4,0,0,0.4444444444444444,0.09090909090909091,0,0.5,0.375,0.25,0.8333333333333334,0.4,0.5833333333333334,0.375
Luxembourg,LUX,2019,0.88,11.63271927499748,13.3374763699232,H,8.777,1.18177,100,0,0,0,NA,NA,0,0,NA,NA,126,46,0.36507936507936506,0,0.5,0.058823529411764705,0.5,0.4,0,0,0.7777777777777778,0.18181818181818182,0,0.5,0.25,0.5,1,0.2,0.5833333333333334,0.5
Luxembourg,LUX,2020,0.88,11.669120086524703,13.354139956665527,H,8.547,1.09584,100,0,0,0,NA,NA,0,0,NA,NA,126,44,0.3492063492063492,0,0.6,0.23529411764705882,0.5,0.4,0,0,0.5555555555555556,0.18181818181818182,0,0.3333333333333333,0.25,0.5,1,0.2,0.4166666666666667,0.375
Luxembourg,LUX,2021,0.88,11.803441974606914,13.367769273525813,H,8.328,1.0412,100,0,0,0,NA,NA,0,0,NA,NA,126,42,0.3333333333333333,0,0.6,0.11764705882352941,0.375,0.4,0,0,0.6666666666666666,0.2727272727272727,0,0.5,0.375,0.25,1,0.4,0.16666666666666666,0.375
Luxembourg,LUX,2022,0.88,11.736117189524087,13.385917702699215,H,8.119,0.97653,100,0,0,0,NA,NA,0,0,NA,NA,126,48,0.38095238095238093,0,0.4,0.35294117647058826,0.5,0.4,0.14285714285714285,0.25,0.6666666666666666,0.2727272727272727,0.3333333333333333,0.5,0.25,0.5,1,0.2,0.16666666666666666,0.5
Luxembourg,LUX,2023,0.878,11.765069914576998,NA,H,7.922,NA,100,0,0,0,NA,NA,0,0,NA,NA,126,74,0.5873015873015873,0.3333333333333333,0.9,0.4117647058823529,0.75,0.6,0.8571428571428571,0.75,0.5555555555555556,0.36363636363636365,1,0.6666666666666666,0.375,0.25,1,0.2,0.5,0.75
Latvia,LVA,2015,0.847,9.49717022964608,14.49735763213377,H,32.02,0.6194,100,0,0,0,NA,NA,0,0,NA,NA,126,41,0.3253968253968254,0,0.5,0.11764705882352941,0.125,0.2,0,0,0.5555555555555556,0.2727272727272727,0,0.5,0.375,0.25,0.16666666666666666,0.4,0.5833333333333334,0.875
Latvia,LVA,2016,0.843,9.535211769747832,14.488218778811504,H,31.979,0.43514,100,0,0,0,NA,NA,0,0,NA,NA,126,42,0.3333333333333333,0,0.5,0.17647058823529413,0.5,0.2,0,0,0.5555555555555556,0.09090909090909091,0,0.5,0.375,0.5,0.16666666666666666,0.2,0.5833333333333334,0.75
Latvia,LVA,2017,0.837,9.62459975219997,14.47935662307858,H,31.925,0.51104,100,0,0,0,NA,NA,0,0,NA,NA,126,42,0.3333333333333333,0,0.5,0.11764705882352941,0.5,0.2,0,0,0.4444444444444444,0.18181818181818182,0,0.5,0.375,0.5,0.3333333333333333,0.2,0.5833333333333334,0.75
Latvia,LVA,2018,0.835,9.755693271931433,14.47156523911666,H,31.858,0.63869,100,0,0,0,NA,NA,0,0,NA,NA,126,35,0.2777777777777778,0,0.5,0.17647058823529413,0.125,0,0,0,0.4444444444444444,0.09090909090909091,0,0.5,0.375,0.25,0.16666666666666666,0.4,0.5833333333333334,0.5
Latvia,LVA,2019,0.834,9.758171285116983,14.464612847715298,H,31.778,0.63847,100,0,0,0,NA,NA,0,0,NA,NA,126,41,0.3253968253968254,0,0.6,0,0.5,0.2,0,0,0.6666666666666666,0.18181818181818182,0,0.5,0.25,0.5,0.3333333333333333,0.2,0.5833333333333334,0.625
Latvia,LVA,2020,0.826,9.77361984897071,14.457600732007965,H,31.685,0.73439,100,0,0,0,NA,NA,0,0,NA,NA,126,39,0.30952380952380953,0,0.6,0.23529411764705882,0.5,0.2,0,0,0.5555555555555556,0.18181818181818182,0,0.16666666666666666,0.25,0.5,0.6666666666666666,0.2,0.25,0.5
Latvia,LVA,2021,0.834,9.916544112970042,14.44846283686485,H,31.579,0.74622,100,0,0,0,NA,NA,0,0,NA,NA,126,35,0.2777777777777778,0,0.4,0.11764705882352941,0.375,0.2,0,0,0.4444444444444444,0.2727272727272727,0,0.5,0.375,0.25,0.6666666666666666,0.4,0.16666666666666666,0.375
Latvia,LVA,2022,0.831,9.914895304004055,14.448578061948153,H,31.46,0.76382,100,0,0,0,NA,NA,0,0,NA,NA,126,41,0.3253968253968254,0,0.4,0.29411764705882354,0.125,0,0.42857142857142855,0.25,0.4444444444444444,0.2727272727272727,0.3333333333333333,0.5,0.375,0.5,0.6666666666666666,0.2,0.16666666666666666,0.5
Latvia,LVA,2023,0.852,10.021396935321487,NA,H,31.329,NA,100,0,0,0,NA,NA,0,0,NA,NA,126,68,0.5396825396825397,0.3333333333333333,0.9,0.47058823529411764,0.5,0.2,0.8571428571428571,0.75,0.5555555555555556,0.36363636363636365,1,0.6666666666666666,0.5,0.5,0.6666666666666666,0.2,0.25,0.75
Morocco,MAR,2015,0.263,8.053965848157665,17.36120093377574,LM,39.191,NA,97.3,0,0,0,NA,NA,0,0,NA,NA,126,56,0.4444444444444444,0.3333333333333333,0.5,0.35294117647058826,0.75,0.2,0,0,0.6666666666666666,0.6363636363636364,1,0.5,0.5,0.5,0.16666666666666666,0.4,0.25,0.75
Morocco,MAR,2016,0.266,8.052250484153307,17.37445995542306,LM,38.64,NA,97.8,0,0,0,NA,NA,0,0,NA,NA,126,58,0.4603174603174603,0.3333333333333333,0.5,0.4117647058823529,0.625,0.2,0.14285714285714285,0,0.7777777777777778,0.45454545454545453,1,0.5,0.5,0.5,0.16666666666666666,0.2,0.5833333333333334,0.625
Morocco,MAR,2017,0.261,8.10062465102191,17.38732956841434,LM,38.092,NA,100,0,0,0,NA,NA,0,0,NA,NA,126,50,0.3968253968253968,0.3333333333333333,0.3,0.35294117647058826,0.625,0.2,0.14285714285714285,0,0.5555555555555556,0.5454545454545454,1,0.5,0.5,0.5,0.16666666666666666,0.2,0.25,0.625
Morocco,MAR,2018,0.262,8.161003272119748,17.399837197919467,LM,37.547,NA,98.1,0,0,0,NA,NA,0,0,NA,NA,126,46,0.36507936507936506,0.3333333333333333,0.5,0.29411764705882354,0.25,0.2,0.14285714285714285,0,0.5555555555555556,0.45454545454545453,1,0.5,0.5,0.5,0,0.4,0.16666666666666666,0.625
Morocco,MAR,2019,0.259,8.16282919118898,17.412048984974156,LM,37.006,NA,99.6,0,0,0,NA,NA,0,0,NA,NA,126,52,0.4126984126984127,0.3333333333333333,0.4,0.29411764705882354,0.625,0.2,0.14285714285714285,0,0.7777777777777778,0.5454545454545454,1,0.5,0.375,0.5,0.3333333333333333,0.2,0.25,0.625
Morocco,MAR,2020,0.255,8.09194271940088,17.424008192746147,LM,36.468,NA,100,0,0,0,NA,NA,0,0,NA,NA,126,57,0.4523809523809524,0.3333333333333333,0.6,0.47058823529411764,0.625,0.2,0.14285714285714285,0,0.7777777777777778,0.5454545454545454,1,0.3333333333333333,0.375,0.5,0.6666666666666666,0.2,0.25,0.5
Morocco,MAR,2021,0.263,8.239048500935608,17.435703888182264,LM,35.935,NA,100,0,0,0,NA,NA,0,0,NA,NA,126,56,0.4444444444444444,0.3333333333333333,0.6,0.35294117647058826,0.625,0.2,0.14285714285714285,0,0.6666666666666666,0.5454545454545454,1,0.5,0.5,0.25,0.6666666666666666,0.4,0.25,0.5
Morocco,MAR,2022,0.263,8.147692415588212,17.4387300890712,LM,35.404,NA,100,0,0,0,NA,NA,0,0,NA,NA,126,54,0.42857142857142855,0.3333333333333333,0.5,0.5294117647058824,0.125,0.2,0.14285714285714285,0.25,0.6666666666666666,0.5454545454545454,1,0.5,0.375,0.5,0.6666666666666666,0.2,0.25,0.5
Morocco,MAR,2023,0.263,8.235213837908969,NA,LM,34.879,NA,100,0,0,0,NA,NA,0,0,NA,NA,126,72,0.5714285714285714,0.3333333333333333,1,0.5294117647058824,0.625,0.4,0.8571428571428571,0.75,0.6666666666666666,0.45454545454545453,1,0.8333333333333334,0.375,0.25,0.6666666666666666,0.2,0.16666666666666666,0.75
Moldova,MDA,2015,0.563,7.919193039534014,14.857386696567714,LM,57.51,0.30735,99.9,0,0,0,NA,NA,1,0,2013,2017,126,53,0.42063492063492064,0.3333333333333333,0.5,0.23529411764705882,0.25,0.2,0.14285714285714285,0,0.6666666666666666,0.5454545454545454,0.3333333333333333,0.5,0.5,0.5,1,0.4,0.25,0.75
Moldova,MDA,2016,0.53,7.954051978265606,14.845904674988004,LM,57.489,0.28004,99.9,0,0,0,NA,NA,1,0,2013,2017,126,59,0.46825396825396826,0.3333333333333333,0.5,0.29411764705882354,0.625,0.2,0.14285714285714285,0,0.7777777777777778,0.45454545454545453,0.3333333333333333,0.5,0.5,0.5,1,0.2,0.5833333333333334,0.625
Moldova,MDA,2017,0.505,8.147076098680563,14.82898534919692,LM,57.443,0.25789,100,0,0,0,NA,NA,1,0,2013,2017,126,54,0.42857142857142855,0.3333333333333333,0.5,0.23529411764705882,0.75,0.2,0.14285714285714285,0,0.5555555555555556,0.5454545454545454,0.3333333333333333,0.5,0.5,0.5,1,0.2,0.25,0.625
Moldova,MDA,2018,0.501,8.332416580240984,14.811799935002766,LM,57.371,0.25626,100,0,0,1,2019,2021,0,0,NA,NA,126,51,0.40476190476190477,0.3333333333333333,0.5,0.29411764705882354,0.375,0.2,0.14285714285714285,0,0.5555555555555556,0.45454545454545453,0.3333333333333333,0.5,0.5,0.5,0.8333333333333334,0.4,0.25,0.625
Moldova,MDA,2019,0.584,8.39057139973791,14.79570485943693,LM,57.274,0.24145,100,0,1,0,2019,2021,0,0,NA,NA,126,56,0.4444444444444444,0.3333333333333333,0.6,0.17647058823529413,0.75,0.2,0.14285714285714285,0,0.7777777777777778,0.5454545454545454,0.3333333333333333,0.6666666666666666,0.375,0.5,1,0.2,0.25,0.625
Moldova,MDA,2020,0.654,8.383839815631491,14.77887378918972,UM,57.151,0.23511,100,0,1,0,2019,2021,0,0,NA,NA,126,62,0.49206349206349204,0.3333333333333333,0.6,0.35294117647058826,0.75,0.2,0.14285714285714285,0,0.7777777777777778,0.5454545454545454,1,0.6666666666666666,0.25,0.5,1,0.2,0.4166666666666667,0.625
Moldova,MDA,2021,0.758,8.57065922986496,14.760943694719012,UM,57.002,0.23154,100,0,1,0,2019,2021,0,0,NA,NA,126,59,0.46825396825396826,0.3333333333333333,0.6,0.29411764705882354,0.75,0.2,0.14285714285714285,0,0.6666666666666666,0.5454545454545454,0.3333333333333333,0.6666666666666666,0.375,0.5,1,0.4,0.4166666666666667,0.5
Moldova,MDA,2022,0.763,8.6549400152379,14.768124347301043,UM,56.827,0.22983,100,0,0,0,NA,NA,0,1,2023,2024,126,64,0.5079365079365079,0.3333333333333333,0.6,0.47058823529411764,0.5,0.2,0.2857142857142857,0.25,0.6666666666666666,0.5454545454545454,1,0.6666666666666666,0.375,0.5,1,0.2,0.4166666666666667,0.625
Moldova,MDA,2023,0.713,8.814243177822654,NA,UM,56.627,0.22342,100,0,0,0,NA,NA,1,0,2023,2024,126,81,0.6428571428571429,0.3333333333333333,1,0.5294117647058824,1,0.4,0.8571428571428571,0.75,0.6666666666666666,0.36363636363636365,1,0.8333333333333334,0.5,0.5,1,0.2,0.4166666666666667,0.75
Madagascar,MDG,2015,0.473,6.098793280928041,17.003270464915303,L,64.807,NA,23.8,0,1,0,2013,2018,0,0,NA,NA,126,58,0.4603174603174603,0.3333333333333333,0.5,0.4117647058823529,0.75,0.2,0,0,0.6666666666666666,0.6363636363636364,1,0.5,0.5,0.5,0.16666666666666666,0.4,0.3333333333333333,0.75
Madagascar,MDG,2016,0.479,6.118032690454171,17.030152231451808,L,64.144,0.01264,22.9,0,1,0,2013,2018,0,0,NA,NA,126,61,0.48412698412698413,0.3333333333333333,0.5,0.4117647058823529,0.75,0.2,0.14285714285714285,0,0.7777777777777778,0.45454545454545453,1,0.5,0.5,0.5,0.16666666666666666,0.2,0.75,0.625
Madagascar,MDG,2017,0.476,6.198208047141087,17.056950331424353,L,63.478,0.01275,24.1,0,1,0,2013,2018,0,0,NA,NA,126,53,0.42063492063492064,0.3333333333333333,0.5,0.35294117647058826,0.625,0.2,0.14285714285714285,0,0.5555555555555556,0.5454545454545454,1,0.5,0.5,0.5,0.16666666666666666,0.2,0.3333333333333333,0.625
Madagascar,MDG,2018,0.498,6.215522051639682,17.083645503691194,L,62.809,NA,36.5,0,1,0,2013,2018,0,0,NA,NA,126,49,0.3888888888888889,0.3333333333333333,0.3,0.35294117647058826,0.5,0.2,0.14285714285714285,0,0.5555555555555556,0.5454545454545454,1,0.5,0.5,0.5,0,0.4,0.25,0.625
Madagascar,MDG,2019,0.495,6.214245707966702,17.110209962489687,L,62.139,NA,31,0,0,0,NA,NA,0,0,NA,NA,126,59,0.46825396825396826,0.3333333333333333,0.6,0.29411764705882354,0.625,0.2,0.14285714285714285,0,0.7777777777777778,0.7272727272727273,1,0.5,0.375,0.5,0.3333333333333333,0.2,0.5,0.625
Madagascar,MDG,2020,0.501,6.110960814788364,17.136618694758944,L,61.466,NA,32,1,0,0,NA,NA,0,0,NA,NA,126,62,0.49206349206349204,0.3333333333333333,0.6,0.5294117647058824,0.625,0.2,0.14285714285714285,0,0.7777777777777778,0.6363636363636364,1,0.3333333333333333,0.375,0.5,0.6666666666666666,0.2,0.4166666666666667,0.625
Madagascar,MDG,2021,0.497,6.194826197655216,17.162861669870495,L,60.793,NA,35.1,-1,0,0,NA,NA,0,0,NA,NA,126,54,0.42857142857142855,0.3333333333333333,0.3,0.35294117647058826,0.5,0.2,0.14285714285714285,0,0.7777777777777778,0.6363636363636364,1,0.5,0.5,0.25,0.6666666666666666,0.4,0.25,0.5
Madagascar,MDG,2022,0.497,6.209077864428222,17.203680584251828,L,60.118,NA,36.1,0,0,0,NA,NA,0,0,NA,NA,126,60,0.47619047619047616,0.3333333333333333,0.5,0.5882352941176471,0.5,0.2,0.14285714285714285,0.25,0.5555555555555556,0.6363636363636364,1,0.5,0.375,0.5,0.6666666666666666,0.2,0.3333333333333333,0.625
Madagascar,MDG,2023,0.474,6.2268515776037745,NA,L,59.444,NA,39.4,0,0,0,NA,NA,0,0,NA,NA,126,78,0.6190476190476191,0.3333333333333333,1,0.5882352941176471,0.625,0.4,0.8571428571428571,0.75,0.6666666666666666,0.45454545454545453,1,0.8333333333333334,0.375,0.25,0.6666666666666666,0.2,0.5,0.875
Maldives,MDV,2015,0.382,9.174185236334882,13.027863669079249,UM,61.471,NA,99.8,0,0,0,NA,NA,1,0,2012,2016,126,76,0.6031746031746031,0.3333333333333333,0.6,0.4117647058823529,0.625,0.2,0.42857142857142855,0,0.8888888888888888,0.7272727272727273,1,0.5,1,0.75,0.3333333333333333,0.6,0.75,0.75
Maldives,MDV,2016,0.369,9.205107448785022,13.072132676159406,UM,61.046,NA,100,0,0,0,NA,NA,1,0,2012,2016,126,73,0.5793650793650794,0.3333333333333333,0.6,0.47058823529411764,0.5,0.2,0.5714285714285714,0,0.8888888888888888,0.6363636363636364,0.3333333333333333,0.5,1,0.75,0.3333333333333333,0.6,0.75,0.625
Maldives,MDV,2017,0.357,9.260047145454733,13.11513330329561,UM,60.62,NA,99.8,0,0,1,2018,2024,0,0,NA,NA,126,68,0.5396825396825397,0.3333333333333333,0.3,0.35294117647058826,0.5,0.2,0.5714285714285714,0,0.7777777777777778,0.7272727272727273,1,0.5,1,0.75,0.3333333333333333,0.4,0.6666666666666666,0.625
Maldives,MDV,2018,0.391,9.343408993538691,13.153288236456516,UM,60.192,NA,100,0,1,0,2018,2024,0,0,NA,NA,126,76,0.6031746031746031,0.3333333333333333,0.6,0.5294117647058824,0.625,0.2,0.5714285714285714,0,0.8888888888888888,0.6363636363636364,1,0.5,1,0.75,0.16666666666666666,0.6,0.8333333333333334,0.5
Maldives,MDV,2019,0.573,9.370780295838632,13.182436317660708,UM,59.762,NA,100,1,1,0,2018,2024,0,0,NA,NA,126,71,0.5634920634920635,0.3333333333333333,0.7,0.29411764705882354,0.5,0.2,0.5714285714285714,0,0.8888888888888888,0.7272727272727273,0.3333333333333333,0.5,0.875,0.75,0.3333333333333333,0.6,0.75,0.625
Maldives,MDV,2020,0.579,8.90840908041646,13.200327618870396,UM,59.331,NA,100,0,1,0,2018,2024,0,0,NA,NA,126,79,0.626984126984127,0.3333333333333333,0.7,0.5294117647058824,0.75,0.2,0.5714285714285714,0,0.8888888888888888,0.7272727272727273,1,0.3333333333333333,0.875,0.75,0.6666666666666666,0.4,0.8333333333333334,0.5
Maldives,MDV,2021,0.581,9.22780142463089,13.206005752340973,UM,58.898,NA,100,0,1,0,2018,2024,0,0,NA,NA,126,82,0.6507936507936508,0.3333333333333333,0.7,0.47058823529411764,0.875,0.2,0.5714285714285714,0,0.8888888888888888,0.7272727272727273,1,0.5,1,0.75,0.6666666666666666,0.6,0.8333333333333334,0.5
Maldives,MDV,2022,0.588,9.374668441742374,13.168840392114696,UM,58.464,NA,100,0,1,0,2018,2024,0,0,NA,NA,126,83,0.6587301587301587,0.3333333333333333,0.6,0.6470588235294118,0.625,0.2,0.5714285714285714,0.25,0.8888888888888888,0.7272727272727273,1,0.5,0.875,0.75,0.6666666666666666,0.6,0.8333333333333334,0.625
Maldives,MDV,2023,0.599,9.435909797676356,NA,UM,58.029,NA,100,0,1,0,2018,2024,0,0,NA,NA,126,92,0.7301587301587301,0.3333333333333333,1,0.6470588235294118,0.625,0.4,1,0.75,0.7777777777777778,0.6363636363636364,1,0.8333333333333334,0.875,0.5,0.6666666666666666,0.4,0.8333333333333334,0.75
Mexico,MEX,2015,0.636,9.212461980771758,18.61836905014593,UM,20.715,0.41477,99,0,0,0,NA,NA,0,0,NA,NA,126,37,0.29365079365079366,0.3333333333333333,0.2,0.11764705882352941,0.125,0,0,0,0.4444444444444444,0.36363636363636365,1,0.5,0.5,0.25,0.16666666666666666,0.4,0.25,0.75
Mexico,MEX,2016,0.638,9.115801532082727,18.630401645204635,UM,20.423,0.37601,99.5,0,0,0,NA,NA,0,0,NA,NA,126,39,0.30952380952380953,0,0.3,0.17647058823529413,0.5,0,0,0,0.5555555555555556,0.18181818181818182,0,0.3333333333333333,0.5,0.5,0.16666666666666666,0.2,0.5833333333333334,0.625
Mexico,MEX,2017,0.636,9.174638390291756,18.642041314700993,UM,20.133,0.31955,100,0,0,0,NA,NA,0,0,NA,NA,126,41,0.3253968253968254,0.3333333333333333,0.5,0.17647058823529413,0.5,0,0,0,0.3333333333333333,0.2727272727272727,1,0.5,0.5,0.5,0.16666666666666666,0.2,0.25,0.625
Mexico,MEX,2018,0.673,9.21878400000568,18.65330546261441,UM,19.844,0.29816,99.5,0,0,0,NA,NA,0,0,NA,NA,126,31,0.24603174603174602,0,0.5,0.17647058823529413,0.125,0,0,0,0.3333333333333333,0.2727272727272727,0,0.3333333333333333,0.5,0.25,0,0.4,0.25,0.5
Mexico,MEX,2019,0.675,9.246629422772966,18.664219131486156,UM,19.556,0.27606,99.6,0,0,0,NA,NA,0,1,2020,2024,126,44,0.3492063492063492,0.3333333333333333,0.4,0.11764705882352941,0.75,0.2,0,0,0.5555555555555556,0.36363636363636365,1,0.5,0.5,0.5,0.3333333333333333,0.2,0.08333333333333333,0.625
Mexico,MEX,2020,0.652,9.087185895300648,18.674801531831047,UM,19.269,0.29191,99.4,0,0,0,NA,NA,1,0,2020,2024,126,39,0.30952380952380953,0,0.4,0.23529411764705882,0.375,0.2,0,0,0.6666666666666666,0.36363636363636365,0,0.16666666666666666,0.375,0.5,0.6666666666666666,0.2,0.16666666666666666,0.5
Mexico,MEX,2021,0.613,9.241262387338802,18.685060053774706,UM,18.984,0.27378,100,0,0,0,NA,NA,1,0,2020,2024,126,45,0.35714285714285715,0.3333333333333333,0.4,0.17647058823529413,0.625,0,0,0,0.5555555555555556,0.36363636363636365,1,0.5,0.5,0.25,0.6666666666666666,0.4,0.25,0.375
Mexico,MEX,2022,0.571,9.340087733677676,18.663659274980585,UM,18.7,0.25782,100,0,0,0,NA,NA,1,0,2020,2024,126,39,0.30952380952380953,0,0.3,0.4117647058823529,0.125,0,0.14285714285714285,0.25,0.3333333333333333,0.36363636363636365,0,0.3333333333333333,0.375,0.5,0.6666666666666666,0.2,0.25,0.5
Mexico,MEX,2023,0.534,9.531700735832926,NA,UM,18.418,0.26819,99.7,0,0,0,NA,NA,1,0,2020,2024,126,72,0.5714285714285714,0.3333333333333333,1,0.47058823529411764,0.875,0.2,0.8571428571428571,0.75,0.5555555555555556,0.2727272727272727,1,0.6666666666666666,0.5,0.25,0.6666666666666666,0.2,0.4166666666666667,0.75
North Macedonia,MKD,2015,0.442,8.56839695840633,14.543168338025948,UM,42.592,0.44412,99.9,0,0,0,NA,NA,0,0,NA,NA,126,54,0.42857142857142855,0.3333333333333333,0.5,0.23529411764705882,0.25,0.2,0,0,0.6666666666666666,0.6363636363636364,0.3333333333333333,0.6666666666666666,0.5,0.5,1,0.4,0.25,0.75
North Macedonia,MKD,2016,0.449,8.630251523395359,14.544261340889475,UM,42.437,0.43585,100,0,0,1,2017,2019,0,0,NA,NA,126,64,0.5079365079365079,0.3333333333333333,0.5,0.29411764705882354,1,0.2,0.14285714285714285,0,0.7777777777777778,0.5454545454545454,0.3333333333333333,0.6666666666666666,0.5,0.5,1,0.2,0.5833333333333334,0.625
North Macedonia,MKD,2017,0.549,8.692036419417391,14.545231682842326,UM,42.252,0.35439,100,1,1,0,2017,2019,0,0,NA,NA,126,55,0.4365079365079365,0.3333333333333333,0.5,0.23529411764705882,0.625,0.2,0.14285714285714285,0,0.5555555555555556,0.6363636363636364,0.3333333333333333,0.6666666666666666,0.5,0.5,1,0.2,0.25,0.625
North Macedonia,MKD,2018,0.576,8.811948577002507,14.546058045743594,UM,42.037,0.36367,99.8,0,1,0,2017,2019,0,0,NA,NA,126,51,0.40476190476190477,0.3333333333333333,0.5,0.29411764705882354,0.25,0.2,0.14285714285714285,0,0.5555555555555556,0.5454545454545454,0.3333333333333333,0.6666666666666666,0.5,0.5,0.8333333333333334,0.4,0.25,0.5
North Macedonia,MKD,2019,0.603,8.812673518189547,14.546287764127689,UM,41.792,0.36783,100,0,1,0,2017,2019,0,0,NA,NA,126,53,0.42063492063492064,0.3333333333333333,0.3,0.17647058823529413,0.625,0.2,0.14285714285714285,0,0.7777777777777778,0.6363636363636364,0.3333333333333333,0.6666666666666666,0.375,0.5,1,0.2,0.25,0.625
North Macedonia,MKD,2020,0.595,8.80381417776522,14.54428112366018,UM,41.518,0.37264,100,0,0,0,NA,NA,0,0,NA,NA,126,61,0.48412698412698413,0.3333333333333333,0.6,0.35294117647058826,0.625,0.2,0.14285714285714285,0,0.7777777777777778,0.5454545454545454,1,0.6666666666666666,0.375,0.5,1,0.2,0.4166666666666667,0.5
North Macedonia,MKD,2021,0.585,8.938637019769384,14.540685335442967,UM,41.214,0.37252,100,0,0,0,NA,NA,0,0,NA,NA,126,57,0.4523809523809524,0.3333333333333333,0.6,0.23529411764705882,0.625,0.2,0.14285714285714285,0,0.6666666666666666,0.5454545454545454,1,0.5,0.5,0.5,1,0.4,0.25,0.5
North Macedonia,MKD,2022,0.557,8.93672391663589,14.53708920653412,UM,40.882,0.37975,100,0,0,0,NA,NA,0,0,NA,NA,126,60,0.47619047619047616,0.3333333333333333,0.6,0.47058823529411764,0.25,0.2,0.14285714285714285,0.25,0.6666666666666666,0.5454545454545454,1,0.5,0.375,0.5,1,0.2,0.4166666666666667,0.625
North Macedonia,MKD,2023,0.56,9.062338338139742,NA,UM,40.521,0.39502,100,0,0,0,NA,NA,0,0,NA,NA,126,78,0.6190476190476191,0.3333333333333333,0.9,0.5294117647058824,1,0.4,0.8571428571428571,0.75,0.6666666666666666,0.2727272727272727,1,0.8333333333333334,0.5,0.25,1,0.2,0.3333333333333333,0.875
Mali,MLI,2015,0.544,6.557944786976674,16.67420656112197,L,60.009,0.31462,37.6,0,0,0,NA,NA,0,0,NA,NA,126,64,0.5079365079365079,0.3333333333333333,0.3,0.29411764705882354,0.5,0.2,0.14285714285714285,0,0.7777777777777778,0.5454545454545454,1,0.5,0.5,0.5,1,0.4,0.8333333333333334,0.75
Mali,MLI,2016,0.544,6.5942149971025135,16.70396091559706,L,59.217,NA,38.8,0,0,0,NA,NA,0,1,2017,2024,126,65,0.5158730158730159,0.3333333333333333,0.3,0.35294117647058826,0.625,0.2,0.2857142857142857,0,0.7777777777777778,0.5454545454545454,1,0.5,0.5,0.5,1,0.2,0.8333333333333334,0.625
Mali,MLI,2017,0.53,6.653555037731277,16.73395290230438,L,58.428,0.29198,34.8,0,0,0,NA,NA,1,0,2017,2024,126,64,0.5079365079365079,0.3333333333333333,0.3,0.29411764705882354,0.625,0.2,0.2857142857142857,0,0.6666666666666666,0.5454545454545454,1,0.5,0.5,0.5,1,0.4,0.8333333333333334,0.625
Mali,MLI,2018,0.515,6.727535564489274,16.764033554587847,L,57.644,NA,50.9,-1,0,0,NA,NA,1,0,2017,2024,126,55,0.4365079365079365,0.3333333333333333,0.3,0.35294117647058826,0.625,0.2,0.2857142857142857,0,0.5555555555555556,0.5454545454545454,0.3333333333333333,0.5,0.5,0.5,0.8333333333333334,0.4,0.3333333333333333,0.625
Mali,MLI,2019,0.511,6.709545031777576,16.79399610811515,L,56.864,0.15768,47.9,0,0,0,NA,NA,1,0,2017,2024,126,61,0.48412698412698413,0.3333333333333333,0.4,0.23529411764705882,1,0.2,0.2857142857142857,0,0.7777777777777778,0.5454545454545454,1,0.5,0.375,0.5,1,0.2,0.4166666666666667,0.625
Mali,MLI,2020,0.372,6.690026984536506,16.823706535853923,L,56.091,NA,50.6,0,0,0,NA,NA,1,0,2017,2024,126,63,0.5,0.3333333333333333,0.4,0.4117647058823529,0.875,0.2,0.2857142857142857,0,0.7777777777777778,0.6363636363636364,1,0.3333333333333333,0.375,0.5,1,0.4,0.3333333333333333,0.625
Mali,MLI,2021,0.243,6.759797351205683,16.85313900090607,L,55.323,0.17385,53.4,0,0,0,NA,NA,1,0,2017,2024,126,63,0.5,0.3333333333333333,0.4,0.35294117647058826,1,0.2,0.2857142857142857,0,0.6666666666666666,0.5454545454545454,0.3333333333333333,0.5,0.5,0.5,1,0.4,0.5,0.625
Mali,MLI,2022,0.233,6.701917409428814,16.93317679569381,L,54.563,NA,53,0,0,0,NA,NA,1,0,2017,2024,126,66,0.5238095238095238,0.3333333333333333,0.2,0.5294117647058824,1,0.2,0.2857142857142857,0.25,0.6666666666666666,0.6363636363636364,1,0.5,0.375,0.5,1,0.2,0.4166666666666667,0.75
Mali,MLI,2023,0.229,6.767654048500278,NA,L,53.811,NA,54.5,0,0,0,NA,NA,1,0,2017,2024,126,81,0.6428571428571429,0.3333333333333333,1,0.5294117647058824,0.625,0.4,0.8571428571428571,0.75,0.6666666666666666,0.45454545454545453,1,0.8333333333333334,0.5,0.25,1,0.4,0.5,0.875
Malta,MLT,2015,0.78,10.14572358728934,13.005948655179996,H,5.586,0.71515,100,0,0,0,NA,NA,0,0,NA,NA,126,53,0.42063492063492064,0.3333333333333333,0.5,0.17647058823529413,0.25,0.2,0,0,0.7777777777777778,0.5454545454545454,0.3333333333333333,0.6666666666666666,0.5,0.5,0.16666666666666666,0.6,0.5833333333333334,0.75
Malta,MLT,2016,0.778,10.181483941958666,13.028834809586437,H,5.52,0.55689,100,0,0,0,NA,NA,0,0,NA,NA,126,54,0.42857142857142855,0.3333333333333333,0.5,0.23529411764705882,0.625,0.2,0,0,0.7777777777777778,0.45454545454545453,0.3333333333333333,0.6666666666666666,0.5,0.5,0.16666666666666666,0.4,0.5833333333333334,0.625
Malta,MLT,2017,0.767,10.317562002344234,13.056221438145364,H,5.45399999999999,0.55232,100,0,0,0,NA,NA,0,0,NA,NA,126,54,0.42857142857142855,0.3333333333333333,0.5,0.17647058823529413,0.625,0.2,0,0,0.6666666666666666,0.5454545454545454,0.3333333333333333,0.6666666666666666,0.5,0.5,0.16666666666666666,0.6,0.5833333333333334,0.625
Malta,MLT,2018,0.76,10.414278892514435,13.091140992175616,H,5.38800000000001,0.57211,100,0,0,0,NA,NA,0,0,NA,NA,126,48,0.38095238095238093,0.3333333333333333,0.6,0.23529411764705882,0.25,0,0,0,0.6666666666666666,0.45454545454545453,0.3333333333333333,0.6666666666666666,0.5,0.5,0,0.6,0.5833333333333334,0.375
Malta,MLT,2019,0.767,10.386292327006425,13.13045455536069,H,5.322,0.55993,100,0,0,0,NA,NA,0,0,NA,NA,126,54,0.42857142857142855,0.3333333333333333,0.6,0.11764705882352941,0.625,0.2,0,0,0.8888888888888888,0.5454545454545454,0.3333333333333333,0.6666666666666666,0.375,0.5,0.3333333333333333,0.4,0.5833333333333334,0.5
Malta,MLT,2020,0.767,10.367121605910514,13.152566632135926,H,5.256,0.64566,100,0,0,0,NA,NA,0,0,NA,NA,126,53,0.42063492063492064,0.3333333333333333,0.7,0.29411764705882354,0.625,0.2,0,0,0.7777777777777778,0.45454545454545453,0.3333333333333333,0.5,0.375,0.5,0.6666666666666666,0.6,0.25,0.375
Malta,MLT,2021,0.775,10.546061710040313,13.155544736470226,H,5.19,0.65205,100,0,0,0,NA,NA,0,0,NA,NA,126,51,0.40476190476190477,0.3333333333333333,0.7,0.17647058823529413,0.5,0.2,0,0,0.6666666666666666,0.45454545454545453,1,0.6666666666666666,0.5,0.25,0.6666666666666666,0.6,0.16666666666666666,0.375
Malta,MLT,2022,0.779,10.495216598531508,13.168133748489582,H,5.125,0.60433,100,0,0,0,NA,NA,0,0,NA,NA,126,54,0.42857142857142855,0.3333333333333333,0.5,0.4117647058823529,0.25,0,0.14285714285714285,0.25,0.7777777777777778,0.45454545454545453,1,0.6666666666666666,0.375,0.5,0.6666666666666666,0.4,0.25,0.5
Malta,MLT,2023,0.779,10.606480335940702,NA,H,5.059,NA,100,0,0,0,NA,NA,0,0,NA,NA,126,77,0.6111111111111112,0.3333333333333333,1,0.5294117647058824,0.75,0.2,0.8571428571428571,0.75,0.6666666666666666,0.36363636363636365,1,0.8333333333333334,0.375,0.5,0.6666666666666666,0.6,0.4166666666666667,0.75
Myanmar (Burma),MMR,2015,0.366,7.061962861476122,17.77976017810103,LM,70.142,NA,60.5,0,1,0,2010,2019,0,0,NA,NA,126,60,0.47619047619047616,1,0.5,0.35294117647058826,1,0.2,0,0,0.6666666666666666,0.7272727272727273,0.3333333333333333,0.5,0.5,0.5,0.16666666666666666,0.4,0.3333333333333333,0.75
Myanmar (Burma),MMR,2016,0.402,7.114116499469363,17.786654919400192,LM,69.918,NA,55.6,0,1,0,2010,2019,0,0,NA,NA,126,58,0.4603174603174603,1,0.2,0.35294117647058826,0.75,0.2,0.14285714285714285,0,0.7777777777777778,0.6363636363636364,1,0.5,0.5,0.5,0.16666666666666666,0.2,0.5,0.625
Myanmar (Burma),MMR,2017,0.405,7.14899209000486,17.792993928251473,LM,69.678,0.03218,69.8,0,1,0,2010,2019,0,0,NA,NA,126,53,0.42063492063492064,1,0.5,0.35294117647058826,0.625,0.2,0.14285714285714285,0,0.5555555555555556,0.6363636363636364,0.3333333333333333,0.5,0.5,0.5,0.16666666666666666,0.2,0.25,0.625
Myanmar (Burma),MMR,2018,0.394,7.16874406175441,17.799078445062847,LM,69.421,0.05881,66.1,0,1,0,2010,2019,0,0,NA,NA,126,54,0.42857142857142855,1,0.3,0.4117647058823529,0.625,0.2,0.14285714285714285,0,0.5555555555555556,0.5454545454545454,1,0.5,0.5,0.5,0.16666666666666666,0.4,0.25,0.625
Myanmar (Burma),MMR,2019,0.425,7.262621267146507,17.805335399109847,LM,69.148,0.08341,68.3,0,1,0,2010,2019,0,0,NA,NA,126,61,0.48412698412698413,1,0.6,0.29411764705882354,0.875,0.2,0.14285714285714285,0,0.7777777777777778,0.6363636363636364,1,0.5,0.375,0.5,0.3333333333333333,0.2,0.4166666666666667,0.625
Myanmar (Burma),MMR,2020,0.422,7.306676915197138,17.812054732386205,LM,68.859,0.15567,70.4,0,0,0,NA,NA,0,1,2021,2024,126,64,0.5079365079365079,1,0.5,0.47058823529411764,1,0.2,0.14285714285714285,0,0.7777777777777778,0.6363636363636364,1,0.3333333333333333,0.375,0.5,0.6666666666666666,0.2,0.25,0.75
Myanmar (Burma),MMR,2021,0.108,7.1250588861694,17.8193104904223,LM,68.552,0.12402,72.5,0,0,0,NA,NA,1,0,2021,2024,126,66,0.5238095238095238,1,0.6,0.35294117647058826,1,0.2,0.14285714285714285,0,0.6666666666666666,0.6363636363636364,1,0.5,0.5,0.5,0.6666666666666666,0.4,0.4166666666666667,0.625
Myanmar (Burma),MMR,2022,0.091,7.054492878269749,17.807809585384515,LM,68.229,0.03519,73.6,0,0,0,NA,NA,1,0,2021,2024,126,69,0.5476190476190477,1,0.6,0.5294117647058824,1,0.2,0.14285714285714285,0.25,0.6666666666666666,0.6363636363636364,1,0.5,0.375,0.5,0.6666666666666666,0.2,0.4166666666666667,0.75
Myanmar (Burma),MMR,2023,0.081,7.117364989229221,NA,LM,67.888,0.02376,76.8,0,0,0,NA,NA,1,0,2021,2024,126,85,0.6746031746031746,1,1,0.5294117647058824,1,0.6,0.8571428571428571,0.75,0.6666666666666666,0.45454545454545453,1,0.8333333333333334,0.5,0.5,0.6666666666666666,0.2,0.5,0.875
Montenegro,MNE,2015,0.469,8.782198990879234,13.340950966063946,UM,34.194,0.374,99.5,0,0,0,NA,NA,0,0,NA,NA,126,65,0.5158730158730159,0.3333333333333333,0.5,0.29411764705882354,0.25,0.2,0.2857142857142857,0,0.8888888888888888,0.5454545454545454,0.3333333333333333,0.6666666666666666,1,0.75,0.3333333333333333,0.4,0.5833333333333334,1
Montenegro,MNE,2016,0.466,8.858431143098919,13.341182391371657,UM,33.859,0.32454,99.6,0,0,0,NA,NA,0,0,NA,NA,126,68,0.5396825396825397,0.3333333333333333,0.5,0.35294117647058826,0.625,0.2,0.42857142857142855,0,0.8888888888888888,0.45454545454545453,0.3333333333333333,0.6666666666666666,1,0.75,0.3333333333333333,0.4,0.5833333333333334,0.875
Montenegro,MNE,2017,0.459,8.962309464250879,13.341294870442637,UM,33.523,0.34898,100,0,0,0,NA,NA,0,0,NA,NA,126,67,0.5317460317460317,0.3333333333333333,0.5,0.29411764705882354,0.625,0.2,0.42857142857142855,0,0.7777777777777778,0.6363636363636364,0.3333333333333333,0.6666666666666666,1,0.75,0.3333333333333333,0.2,0.5833333333333334,0.875
Montenegro,MNE,2018,0.466,9.088215101511407,13.341060256911106,UM,33.187,0.50374,100,0,0,0,NA,NA,0,0,NA,NA,126,57,0.4523809523809524,0.3333333333333333,0.2,0.29411764705882354,0.125,0.2,0.42857142857142855,0,0.8888888888888888,0.45454545454545453,0.3333333333333333,0.6666666666666666,1,0.75,0.16666666666666666,0.4,0.5,0.75
Montenegro,MNE,2019,0.459,9.09489067302119,13.340740386785294,UM,32.85,0.36328,100,0,0,1,2020,2024,0,0,NA,NA,126,67,0.5317460317460317,0.3333333333333333,0.6,0.23529411764705882,0.625,0.2,0.42857142857142855,0,0.8888888888888888,0.5454545454545454,0.3333333333333333,0.6666666666666666,0.875,0.75,0.3333333333333333,0.4,0.5833333333333334,0.875
Montenegro,MNE,2020,0.481,8.94603249164049,13.339578993175603,UM,32.512,NA,99.9,0,1,0,2020,2024,0,0,NA,NA,126,70,0.5555555555555556,0.3333333333333333,0.6,0.4117647058823529,0.625,0.2,0.42857142857142855,0,0.8888888888888888,0.5454545454545454,0.3333333333333333,0.6666666666666666,0.875,0.75,0.6666666666666666,0.2,0.5833333333333334,0.75
Montenegro,MNE,2021,0.509,9.155457646439343,13.33775375035708,UM,32.174,NA,99.8,1,1,0,2020,2024,0,0,NA,NA,126,70,0.5555555555555556,0.3333333333333333,0.6,0.29411764705882354,0.5,0.2,0.42857142857142855,0,0.8888888888888888,0.6363636363636364,0.3333333333333333,0.6666666666666666,1,0.75,0.6666666666666666,0.4,0.5833333333333334,0.75
Montenegro,MNE,2022,0.504,9.219640858062604,13.331260326092345,UM,31.836,NA,100,0,1,0,2020,2024,0,0,NA,NA,126,67,0.5317460317460317,0.3333333333333333,0.6,0.47058823529411764,0.375,0.2,0.42857142857142855,0.25,0.7777777777777778,0.5454545454545454,1,0.6666666666666666,0.875,0.75,0.6666666666666666,0.4,0.16666666666666666,0.75
Montenegro,MNE,2023,0.581,9.410950137854892,NA,UM,31.498,NA,100,0,1,0,2020,2024,0,0,NA,NA,126,81,0.6428571428571429,0.3333333333333333,1,0.5294117647058824,0.625,0.4,1,0.75,0.6666666666666666,0.36363636363636365,1,0.8333333333333334,0.875,0.5,0.6666666666666666,0.2,0.4166666666666667,0.875
Mongolia,MNG,2015,0.675,8.25294668684573,14.913600376835474,LM,31.77,0.1564,88,0,0,0,NA,NA,0,0,NA,NA,126,59,0.46825396825396826,0.3333333333333333,0.5,0.29411764705882354,0.75,0.2,0,0,0.6666666666666666,0.5454545454545454,1,0.5,0.5,0.5,1,0.4,0.25,0.75
Mongolia,MNG,2016,0.676,8.194201753059055,14.93273456900428,LM,31.703,0.18345,90.8,0,0,0,NA,NA,0,1,2017,2024,126,59,0.46825396825396826,0.3333333333333333,0.3,0.35294117647058826,0.75,0.2,0.14285714285714285,0,0.7777777777777778,0.45454545454545453,0.3333333333333333,0.5,0.5,0.5,1,0.2,0.5833333333333334,0.625
Mongolia,MNG,2017,0.667,8.20137692804482,14.951350549418224,LM,31.637,0.1342,93.6,0,0,0,NA,NA,1,0,2017,2024,126,57,0.4523809523809524,0.3333333333333333,0.5,0.29411764705882354,0.75,0.2,0.14285714285714285,0,0.5555555555555556,0.5454545454545454,1,0.5,0.5,0.5,1,0.2,0.25,0.625
Mongolia,MNG,2018,0.656,8.320604635672794,14.969309651461344,LM,31.555,0.10161,98.1,0,0,0,NA,NA,1,0,2017,2024,126,48,0.38095238095238093,0.3333333333333333,0.3,0.29411764705882354,0.5,0.2,0.14285714285714285,0,0.5555555555555556,0.45454545454545453,0.3333333333333333,0.5,0.5,0.5,0.8333333333333334,0.4,0.08333333333333333,0.625
Mongolia,MNG,2019,0.659,8.377366850657546,14.986494979755545,LM,31.457,0.0927,98.9,0,0,0,NA,NA,1,0,2017,2024,126,57,0.4523809523809524,0.3333333333333333,0.6,0.23529411764705882,0.625,0.2,0.14285714285714285,0,0.7777777777777778,0.5454545454545454,1,0.5,0.375,0.5,1,0.2,0.25,0.625
Mongolia,MNG,2020,0.636,8.294362573883143,15.002833113025169,LM,31.343,0.13301,99.5,0,0,0,NA,NA,1,0,2017,2024,126,57,0.4523809523809524,0.3333333333333333,0.5,0.4117647058823529,0.5,0.2,0.14285714285714285,0,0.7777777777777778,0.5454545454545454,1,0.3333333333333333,0.375,0.5,1,0.2,0.25,0.625
Mongolia,MNG,2021,0.611,8.415739651357661,15.018267223092622,LM,31.215,0.10008,100,0,0,0,NA,NA,1,0,2017,2024,126,58,0.4603174603174603,0.3333333333333333,0.6,0.29411764705882354,0.625,0.2,0.14285714285714285,0,0.6666666666666666,0.5454545454545454,1,0.5,0.5,0.5,1,0.4,0.25,0.5
Mongolia,MNG,2022,0.572,8.515895324551288,15.038805285831558,LM,31.07,0.08365,100,0,0,0,NA,NA,1,0,2017,2024,126,55,0.4365079365079365,0.3333333333333333,0.6,0.47058823529411764,0.25,0.2,0.14285714285714285,0.25,0.6666666666666666,0.5454545454545454,0.3333333333333333,0.5,0.25,0.25,1,0.2,0.25,0.75
Mongolia,MNG,2023,0.527,8.67225164440702,NA,UM,30.911,NA,100,0,0,0,NA,NA,1,0,2017,2024,126,79,0.626984126984127,0.3333333333333333,1,0.5294117647058824,0.625,0.4,0.8571428571428571,0.75,0.6666666666666666,0.45454545454545453,1,0.8333333333333334,0.5,0.5,1,0.2,0.4166666666666667,0.75
Mozambique,MOZ,2015,0.445,6.4143827511579365,17.112901807880352,L,65.6,0.30814,24,0,0,0,NA,NA,0,1,2016,2024,126,59,0.46825396825396826,0.3333333333333333,0.3,0.29411764705882354,0.625,0.2,0.2857142857142857,0,0.7777777777777778,0.5454545454545454,1,0.5,0.5,0.5,0.16666666666666666,0.4,0.6666666666666666,0.75
Mozambique,MOZ,2016,0.434,6.090154769037586,17.141622618227622,L,65.074,NA,26.2,0,0,0,NA,NA,1,0,2016,2024,126,65,0.5158730158730159,0.3333333333333333,0.5,0.35294117647058826,0.875,0.2,0.42857142857142855,0,0.7777777777777778,0.5454545454545454,1,0.5,0.5,0.5,0.16666666666666666,0.2,0.8333333333333334,0.625
Mozambique,MOZ,2017,0.409,6.154727646230343,17.1706293408385,L,64.545,NA,24.3,0,0,0,NA,NA,1,0,2016,2024,126,61,0.48412698412698413,0.3333333333333333,0.5,0.35294117647058826,0.625,0.2,0.42857142857142855,0,0.6666666666666666,0.6363636363636364,1,0.5,0.5,0.5,0.16666666666666666,0.2,0.6666666666666666,0.625
Mozambique,MOZ,2018,0.401,6.249023554606328,17.19976552402219,L,64.012,NA,31.1,0,0,0,NA,NA,1,0,2016,2024,126,61,0.48412698412698413,0.3333333333333333,0.5,0.4117647058823529,0.875,0.2,0.42857142857142855,0,0.5555555555555556,0.6363636363636364,1,0.5,0.5,0.5,0,0.4,0.5,0.625
Mozambique,MOZ,2019,0.393,6.252082192701325,17.2288355354807,L,63.472,NA,29.7,0,0,0,NA,NA,1,0,2016,2024,126,59,0.46825396825396826,0.3333333333333333,0.6,0.29411764705882354,0.75,0.2,0.42857142857142855,0,0.7777777777777778,0.6363636363636364,0.3333333333333333,0.5,0.375,0.5,0.3333333333333333,0.2,0.5,0.625
Mozambique,MOZ,2020,0.365,6.136503577001604,17.257703839024355,L,62.926,NA,30.6,0,0,0,NA,NA,1,0,2016,2024,126,62,0.49206349206349204,0.3333333333333333,0.4,0.47058823529411764,0.625,0.2,0.42857142857142855,0,0.7777777777777778,0.6363636363636364,1,0.3333333333333333,0.375,0.5,0.6666666666666666,0.2,0.5,0.625
Mozambique,MOZ,2021,0.365,6.234229982914787,17.286328680628724,L,62.372,NA,31.5,0,0,0,NA,NA,1,0,2016,2024,126,64,0.5079365079365079,0.3333333333333333,0.5,0.29411764705882354,1,0.2,0.42857142857142855,0,0.6666666666666666,0.6363636363636364,1,0.5,0.5,0.5,0.6666666666666666,0.4,0.5,0.5
Mozambique,MOZ,2022,0.363,6.360009178409614,17.311093995590124,L,61.813,NA,33.2,0,0,0,NA,NA,1,0,2016,2024,126,64,0.5079365079365079,0.3333333333333333,0.3,0.5294117647058824,0.75,0.2,0.42857142857142855,0.25,0.6666666666666666,0.6363636363636364,1,0.5,0.375,0.5,0.6666666666666666,0.2,0.5,0.625
Mozambique,MOZ,2023,0.353,6.434523435535484,NA,L,61.247,NA,36,0,0,0,NA,NA,1,0,2016,2024,126,77,0.6111111111111112,0.3333333333333333,1,0.47058823529411764,0.875,0.4,0.8571428571428571,0.75,0.6666666666666666,0.45454545454545453,1,0.8333333333333334,0.375,0.25,0.6666666666666666,0.2,0.4166666666666667,0.875
Mauritania,MRT,2015,0.431,7.349198013142568,15.213314429823992,LM,48.911,NA,39.5,0,0,0,NA,NA,1,0,2013,2024,126,63,0.5,0.3333333333333333,0.3,0.29411764705882354,0.75,0.2,0.2857142857142857,0,0.7777777777777778,0.6363636363636364,1,0.5,0.5,0.5,0.16666666666666666,0.4,0.75,0.875
Mauritania,MRT,2016,0.431,7.356130284902705,15.241874310469717,LM,48.038,NA,41.2,0,0,0,NA,NA,1,0,2013,2024,126,64,0.5079365079365079,0.3333333333333333,0.5,0.35294117647058826,0.75,0.2,0.42857142857142855,0,0.7777777777777778,0.5454545454545454,1,0.5,0.5,0.5,0.16666666666666666,0.2,0.75,0.75
Mauritania,MRT,2017,0.386,7.387092720483391,15.2700666566912,LM,47.176,NA,42.9,0,0,0,NA,NA,1,0,2013,2024,126,66,0.5238095238095238,0.3333333333333333,0.5,0.35294117647058826,0.75,0.2,0.42857142857142855,0,0.6666666666666666,0.6363636363636364,1,0.5,0.5,0.5,0.16666666666666666,0.4,0.8333333333333334,0.75
Mauritania,MRT,2018,0.391,7.451784678654911,15.297867543004129,LM,46.328,0.01019,43.6,0,0,0,NA,NA,1,0,2013,2024,126,55,0.4365079365079365,0.3333333333333333,0.3,0.35294117647058826,0.75,0.2,0.42857142857142855,0,0.5555555555555556,0.45454545454545453,1,0.5,0.5,0.5,0,0.4,0.4166666666666667,0.75
Mauritania,MRT,2019,0.405,7.477079620878856,15.325282377363862,LM,45.493,NA,44.9,0,0,0,NA,NA,1,0,2013,2024,126,57,0.4523809523809524,0.3333333333333333,0.4,0.23529411764705882,0.75,0.2,0.42857142857142855,0,0.7777777777777778,0.7272727272727273,0.3333333333333333,0.5,0.375,0.5,0.3333333333333333,0.2,0.4166666666666667,0.75
Mauritania,MRT,2020,0.391,7.493186169002068,15.352304656610697,LM,44.673,NA,45.4,0,0,0,NA,NA,1,0,2013,2024,126,65,0.5158730158730159,0.3333333333333333,0.3,0.47058823529411764,0.875,0.2,0.42857142857142855,0,0.7777777777777778,0.6363636363636364,1,0.5,0.375,0.5,0.6666666666666666,0.4,0.4166666666666667,0.75
Mauritania,MRT,2021,0.394,7.574450256580169,15.378927568280842,LM,43.867,NA,47.7,0,0,0,NA,NA,1,0,2013,2024,126,62,0.49206349206349204,0.3333333333333333,0.4,0.29411764705882354,0.875,0.2,0.42857142857142855,0,0.7777777777777778,0.6363636363636364,1,0.5,0.5,0.5,0.6666666666666666,0.4,0.3333333333333333,0.625
Mauritania,MRT,2022,0.396,7.580879532491694,15.370732804777449,LM,43.077,NA,49,0,0,0,NA,NA,1,0,2013,2024,126,65,0.5158730158730159,0.3333333333333333,0.4,0.5294117647058824,1,0.2,0.42857142857142855,0.25,0.5555555555555556,0.6363636363636364,1,0.5,0.375,0.5,0.6666666666666666,0.2,0.3333333333333333,0.75
Mauritania,MRT,2023,0.363,7.6595595960692435,NA,LM,42.301,NA,50.3,0,0,0,NA,NA,1,0,2013,2024,126,80,0.6349206349206349,0.3333333333333333,1,0.5294117647058824,1,0.4,0.8571428571428571,0.75,0.6666666666666666,0.45454545454545453,1,0.8333333333333334,0.375,0.25,0.6666666666666666,0.4,0.5,0.75
Mauritius,MUS,2015,0.745,9.159875296310275,14.04868760499019,UM,59,NA,99.6,0,0,0,NA,NA,0,0,NA,NA,126,68,0.5396825396825397,0.3333333333333333,0.5,0.23529411764705882,0.625,0.2,0.42857142857142855,0,0.8888888888888888,0.6363636363636364,1,0.5,1,0.75,0.3333333333333333,0.6,0.5833333333333334,0.625
Mauritius,MUS,2016,0.741,9.20690701584861,14.049374836369555,UM,59.09,NA,99.7,0,0,0,NA,NA,0,0,NA,NA,126,69,0.5476190476190477,0.3333333333333333,0.5,0.29411764705882354,0.625,0.2,0.5714285714285714,0,0.8888888888888888,0.6363636363636364,1,0.5,1,0.75,0.3333333333333333,0.6,0.5833333333333334,0.5
Mauritius,MUS,2017,0.74,9.291153685426035,14.050276704484224,UM,59.159,0.35423,99.6,0,0,0,NA,NA,0,0,NA,NA,126,63,0.5,0.3333333333333333,0.5,0.23529411764705882,0.625,0.2,0.5714285714285714,0,0.7777777777777778,0.5454545454545454,0.3333333333333333,0.5,1,0.75,0.3333333333333333,0.4,0.5833333333333334,0.5
Mauritius,MUS,2018,0.745,9.362499979505325,14.050822177153758,UM,59.207,0.33387,99.8,0,0,0,NA,NA,0,1,2019,2024,126,61,0.48412698412698413,0.3333333333333333,0.5,0.29411764705882354,0.625,0.2,0.7142857142857143,0,0.7777777777777778,0.45454545454545453,1,0.5,1,0.75,0.16666666666666666,0.6,0.25,0.375
Mauritius,MUS,2019,0.696,9.341653926139164,14.051144577585786,H,59.234,0.35699,100,0,0,0,NA,NA,1,0,2019,2024,126,63,0.5,0.3333333333333333,0.6,0.17647058823529413,0.625,0.2,0.7142857142857143,0,0.7777777777777778,0.5454545454545454,1,0.5,0.875,0.75,0.5,0.6,0.25,0.5
Mauritius,MUS,2020,0.547,9.106206091295958,14.051167489346671,UM,59.24,0.40299,99.5,0,0,0,NA,NA,1,0,2019,2024,126,65,0.5158730158730159,0.3333333333333333,0.6,0.35294117647058826,0.625,0.2,0.7142857142857143,0,0.7777777777777778,0.5454545454545454,1,0.5,0.875,0.75,0.6666666666666666,0.4,0.25,0.375
Mauritius,MUS,2021,0.528,9.112614306488677,14.051420273928157,UM,59.225,0.36784,99.6,0,0,0,NA,NA,1,0,2019,2024,126,63,0.5,0.3333333333333333,0.6,0.23529411764705882,0.5,0.2,0.7142857142857143,0,0.6666666666666666,0.5454545454545454,1,0.5,1,0.75,0.6666666666666666,0.6,0.25,0.375
Mauritius,MUS,2022,0.504,9.234037079061157,14.048622657787492,UM,59.19,0.3083,100,-1,0,0,NA,NA,1,0,2019,2024,126,72,0.5714285714285714,0.3333333333333333,0.6,0.47058823529411764,1,0.2,0.7142857142857143,0.25,0.6666666666666666,0.5454545454545454,1,0.5,0.875,0.75,0.6666666666666666,0.6,0.25,0.5
Mauritius,MUS,2023,0.479,9.359884241873504,NA,UM,59.133,0.23401,100,0,0,0,NA,NA,1,0,2019,2024,126,80,0.6349206349206349,0.3333333333333333,1,0.5294117647058824,0.625,0.4,1,0.75,0.6666666666666666,0.2727272727272727,1,0.8333333333333334,0.875,0.5,0.6666666666666666,0.4,0.5,0.625
Malawi,MWI,2015,0.536,6.29083806349844,16.63362847843692,L,83.687,NA,10.8,0,1,0,2009,2017,0,0,NA,NA,126,59,0.46825396825396826,0.3333333333333333,0.3,0.29411764705882354,0.75,0.2,0,0,0.6666666666666666,0.6363636363636364,1,0.5,0.5,0.5,1,0.4,0.3333333333333333,0.75
Malawi,MWI,2016,0.536,6.110371629675757,16.66072530213321,L,83.494,NA,11,0,1,0,2009,2017,0,0,NA,NA,126,63,0.5,0.3333333333333333,0.3,0.35294117647058826,0.875,0.2,0,0,0.7777777777777778,0.6363636363636364,0.3333333333333333,0.5,0.5,0.5,1,0.2,0.75,0.625
Malawi,MWI,2017,0.543,6.206111470898146,16.68738976670369,L,83.286,NA,12.7,0,1,0,2009,2017,0,0,NA,NA,126,58,0.4603174603174603,0.3333333333333333,0.3,0.29411764705882354,0.875,0.2,0,0,0.5555555555555556,0.7272727272727273,1,0.5,0.5,0.5,1,0.2,0.3333333333333333,0.625
Malawi,MWI,2018,0.527,6.278902540462384,16.713807219582478,L,83.063,NA,18,0,0,0,NA,NA,0,0,NA,NA,126,58,0.4603174603174603,0.3333333333333333,0.3,0.35294117647058826,0.875,0.2,0,0,0.5555555555555556,0.6363636363636364,1,0.5,0.5,0.5,0.8333333333333334,0.4,0.3333333333333333,0.625
Malawi,MWI,2019,0.478,6.364561093600193,16.74021659056467,L,82.826,NA,11.2,-1,0,1,2020,2021,0,0,NA,NA,126,59,0.46825396825396826,0.3333333333333333,0.3,0.29411764705882354,0.875,0.2,0,0,0.7777777777777778,0.7272727272727273,0.3333333333333333,0.5,0.375,0.5,1,0.2,0.5,0.625
Malawi,MWI,2020,0.545,6.40110007723799,16.766765989087478,L,82.573,NA,11.5,1,1,0,2020,2021,0,0,NA,NA,126,57,0.4523809523809524,0.3333333333333333,0.3,0.4117647058823529,0.75,0.2,0.14285714285714285,0,0.7777777777777778,0.6363636363636364,1,0.3333333333333333,0.375,0.5,1,0.2,0.16666666666666666,0.625
Malawi,MWI,2021,0.605,6.425594078331866,16.793469874048018,L,82.305,NA,14.2,0,1,0,2020,2021,0,0,NA,NA,126,66,0.5238095238095238,0.3333333333333333,0.6,0.35294117647058826,0.875,0.2,0.14285714285714285,0,0.6666666666666666,0.7272727272727273,1,0.5,0.5,0.5,1,0.4,0.5,0.5
Malawi,MWI,2022,0.611,6.404020706182189,16.83130606210936,L,82.02,NA,14,0,0,0,NA,NA,0,0,NA,NA,126,66,0.5238095238095238,0.3333333333333333,0.6,0.5294117647058824,0.75,0.2,0.14285714285714285,0.25,0.6666666666666666,0.7272727272727273,1,0.5,0.25,0.5,1,0.2,0.4166666666666667,0.625
Malawi,MWI,2023,0.58,6.400828079476138,NA,L,81.72,NA,15.6,0,0,0,NA,NA,0,0,NA,NA,126,85,0.6746031746031746,0.3333333333333333,1,0.5294117647058824,1,0.4,0.8571428571428571,0.75,0.6666666666666666,0.6363636363636364,1,0.8333333333333334,0.5,0.25,1,0.2,0.5,0.875
Malaysia,MYS,2015,0.33,9.17457637606192,17.22569956023868,UM,25.787,1.27945,99.9,0,0,0,NA,NA,0,0,NA,NA,126,49,0.3888888888888889,0.3333333333333333,0.3,0.23529411764705882,0.75,0.2,0,0,0.6666666666666666,0.5454545454545454,0.3333333333333333,0.5,0.5,0.5,0.16666666666666666,0.4,0.25,0.75
Malaysia,MYS,2016,0.329,9.15657392692376,17.23927315269491,UM,25.16,1.41517,99.9,0,0,1,2017,2019,0,0,NA,NA,126,52,0.4126984126984127,0.3333333333333333,0.3,0.29411764705882354,0.5,0.2,0.14285714285714285,0,0.7777777777777778,0.36363636363636365,1,0.5,0.5,0.5,0.16666666666666666,0.2,0.5833333333333334,0.625
Malaysia,MYS,2017,0.335,9.196499838754422,17.25286804440535,UM,24.553,NA,100,0,1,0,2017,2019,0,0,NA,NA,126,49,0.3888888888888889,0.3333333333333333,0.5,0.23529411764705882,0.5,0.2,0.14285714285714285,0,0.5555555555555556,0.5454545454545454,1,0.5,0.5,0.5,0.16666666666666666,0.2,0.25,0.625
Malaysia,MYS,2018,0.441,9.296683375654125,17.266387644545087,UM,23.964,1.04026,100,0,1,0,2017,2019,0,0,NA,NA,126,42,0.3333333333333333,0.3333333333333333,0.5,0.29411764705882354,0.125,0.2,0.14285714285714285,0,0.5555555555555556,0.36363636363636365,0.3333333333333333,0.5,0.5,0.5,0,0.4,0.25,0.5
Malaysia,MYS,2019,0.475,9.298368809584272,17.279676134697155,UM,23.393,NA,100,0,1,0,2017,2019,0,0,NA,NA,126,49,0.3888888888888889,0.3333333333333333,0.4,0.23529411764705882,0.5,0.2,0.14285714285714285,0,0.7777777777777778,0.5454545454545454,1,0.5,0.375,0.5,0.3333333333333333,0.2,0.16666666666666666,0.625
Malaysia,MYS,2020,0.425,9.206083952963445,17.292618985265726,UM,22.84,0.95055,100,0,0,0,NA,NA,0,0,NA,NA,126,55,0.4365079365079365,0.3333333333333333,0.6,0.4117647058823529,0.625,0.2,0.14285714285714285,0,0.7777777777777778,0.45454545454545453,1,0.3333333333333333,0.375,0.5,0.6666666666666666,0.2,0.25,0.5
Malaysia,MYS,2021,0.426,9.296803499037615,17.30521304766637,UM,22.304,NA,100,0,0,0,NA,NA,0,0,NA,NA,126,52,0.4126984126984127,0.3333333333333333,0.6,0.23529411764705882,0.625,0.2,0.14285714285714285,0,0.6666666666666666,0.5454545454545454,0.3333333333333333,0.5,0.5,0.25,0.6666666666666666,0.4,0.25,0.5
Malaysia,MYS,2022,0.456,9.371446117449624,17.3400524003683,UM,21.786,NA,100,0,0,0,NA,NA,0,0,NA,NA,126,52,0.4126984126984127,0.3333333333333333,0.3,0.4117647058823529,0.125,0.2,0.14285714285714285,0.25,0.6666666666666666,0.5454545454545454,1,0.5,0.375,0.5,0.6666666666666666,0.2,0.4166666666666667,0.5
Malaysia,MYS,2023,0.506,9.33953239689838,NA,UM,21.284,NA,100,1,0,0,NA,NA,0,0,NA,NA,126,77,0.6111111111111112,0.3333333333333333,1,0.5294117647058824,0.625,0.4,0.8571428571428571,0.75,0.6666666666666666,0.36363636363636365,1,0.8333333333333334,0.5,0.5,0.6666666666666666,0.2,0.5,0.75
Namibia,NAM,2015,0.719,8.470962116871942,14.654877480009208,UM,53.1,NA,51.6,0,0,0,NA,NA,0,0,NA,NA,126,64,0.5079365079365079,0.3333333333333333,0.6,0.35294117647058826,0.875,0.2,0.2857142857142857,0,0.7777777777777778,0.6363636363636364,0.3333333333333333,0.5,0.5,0.5,0.16666666666666666,0.4,0.6666666666666666,0.75
Namibia,NAM,2016,0.722,8.38837928524842,14.673343019786616,UM,52.039,NA,49.7,0,0,0,NA,NA,0,0,NA,NA,126,63,0.5,0.3333333333333333,0.6,0.35294117647058826,0.875,0.2,0.42857142857142855,0,0.7777777777777778,0.5454545454545454,1,0.5,0.5,0.5,0.16666666666666666,0.2,0.5833333333333334,0.625
Namibia,NAM,2017,0.718,8.545578630390638,14.692071615186215,UM,50.995,NA,52.5,0,0,0,NA,NA,0,0,NA,NA,126,65,0.5158730158730159,0.3333333333333333,0.6,0.35294117647058826,0.625,0.2,0.42857142857142855,0,0.6666666666666666,0.6363636363636364,1,0.5,0.5,0.5,0.16666666666666666,0.4,0.8333333333333334,0.625
Namibia,NAM,2018,0.692,8.577084958218848,14.710904464125443,UM,49.968,NA,52.3,0,0,0,NA,NA,0,0,NA,NA,126,60,0.47619047619047616,0.3333333333333333,0.6,0.4117647058823529,0.75,0.2,0.42857142857142855,0,0.5555555555555556,0.6363636363636364,1,0.5,0.5,0.5,0,0.4,0.4166666666666667,0.625
Namibia,NAM,2019,0.659,8.46208653687788,14.729608487403512,UM,48.958,NA,53.3,0,0,0,NA,NA,0,0,NA,NA,126,61,0.48412698412698413,0.3333333333333333,0.7,0.29411764705882354,0.75,0.2,0.42857142857142855,0,0.7777777777777778,0.6363636363636364,1,0.5,0.375,0.5,0.3333333333333333,0.2,0.4166666666666667,0.625
Namibia,NAM,2020,0.646,8.263226920678571,14.74803520390464,UM,47.967,NA,52.3,0,0,0,NA,NA,0,0,NA,NA,126,68,0.5396825396825397,0.3333333333333333,0.7,0.47058823529411764,0.75,0.2,0.42857142857142855,0,0.7777777777777778,0.7272727272727273,1,0.5,0.375,0.5,0.6666666666666666,0.4,0.4166666666666667,0.625
Namibia,NAM,2021,0.637,8.392272747981654,14.766142424883183,UM,46.995,NA,55.2,0,0,0,NA,NA,0,0,NA,NA,126,64,0.5079365079365079,0.3333333333333333,0.7,0.35294117647058826,0.625,0.2,0.42857142857142855,0,0.6666666666666666,0.7272727272727273,1,0.5,0.5,0.5,0.6666666666666666,0.4,0.4166666666666667,0.5
Namibia,NAM,2022,0.645,8.377711633789602,14.75825313455992,UM,46.044,0.64647,56.2,0,0,0,NA,NA,0,0,NA,NA,126,65,0.5158730158730159,0.3333333333333333,0.6,0.5294117647058824,0.75,0.2,0.42857142857142855,0.25,0.6666666666666666,0.5454545454545454,1,0.5,0.375,0.5,0.6666666666666666,0.2,0.5,0.5
Namibia,NAM,2023,0.646,8.335260009834865,NA,UM,45.114,NA,56.7,0,0,0,NA,NA,0,0,NA,NA,126,78,0.6190476190476191,0.3333333333333333,1,0.5294117647058824,0.875,0.4,0.8571428571428571,0.75,0.6666666666666666,0.36363636363636365,1,0.8333333333333334,0.375,0.25,0.6666666666666666,0.4,0.5,0.75
Niger,NER,2015,0.621,6.185514090998798,16.811325978061497,L,83.753,NA,16.6,0,0,0,NA,NA,0,1,2016,2024,126,65,0.5158730158730159,0.3333333333333333,0.3,0.23529411764705882,0.75,0.2,0.14285714285714285,0,0.7777777777777778,0.6363636363636364,1,0.5,0.5,0.5,1,0.4,0.6666666666666666,0.875
Niger,NER,2016,0.579,6.220006451856864,16.849924408979398,L,83.71,NA,17,0,0,0,NA,NA,1,0,2016,2024,126,66,0.5238095238095238,0.3333333333333333,0.3,0.35294117647058826,0.625,0.2,0.2857142857142857,0,0.7777777777777778,0.5454545454545454,1,0.5,0.5,0.5,1,0.2,0.8333333333333334,0.75
Niger,NER,2017,0.549,6.257292287581232,16.888314422099135,L,83.65,NA,17.6,0,0,0,NA,NA,1,0,2016,2024,126,67,0.5317460317460317,0.3333333333333333,0.5,0.35294117647058826,0.625,0.2,0.2857142857142857,0,0.6666666666666666,0.6363636363636364,1,0.5,0.5,0.5,1,0.4,0.6666666666666666,0.75
Niger,NER,2018,0.538,6.3605561468058545,16.926481789306713,L,83.575,NA,17.6,0,0,0,NA,NA,1,0,2016,2024,126,59,0.46825396825396826,0.3333333333333333,0.3,0.4117647058823529,0.75,0.2,0.2857142857142857,0,0.5555555555555556,0.6363636363636364,0.3333333333333333,0.5,0.375,0.5,0.8333333333333334,0.4,0.4166666666666667,0.75
Niger,NER,2019,0.534,6.330952418378853,16.964423855667082,L,83.483,NA,18.5,0,0,0,NA,NA,1,0,2016,2024,126,59,0.46825396825396826,0.3333333333333333,0.3,0.23529411764705882,0.625,0.2,0.2857142857142857,0,0.7777777777777778,0.6363636363636364,1,0.5,0.5,0.5,1,0.2,0.3333333333333333,0.75
Niger,NER,2020,0.547,6.36218722561894,17.00213736841292,L,83.374,NA,18.7,0,0,0,NA,NA,1,0,2016,2024,126,66,0.5238095238095238,0.3333333333333333,0.4,0.4117647058823529,1,0.2,0.2857142857142857,0,0.7777777777777778,0.5454545454545454,1,0.3333333333333333,0.375,0.5,1,0.4,0.5,0.75
Niger,NER,2021,0.52,6.4113623996142115,17.039605141391885,L,83.249,NA,18.6,0,0,0,NA,NA,1,0,2016,2024,126,58,0.4603174603174603,0.3333333333333333,0.4,0.29411764705882354,0.625,0.2,0.2857142857142857,0,0.7777777777777778,0.6363636363636364,0.3333333333333333,0.5,0.5,0.5,1,0.4,0.25,0.625
Niger,NER,2022,0.509,6.413041079048784,17.081574388039922,L,83.106,NA,19.5,0,0,0,NA,NA,1,0,2016,2024,126,63,0.5,0.3333333333333333,0.3,0.5294117647058824,0.5,0.2,0.2857142857142857,0.25,0.5555555555555556,0.6363636363636364,1,0.5,0.375,0.5,1,0.2,0.5,0.75
Niger,NER,2023,0.389,6.466048168876456,NA,L,82.946,NA,20.1,-1,0,0,NA,NA,1,0,2016,2024,126,81,0.6428571428571429,0.3333333333333333,1,0.5294117647058824,0.625,0.4,0.8571428571428571,0.75,0.6666666666666666,0.5454545454545454,1,0.8333333333333334,0.375,0.25,1,0.4,0.5,0.875
Nigeria,NGA,2015,0.566,7.857764540491128,19.014766715385555,LM,52.162,NA,52.5,0,1,0,2010,2015,0,0,NA,NA,126,56,0.4444444444444444,0.3333333333333333,0.3,0.29411764705882354,1,0.2,0,0,0.6666666666666666,0.7272727272727273,0.3333333333333333,0.5,0.5,0.5,0.16666666666666666,0.4,0.3333333333333333,0.875
Nigeria,NGA,2016,0.562,7.6355032547899855,19.04104346689593,LM,51.317,NA,59.3,0,0,0,NA,NA,0,0,NA,NA,126,59,0.46825396825396826,0.3333333333333333,0.3,0.35294117647058826,0.875,0.2,0.14285714285714285,0,0.7777777777777778,0.45454545454545453,1,0.5,0.5,0.5,0.16666666666666666,0.2,0.6666666666666666,0.75
Nigeria,NGA,2017,0.563,7.537078494248665,19.06712013743994,LM,50.481,NA,54.4,0,0,0,NA,NA,0,0,NA,NA,126,55,0.4365079365079365,0.3333333333333333,0.5,0.23529411764705882,1,0.2,0.14285714285714285,0,0.5555555555555556,0.5454545454545454,1,0.5,0.5,0.5,0.16666666666666666,0.2,0.3333333333333333,0.75
Nigeria,NGA,2018,0.556,7.629431336446931,19.09298565047069,LM,49.656,NA,56.5,0,0,0,NA,NA,0,0,NA,NA,126,52,0.4126984126984127,0.3333333333333333,0.3,0.35294117647058826,0.875,0.2,0.14285714285714285,0,0.5555555555555556,0.45454545454545453,0.3333333333333333,0.5,0.5,0.5,0,0.4,0.4166666666666667,0.75
Nigeria,NGA,2019,0.525,7.72539856051422,19.11863437002447,LM,48.843,0.28444,55.4,0,0,0,NA,NA,0,0,NA,NA,126,58,0.4603174603174603,0.3333333333333333,0.6,0.23529411764705882,1,0.2,0.14285714285714285,0,0.7777777777777778,0.45454545454545453,1,0.5,0.375,0.5,0.3333333333333333,0.2,0.4166666666666667,0.75
Nigeria,NGA,2020,0.523,7.610683005190479,19.144064104078144,LM,48.042,NA,55.4,0,0,0,NA,NA,0,0,NA,NA,126,59,0.46825396825396826,0.3333333333333333,0.4,0.4117647058823529,1,0.2,0.14285714285714285,0,0.7777777777777778,0.5454545454545454,1,0.3333333333333333,0.375,0.5,0.6666666666666666,0.2,0.3333333333333333,0.625
Nigeria,NGA,2021,0.476,7.609502802839289,19.16926596157462,LM,47.254,NA,59.5,-1,0,0,NA,NA,0,0,NA,NA,126,57,0.4523809523809524,0.3333333333333333,0.5,0.29411764705882354,0.875,0.2,0.14285714285714285,0,0.6666666666666666,0.6363636363636364,1,0.5,0.5,0.25,0.6666666666666666,0.4,0.16666666666666666,0.625
Nigeria,NGA,2022,0.488,7.668268908787804,19.202485167986985,LM,46.479,NA,60.5,0,0,0,NA,NA,0,0,NA,NA,126,63,0.5,0.3333333333333333,0.5,0.5294117647058824,1,0.2,0.14285714285714285,0.25,0.6666666666666666,0.6363636363636364,1,0.5,0.375,0.5,0.6666666666666666,0.2,0.25,0.625
Nigeria,NGA,2023,0.491,7.375654796762109,NA,LM,45.717,NA,61.2,0,0,0,NA,NA,0,0,NA,NA,126,80,0.6349206349206349,0.3333333333333333,1,0.5294117647058824,1,0.4,0.8571428571428571,0.75,0.6666666666666666,0.45454545454545453,1,0.8333333333333334,0.375,0.25,0.6666666666666666,0.2,0.5,0.875
Nicaragua,NIC,2015,0.321,7.6374534896645825,15.643800265286952,LM,42.105,0.10742,83.2,0,0,0,NA,NA,1,0,2006,2024,126,60,0.47619047619047616,0.3333333333333333,0.5,0.29411764705882354,0.875,0.2,0.14285714285714285,0,0.6666666666666666,0.6363636363636364,1,0.6666666666666666,0.5,0.5,0.16666666666666666,0.4,0.4166666666666667,0.75
Nicaragua,NIC,2016,0.31,7.664669566810218,15.65669015162528,LM,41.91,NA,83.9,0,0,0,NA,NA,1,0,2006,2024,126,66,0.5238095238095238,0.3333333333333333,0.5,0.35294117647058826,1,0.2,0.2857142857142857,0,0.7777777777777778,0.6363636363636364,1,0.6666666666666666,0.5,0.5,0.16666666666666666,0.2,0.75,0.625
Nicaragua,NIC,2017,0.285,7.688280696771931,15.669437458266277,LM,41.701,NA,84.6,0,0,0,NA,NA,1,0,2006,2024,126,60,0.47619047619047616,0.3333333333333333,0.5,0.29411764705882354,1,0.2,0.2857142857142857,0,0.5555555555555556,0.7272727272727273,1,0.6666666666666666,0.5,0.5,0.16666666666666666,0.2,0.4166666666666667,0.625
Nicaragua,NIC,2018,0.223,7.618333404563117,15.681991216052154,LM,41.478,NA,85.2,0,0,0,NA,NA,1,0,2006,2024,126,60,0.47619047619047616,0.3333333333333333,0.5,0.4117647058823529,1,0.2,0.2857142857142857,0,0.5555555555555556,0.7272727272727273,1,0.6666666666666666,0.5,0.5,0,0.4,0.25,0.625
Nicaragua,NIC,2019,0.219,7.5799961011487715,15.694288806932336,LM,41.24,NA,85.7,0,0,0,NA,NA,1,0,2006,2024,126,63,0.5,0.3333333333333333,0.6,0.29411764705882354,1,0.2,0.2857142857142857,0,0.7777777777777778,0.7272727272727273,1,0.6666666666666666,0.375,0.5,0.3333333333333333,0.2,0.4166666666666667,0.625
Nicaragua,NIC,2020,0.22,7.566111801349006,15.7062936068157,LM,40.988,NA,86,0,0,0,NA,NA,1,0,2006,2024,126,66,0.5238095238095238,0.3333333333333333,0.6,0.4117647058823529,1,0.2,0.2857142857142857,0,0.7777777777777778,0.7272727272727273,1,0.5,0.375,0.25,0.6666666666666666,0.2,0.5,0.625
Nicaragua,NIC,2021,0.198,7.663224372380134,15.717973095963984,LM,40.723,NA,86.3,0,0,0,NA,NA,1,0,2006,2024,126,69,0.5476190476190477,0.3333333333333333,0.6,0.29411764705882354,1,0.2,0.7142857142857143,0,0.6666666666666666,0.7272727272727273,1,0.8333333333333334,0.5,0.5,0.6666666666666666,0.4,0.4166666666666667,0.5
Nicaragua,NIC,2022,0.171,7.751547306397973,15.754020823865048,LM,40.444,NA,86.5,0,0,0,NA,NA,1,0,2006,2024,126,72,0.5714285714285714,0.3333333333333333,0.5,0.47058823529411764,1,0.2,0.7142857142857143,0.25,0.6666666666666666,0.7272727272727273,1,0.8333333333333334,0.375,0.5,0.6666666666666666,0.2,0.5,0.625
Nicaragua,NIC,2023,0.17,7.868204766400411,NA,LM,40.151,NA,88.3,0,0,0,NA,NA,1,0,2006,2024,126,80,0.6349206349206349,0.3333333333333333,1,0.5294117647058824,0.75,0.4,0.8571428571428571,0.75,0.6666666666666666,0.5454545454545454,1,0.8333333333333334,0.375,0.5,0.6666666666666666,0.2,0.5,0.875
Netherlands,NLD,2015,0.882,10.731904285432902,16.645183701723305,H,9.827,2.14606,100,0,0,0,NA,NA,0,0,NA,NA,126,34,0.2698412698412698,0,0.5,0.11764705882352941,0.125,0.2,0,0,0.4444444444444444,0.18181818181818182,0,0.5,0.375,0.25,0.16666666666666666,0.4,0.25,0.75
Netherlands,NLD,2016,0.882,10.75382071209568,16.650505490519393,H,9.36499999999999,2.15081,100,0,0,0,NA,NA,0,0,NA,NA,126,41,0.3253968253968254,0,0.5,0.17647058823529413,0.5,0.2,0,0,0.5555555555555556,0.09090909090909091,0,0.5,0.375,0.5,0.16666666666666666,0.2,0.5833333333333334,0.625
Netherlands,NLD,2017,0.879,10.810004308951587,16.656417524181034,H,8.923,2.17857,100,0,0,0,NA,NA,0,0,NA,NA,126,35,0.2777777777777778,0,0.5,0.11764705882352941,0.5,0.2,0,0,0.3333333333333333,0.18181818181818182,0,0.5,0.375,0.5,0.16666666666666666,0.2,0.25,0.625
Netherlands,NLD,2018,0.881,10.895907071912005,16.66225685827024,H,8.51000000000001,2.1388,100,0,0,0,NA,NA,0,0,NA,NA,126,29,0.23015873015873015,0,0.6,0.17647058823529413,0.125,0,0,0,0.3333333333333333,0.09090909090909091,0,0.5,0.375,0.25,0,0.4,0.25,0.375
Netherlands,NLD,2019,0.867,10.88846258896202,16.66880757401829,H,8.124,2.18435,100,0,0,0,NA,NA,0,0,NA,NA,126,37,0.29365079365079366,0,0.7,0.058823529411764705,0.5,0.2,0,0,0.5555555555555556,0.18181818181818182,0,0.5,0.25,0.5,0.3333333333333333,0.2,0.25,0.5
Netherlands,NLD,2020,0.865,10.886837271627892,16.674362981920844,H,7.764,2.32182,100,0,0,0,NA,NA,0,0,NA,NA,126,40,0.31746031746031744,0,0.7,0.23529411764705882,0.5,0.2,0,0,0.5555555555555556,0.18181818181818182,0,0.3333333333333333,0.25,0.5,0.6666666666666666,0.2,0.25,0.375
Netherlands,NLD,2021,0.864,11.00446351369483,16.679618476483945,H,7.428,2.26877,100,0,0,0,NA,NA,0,0,NA,NA,126,37,0.29365079365079366,0,0.7,0.11764705882352941,0.375,0.2,0,0,0.4444444444444444,0.2727272727272727,0,0.5,0.375,0.25,0.6666666666666666,0.4,0.08333333333333333,0.375
Netherlands,NLD,2022,0.855,10.987380686658344,16.68924975857858,H,7.114,2.25533,100,0,0,0,NA,NA,0,0,NA,NA,126,41,0.3253968253968254,0,0.5,0.35294117647058826,0.125,0,0.14285714285714285,0.25,0.4444444444444444,0.2727272727272727,0.3333333333333333,0.5,0.25,0.5,0.6666666666666666,0.2,0.25,0.5
Netherlands,NLD,2023,0.854,11.075536251577484,NA,H,6.821,NA,100,0,0,0,NA,NA,0,0,NA,NA,126,73,0.5793650793650794,0.3333333333333333,0.9,0.5294117647058824,0.75,0.2,0.8571428571428571,0.75,0.5555555555555556,0.36363636363636365,1,0.6666666666666666,0.5,0.5,0.6666666666666666,0.2,0.4166666666666667,0.75
Norway,NOR,2015,0.895,11.222706387708213,15.461975818345426,H,18.909,1.9235,100,0,0,0,NA,NA,0,0,NA,NA,126,34,0.2698412698412698,0,0.5,0.11764705882352941,0.125,0,0,0,0.4444444444444444,0.18181818181818182,0,0.5,0.375,0.25,0.16666666666666666,0.4,0.25,0.875
Norway,NOR,2016,0.895,11.168565253916116,15.470785516499024,H,18.515,2.03287,100,0,0,0,NA,NA,0,0,NA,NA,126,41,0.3253968253968254,0,0.5,0.17647058823529413,0.5,0,0,0,0.5555555555555556,0.09090909090909091,0,0.5,0.375,0.5,0.16666666666666666,0.2,0.5833333333333334,0.75
Norway,NOR,2017,0.891,11.240221832176305,15.478862248317874,H,18.129,2.08167,100,0,0,0,NA,NA,0,0,NA,NA,126,35,0.2777777777777778,0,0.5,0.11764705882352941,0.5,0,0,0,0.3333333333333333,0.18181818181818182,0,0.5,0.375,0.5,0.16666666666666666,0.2,0.25,0.75
Norway,NOR,2018,0.884,11.324096895936655,15.485463156760364,H,17.752,2.03482,100,0,0,0,NA,NA,0,0,NA,NA,126,29,0.23015873015873015,0,0.5,0.17647058823529413,0.125,0,0,0,0.3333333333333333,0.09090909090909091,0,0.5,0.375,0.25,0,0.4,0.25,0.5
Norway,NOR,2019,0.889,11.24413827395106,15.49221377049282,H,17.384,2.136,100,0,0,0,NA,NA,0,0,NA,NA,126,35,0.2777777777777778,0,0.5,0.058823529411764705,0.5,0,0,0,0.5555555555555556,0.18181818181818182,0,0.5,0.25,0.5,0.3333333333333333,0.2,0.25,0.625
Norway,NOR,2020,0.88,11.132250790521455,15.498101343733252,H,17.026,2.24436,100,0,0,0,NA,NA,0,0,NA,NA,126,40,0.31746031746031744,0,0.6,0.23529411764705882,0.5,0,0,0,0.5555555555555556,0.18181818181818182,0.3333333333333333,0.3333333333333333,0.25,0.5,0.6666666666666666,0.2,0.25,0.5
Norway,NOR,2021,0.886,11.441138255562189,15.503449066552,H,16.677,1.88764,100,0,0,0,NA,NA,0,0,NA,NA,126,39,0.30952380952380953,0,0.6,0.11764705882352941,0.375,0,0,0,0.4444444444444444,0.2727272727272727,0.3333333333333333,0.6666666666666666,0.375,0.25,0.6666666666666666,0.4,0.16666666666666666,0.5
Norway,NOR,2022,0.886,11.59725237800854,15.512433018758106,H,16.336,1.55752,100,0,0,0,NA,NA,0,0,NA,NA,126,39,0.30952380952380953,0,0.4,0.29411764705882354,0.125,0,0.14285714285714285,0.25,0.4444444444444444,0.2727272727272727,0.3333333333333333,0.6666666666666666,0.25,0.5,0.6666666666666666,0.2,0.16666666666666666,0.5
Norway,NOR,2023,0.886,11.384240531211384,NA,H,16.005,NA,100,0,0,0,NA,NA,0,0,NA,NA,126,71,0.5634920634920635,0.3333333333333333,1,0.47058823529411764,0.5,0.2,0.8571428571428571,0.75,0.5555555555555556,0.36363636363636365,1,0.6666666666666666,0.5,0.5,0.6666666666666666,0.2,0.4166666666666667,0.75
Nepal,NPL,2015,0.645,6.774844991146381,17.111904046803144,L,81.443,NA,82,0,1,0,2014,2016,0,0,NA,NA,126,61,0.48412698412698413,0.3333333333333333,0.5,0.29411764705882354,0.625,0.2,0,0,0.6666666666666666,0.6363636363636364,1,0.5,0.5,0.5,1,0.4,0.4166666666666667,0.75
Nepal,NPL,2016,0.662,6.776799372315994,17.12105680170249,L,81.058,NA,90.7,0,1,0,2014,2016,0,0,NA,NA,126,61,0.48412698412698413,0.3333333333333333,0.3,0.35294117647058826,0.5,0.2,0.14285714285714285,0,0.7777777777777778,0.5454545454545454,1,0.5,0.5,0.5,1,0.2,0.6666666666666666,0.625
Nepal,NPL,2017,0.663,6.941464436184522,17.134509760592675,L,80.664,NA,86.6,0,0,0,NA,NA,0,0,NA,NA,126,58,0.4603174603174603,0.3333333333333333,0.5,0.29411764705882354,0.625,0.2,0.14285714285714285,0,0.5555555555555556,0.6363636363636364,1,0.5,0.5,0.5,1,0.2,0.3333333333333333,0.625
Nepal,NPL,2018,0.636,7.072590191719127,17.151127524794965,L,80.26,NA,93.9,0,0,0,NA,NA,0,0,NA,NA,126,62,0.49206349206349204,0.3333333333333333,0.5,0.35294117647058826,1,0.2,0.14285714285714285,0,0.5555555555555556,0.6363636363636364,1,0.5,0.5,0.5,0.8333333333333334,0.4,0.3333333333333333,0.625
Nepal,NPL,2019,0.601,7.0926925343519045,17.169221949652005,LM,79.847,NA,89.9,0,0,0,NA,NA,0,0,NA,NA,126,58,0.4603174603174603,0.3333333333333333,0.4,0.17647058823529413,0.75,0.2,0.14285714285714285,0,0.7777777777777778,0.6363636363636364,1,0.5,0.375,0.5,1,0.2,0.4166666666666667,0.625
Nepal,NPL,2020,0.598,7.051175890691551,17.187512812580376,LM,79.424,NA,89.9,0,0,0,NA,NA,0,0,NA,NA,126,62,0.49206349206349204,0.3333333333333333,0.6,0.4117647058823529,0.625,0.2,0.14285714285714285,0,0.7777777777777778,0.6363636363636364,1,0.3333333333333333,0.375,0.5,1,0.2,0.4166666666666667,0.625
Nepal,NPL,2021,0.609,7.13309702609269,17.205812802584425,LM,78.992,NA,89.9,0,0,0,NA,NA,0,0,NA,NA,126,59,0.46825396825396826,0.3333333333333333,0.6,0.35294117647058826,0.5,0.2,0.14285714285714285,0,0.6666666666666666,0.6363636363636364,1,0.5,0.5,0.25,1,0.4,0.3333333333333333,0.5
Nepal,NPL,2022,0.633,7.234112720962469,17.234796026041632,LM,78.549,NA,91.3,0,0,0,NA,NA,0,0,NA,NA,126,57,0.4523809523809524,0.3333333333333333,0.3,0.47058823529411764,0.625,0.2,0.14285714285714285,0.25,0.6666666666666666,0.6363636363636364,0.3333333333333333,0.5,0.25,0.5,1,0.2,0.25,0.75
Nepal,NPL,2023,0.681,7.228117033030296,NA,LM,78.097,NA,94,0,0,0,NA,NA,0,0,NA,NA,126,81,0.6428571428571429,0.3333333333333333,1,0.5294117647058824,0.625,0.4,0.8571428571428571,0.75,0.6666666666666666,0.5454545454545454,1,0.8333333333333334,0.5,0.5,1,0.2,0.5,0.75
New Zealand,NZL,2015,0.889,10.56202647115606,15.343608254658529,H,13.659,1.22789,100,0,0,0,NA,NA,0,0,NA,NA,126,40,0.31746031746031744,0.6666666666666666,0.5,0.11764705882352941,0.25,0,0,0,0.4444444444444444,0.2727272727272727,0.3333333333333333,0.5,0.5,0.25,0.16666666666666666,0.4,0.25,0.875
New Zealand,NZL,2016,0.889,10.598405555763708,15.366068575660083,H,13.6,NA,100,0,0,0,NA,NA,0,0,NA,NA,126,49,0.3888888888888889,0.6666666666666666,0.5,0.17647058823529413,0.625,0,0,0,0.5555555555555556,0.36363636363636365,0.3333333333333333,0.5,0.5,0.5,0.16666666666666666,0.2,0.5833333333333334,0.75
New Zealand,NZL,2017,0.886,10.666934446026978,15.38695580288828,H,13.534,1.34905,100,0,0,0,NA,NA,0,0,NA,NA,126,43,0.3412698412698413,0.6666666666666666,0.5,0.11764705882352941,0.75,0,0.14285714285714285,0,0.3333333333333333,0.2727272727272727,0.3333333333333333,0.5,0.5,0.5,0.16666666666666666,0.2,0.25,0.75
New Zealand,NZL,2018,0.897,10.67425985113802,15.404868204564185,H,13.462,NA,100,0,0,0,NA,NA,0,0,NA,NA,126,37,0.29365079365079366,0.6666666666666666,0.5,0.11764705882352941,0.25,0,0.14285714285714285,0,0.3333333333333333,0.36363636363636365,0.3333333333333333,0.5,0.5,0.25,0,0.4,0.25,0.5
New Zealand,NZL,2019,0.894,10.663059207439746,15.420779793526156,H,13.385,1.40803,100,0,0,0,NA,NA,0,0,NA,NA,126,42,0.3333333333333333,0.6666666666666666,0.5,0.058823529411764705,0.625,0,0.14285714285714285,0,0.5555555555555556,0.2727272727272727,0.3333333333333333,0.5,0.375,0.5,0.3333333333333333,0.2,0.25,0.625
New Zealand,NZL,2020,0.89,10.640309270205432,15.44282768048561,H,13.301,NA,100,0,0,0,NA,NA,0,0,NA,NA,126,48,0.38095238095238093,0.6666666666666666,0.6,0.23529411764705882,0.625,0,0.14285714285714285,0,0.5555555555555556,0.45454545454545453,0.3333333333333333,0.3333333333333333,0.375,0.5,0.6666666666666666,0.2,0.25,0.5
New Zealand,NZL,2021,0.883,10.812233527576447,15.449172680622556,H,13.211,1.46569,100,0,0,0,NA,NA,0,0,NA,NA,126,44,0.3492063492063492,0.6666666666666666,0.6,0.11764705882352941,0.625,0,0.14285714285714285,0,0.4444444444444444,0.2727272727272727,0.3333333333333333,0.5,0.5,0.25,0.6666666666666666,0.4,0.16666666666666666,0.5
New Zealand,NZL,2022,0.885,10.783456763797922,15.44946545781145,H,13.116,NA,100,0,0,0,NA,NA,0,0,NA,NA,126,48,0.38095238095238093,0.6666666666666666,0.5,0.35294117647058826,0.375,0,0.14285714285714285,0.25,0.4444444444444444,0.45454545454545453,0.3333333333333333,0.5,0.375,0.5,0.6666666666666666,0.2,0.25,0.5
New Zealand,NZL,2023,0.886,10.784789481615393,NA,H,13.015,NA,100,0,0,0,NA,NA,0,0,NA,NA,126,74,0.5873015873015873,1,1,0.4117647058823529,0.75,0.2,0.8571428571428571,0.75,0.5555555555555556,0.36363636363636365,1,0.6666666666666666,0.5,0.5,0.6666666666666666,0.2,0.4166666666666667,0.75
Oman,OMN,2015,0.171,9.84205395493075,15.266501474608644,H,18.65,0.21866,100,0,0,0,NA,NA,0,0,NA,NA,126,65,0.5158730158730159,1,0.5,0.29411764705882354,0.5,0.2,0.2857142857142857,0,0.7777777777777778,0.5454545454545454,1,0.5,0.5,0.5,0.3333333333333333,0.6,0.6666666666666666,0.875
Oman,OMN,2016,0.175,9.74742945683059,15.314958812330213,H,17.5,0.22691,100,0,0,0,NA,NA,0,0,NA,NA,126,64,0.5079365079365079,1,0.5,0.35294117647058826,0.625,0.2,0.2857142857142857,0,0.7777777777777778,0.36363636363636365,1,0.5,0.5,0.5,0.3333333333333333,0.4,0.75,0.75
Oman,OMN,2017,0.175,9.788080414822618,15.355796872029265,H,16.44,0.19925,100,0,0,0,NA,NA,0,0,NA,NA,126,62,0.49206349206349204,1,0.3,0.29411764705882354,0.5,0.2,0.2857142857142857,0,0.7777777777777778,0.45454545454545453,1,0.5,0.5,0.5,0.3333333333333333,0.6,0.75,0.75
Oman,OMN,2018,0.177,9.89856352739788,15.390248531130604,H,15.461,0.19031,100,0,0,0,NA,NA,0,0,NA,NA,126,60,0.47619047619047616,1,0.5,0.35294117647058826,0.5,0.2,0.14285714285714285,0,0.6666666666666666,0.36363636363636365,1,0.5,0.5,0.5,0.16666666666666666,0.6,0.6666666666666666,0.75
Oman,OMN,2019,0.176,9.861633067889674,15.419934320533336,H,14.557,0.27255,100,0,0,0,NA,NA,0,0,NA,NA,126,64,0.5079365079365079,1,0.6,0.23529411764705882,0.625,0.2,0.14285714285714285,0,0.8888888888888888,0.45454545454545453,1,0.5,0.375,0.5,0.5,0.4,0.75,0.75
Oman,OMN,2020,0.173,9.728232750906026,15.446048686834065,H,13.724,0.31599,100,0,0,0,NA,NA,0,0,NA,NA,126,67,0.5317460317460317,1,0.5,0.4117647058823529,0.625,0.2,0.14285714285714285,0,0.8888888888888888,0.45454545454545453,1,0.3333333333333333,0.375,0.5,0.6666666666666666,0.6,0.75,0.75
Oman,OMN,2021,0.173,9.873206680695064,15.468654494105524,H,12.956,0.28978,100,0,0,0,NA,NA,0,0,NA,NA,126,67,0.5317460317460317,1,0.6,0.29411764705882354,0.625,0.2,0.14285714285714285,0,0.8888888888888888,0.45454545454545453,1,0.5,0.5,0.5,0.6666666666666666,0.6,0.75,0.625
Oman,OMN,2022,0.168,10.071779463737364,15.336400932299023,H,12.25,0.27506,100,0,0,0,NA,NA,0,0,NA,NA,126,68,0.5396825396825397,1,0.6,0.47058823529411764,0.5,0.2,0.2857142857142857,0.25,0.7777777777777778,0.45454545454545453,1,0.5,0.375,0.5,0.6666666666666666,0.4,0.75,0.625
Oman,OMN,2023,0.17,9.978123525665657,NA,H,11.6,0.36729,100,0,0,0,NA,NA,0,0,NA,NA,126,86,0.6825396825396826,1,1,0.5882352941176471,0.875,0.4,0.8571428571428571,0.75,0.7777777777777778,0.2727272727272727,1,0.8333333333333334,0.375,0.25,0.6666666666666666,0.6,0.75,0.875
Pakistan,PAK,2015,0.446,7.230179450550601,19.110958576868835,LM,63.974,0.22193,91,0,0,0,NA,NA,1,0,2015,2024,126,55,0.4365079365079365,0.3333333333333333,0.5,0.29411764705882354,0.875,0.2,0.14285714285714285,0,0.6666666666666666,0.5454545454545454,0.3333333333333333,0.5,0.5,0.5,0.16666666666666666,0.4,0.25,0.875
Pakistan,PAK,2016,0.432,7.261710656650579,19.13182183864119,LM,63.766,NA,91.8,0,0,0,NA,NA,1,0,2015,2024,126,62,0.49206349206349204,0.3333333333333333,0.5,0.4117647058823529,0.875,0.2,0.2857142857142857,0,0.7777777777777778,0.45454545454545453,1,0.5,0.5,0.5,0.16666666666666666,0.2,0.5833333333333334,0.75
Pakistan,PAK,2017,0.426,7.325961931092409,19.15259762251201,LM,63.558,0.21214,92.7,0,0,0,NA,NA,1,0,2015,2024,126,56,0.4444444444444444,0.3333333333333333,0.5,0.4117647058823529,0.75,0.2,0.2857142857142857,0,0.5555555555555556,0.45454545454545453,1,0.5,0.5,0.5,0.16666666666666666,0.2,0.3333333333333333,0.75
Pakistan,PAK,2018,0.402,7.358409246402343,19.17317308345922,LM,63.334,NA,93.4,0,0,0,NA,NA,1,0,2015,2024,126,48,0.38095238095238093,0.3333333333333333,0.2,0.35294117647058826,0.75,0.2,0.2857142857142857,0,0.5555555555555556,0.45454545454545453,0.3333333333333333,0.5,0.5,0.5,0,0.4,0.16666666666666666,0.75
Pakistan,PAK,2019,0.379,7.2373589164049505,19.193402755056105,LM,63.093,0.17475,93.9,0,0,0,NA,NA,1,0,2015,2024,126,58,0.4603174603174603,0.3333333333333333,0.6,0.29411764705882354,0.75,0.2,0.2857142857142857,0,0.7777777777777778,0.45454545454545453,1,0.5,0.375,0.5,0.3333333333333333,0.2,0.4166666666666667,0.75
Pakistan,PAK,2020,0.387,7.153362503670691,19.213185950721147,LM,62.835,NA,94.5,0,0,0,NA,NA,1,0,2015,2024,126,64,0.5079365079365079,0.3333333333333333,0.6,0.47058823529411764,1,0.2,0.2857142857142857,0,0.7777777777777778,0.5454545454545454,1,0.3333333333333333,0.375,0.5,0.6666666666666666,0.2,0.4166666666666667,0.625
Pakistan,PAK,2021,0.402,7.282980553479529,19.23249913895445,LM,62.56,0.16431,94.9,0,0,0,NA,NA,1,0,2015,2024,126,58,0.4603174603174603,0.3333333333333333,0.6,0.35294117647058826,0.625,0.2,0.2857142857142857,0,0.6666666666666666,0.45454545454545453,1,0.5,0.5,0.5,0.6666666666666666,0.4,0.25,0.625
Pakistan,PAK,2022,0.393,7.338448019458893,19.278599977320333,LM,62.269,NA,95,0,0,0,NA,NA,1,0,2015,2024,126,63,0.5,0.3333333333333333,0.6,0.5882352941176471,0.625,0.2,0.2857142857142857,0.25,0.6666666666666666,0.5454545454545454,1,0.5,0.375,0.5,0.6666666666666666,0.2,0.3333333333333333,0.625
Pakistan,PAK,2023,0.344,7.219112933853657,NA,LM,61.96,0.16375,95.6,0,0,0,NA,NA,1,0,2015,2024,126,78,0.6190476190476191,0.3333333333333333,1,0.5882352941176471,1,0.4,0.8571428571428571,0.75,0.6666666666666666,0.36363636363636365,1,0.8333333333333334,0.375,0.25,0.6666666666666666,0.2,0.4166666666666667,0.75
Panama,PAN,2015,0.755,9.552699166625333,15.193896227666125,UM,33.304,0.10745,91.6,0,0,0,NA,NA,0,0,NA,NA,126,52,0.4126984126984127,0.3333333333333333,0.5,0.23529411764705882,0.625,0.2,0.2857142857142857,0,0.6666666666666666,0.5454545454545454,0.3333333333333333,0.5,0.5,0.5,0.16666666666666666,0.4,0.25,0.75
Panama,PAN,2016,0.755,9.604566637563115,15.211030482406292,UM,32.973,0.1324,92.4,0,0,0,NA,NA,0,0,NA,NA,126,55,0.4365079365079365,0.3333333333333333,0.5,0.29411764705882354,0.75,0.2,0.2857142857142857,0,0.7777777777777778,0.45454545454545453,0.3333333333333333,0.5,0.5,0.5,0.16666666666666666,0.2,0.5,0.625
Panama,PAN,2017,0.74,9.66107387868241,15.228145928419368,H,32.635,0.1353,93.7,0,0,0,NA,NA,0,0,NA,NA,126,48,0.38095238095238093,0.3333333333333333,0.5,0.23529411764705882,0.5,0.2,0.2857142857142857,0,0.5555555555555556,0.5454545454545454,0.3333333333333333,0.5,0.5,0.5,0.16666666666666666,0.2,0.25,0.625
Panama,PAN,2018,0.733,9.689757514127972,15.245072241352007,H,32.291,0.13359,93.8,0,0,0,NA,NA,0,0,NA,NA,126,47,0.373015873015873,0.3333333333333333,0.5,0.29411764705882354,0.5,0.2,0.2857142857142857,0,0.5555555555555556,0.45454545454545453,0.3333333333333333,0.5,0.5,0.5,0,0.4,0.25,0.5
Panama,PAN,2019,0.735,9.70977577051648,15.261591542819444,H,31.941,0.13624,93.9,0,0,0,NA,NA,0,0,NA,NA,126,46,0.36507936507936506,0.3333333333333333,0.4,0.17647058823529413,0.625,0.2,0.2857142857142857,0,0.7777777777777778,0.45454545454545453,0.3333333333333333,0.5,0.375,0.5,0.3333333333333333,0.2,0.08333333333333333,0.625
Panama,PAN,2020,0.735,9.494809350214965,15.277554115121433,UM,31.586,0.23235,95.3,0,0,0,NA,NA,0,0,NA,NA,126,57,0.4523809523809524,0.3333333333333333,0.5,0.35294117647058826,0.75,0.2,0.2857142857142857,0,0.7777777777777778,0.5454545454545454,1,0.5,0.375,0.5,0.6666666666666666,0.2,0.25,0.5
Panama,PAN,2021,0.744,9.649227806705598,15.292920632582884,H,31.225,0.17688,95.3,0,0,0,NA,NA,0,0,NA,NA,126,54,0.42857142857142855,0.3333333333333333,0.6,0.29411764705882354,0.5,0.2,0.2857142857142857,0,0.6666666666666666,0.5454545454545454,0.3333333333333333,0.6666666666666666,0.5,0.25,0.6666666666666666,0.4,0.25,0.5
Panama,PAN,2022,0.732,9.760334942363285,15.299063426936888,H,30.859,0.18243,95,0,0,0,NA,NA,0,0,NA,NA,126,59,0.46825396825396826,0.3333333333333333,0.5,0.5294117647058824,0.125,0.2,0.42857142857142855,0.25,0.6666666666666666,0.6363636363636364,1,0.6666666666666666,0.375,0.5,0.6666666666666666,0.2,0.25,0.625
Panama,PAN,2023,0.73,9.835551538450028,NA,H,30.488,0.15791,97,0,0,0,NA,NA,0,0,NA,NA,126,76,0.6031746031746031,0.3333333333333333,1,0.5294117647058824,0.625,0.4,0.8571428571428571,0.75,0.6666666666666666,0.45454545454545453,0.3333333333333333,0.8333333333333334,0.5,0.25,0.6666666666666666,0.2,0.5,0.875
Peru,PER,2015,0.817,8.73740629363565,17.23227740403175,UM,22.643,0.11702,93.9,0,0,0,NA,NA,0,1,2016,2024,126,43,0.3412698412698413,0.3333333333333333,0.3,0.17647058823529413,0.25,0,0,0,0.6666666666666666,0.5454545454545454,0.3333333333333333,0.6666666666666666,0.5,0.5,0.16666666666666666,0.4,0.16666666666666666,0.75
Peru,PER,2016,0.788,8.735048544826805,17.247108976085904,UM,22.461,0.12008,94.2,0,0,0,NA,NA,1,0,2016,2024,126,49,0.3888888888888889,0.3333333333333333,0.3,0.29411764705882354,0.5,0,0,0,0.7777777777777778,0.36363636363636365,0.3333333333333333,0.6666666666666666,0.5,0.5,0.16666666666666666,0.2,0.5833333333333334,0.625
Peru,PER,2017,0.79,8.815246338423863,17.2637282528189,UM,22.28,0.12085,94.8,0,0,0,NA,NA,1,0,2016,2024,126,43,0.3412698412698413,0.3333333333333333,0.3,0.23529411764705882,0.5,0,0,0,0.5555555555555556,0.45454545454545453,0.3333333333333333,0.6666666666666666,0.5,0.5,0.16666666666666666,0.2,0.25,0.625
Peru,PER,2018,0.81,8.850588014081389,17.28091093573177,UM,22.093,0.12683,95.2,0,0,0,NA,NA,1,0,2016,2024,126,39,0.30952380952380953,0.3333333333333333,0.3,0.23529411764705882,0.125,0,0,0,0.5555555555555556,0.36363636363636365,0.3333333333333333,0.6666666666666666,0.5,0.5,0,0.4,0.25,0.625
Peru,PER,2019,0.805,8.858938364071907,17.29707250319111,UM,21.901,0.15696,95.6,0,0,0,NA,NA,1,0,2016,2024,126,46,0.36507936507936506,0.3333333333333333,0.4,0.11764705882352941,0.625,0.2,0,0,0.7777777777777778,0.45454545454545453,0.3333333333333333,0.6666666666666666,0.375,0.5,0.3333333333333333,0.2,0.25,0.625
Peru,PER,2020,0.818,8.721492381667288,17.311164603774724,UM,21.703,0.17229,96.2,0,0,0,NA,NA,1,0,2016,2024,126,48,0.38095238095238093,0.3333333333333333,0.4,0.29411764705882354,0.75,0,0,0,0.7777777777777778,0.45454545454545453,0.3333333333333333,0.5,0.375,0.5,0.6666666666666666,0.2,0.16666666666666666,0.5
Peru,PER,2021,0.769,8.828636517072976,17.322850629306384,UM,21.5,0.13752,95.6,0,0,0,NA,NA,1,0,2016,2024,126,47,0.373015873015873,0.3333333333333333,0.4,0.23529411764705882,0.625,0,0,0,0.6666666666666666,0.45454545454545453,0.3333333333333333,0.6666666666666666,0.5,0.25,0.6666666666666666,0.4,0.25,0.375
Peru,PER,2022,0.746,8.904259687521309,17.343328490633436,UM,21.292,0.16178,96.2,0,0,0,NA,NA,1,0,2016,2024,126,50,0.3968253968253968,0.3333333333333333,0.2,0.47058823529411764,0.25,0,0.14285714285714285,0.25,0.6666666666666666,0.45454545454545453,0.3333333333333333,0.6666666666666666,0.375,0.5,0.6666666666666666,0.2,0.3333333333333333,0.625
Peru,PER,2023,0.699,8.975451239221613,NA,UM,21.078,NA,96.2,0,0,0,NA,NA,1,0,2016,2024,126,76,0.6031746031746031,0.3333333333333333,1,0.5294117647058824,0.75,0.4,0.8571428571428571,0.75,0.6666666666666666,0.36363636363636365,1,0.8333333333333334,0.375,0.25,0.6666666666666666,0.2,0.5,0.75
Philippines,PHL,2015,0.551,7.975859623582742,18.441592618551315,LM,53.716,0.15683,89.1,0,0,0,NA,NA,0,1,2016,2024,126,50,0.3968253968253968,0.3333333333333333,0.3,0.29411764705882354,0.625,0.2,0,0,0.6666666666666666,0.5454545454545454,0.3333333333333333,0.5,0.5,0.5,0.16666666666666666,0.4,0.3333333333333333,0.75
Philippines,PHL,2016,0.518,8.001420564717508,18.456663644118755,LM,53.525,NA,92,0,0,0,NA,NA,1,0,2016,2024,126,59,0.46825396825396826,0.3333333333333333,0.5,0.35294117647058826,0.75,0.2,0.14285714285714285,0,0.7777777777777778,0.5454545454545454,1,0.5,0.5,0.5,0.16666666666666666,0.2,0.5833333333333334,0.625
Philippines,PHL,2017,0.505,8.018994593485031,18.47111642019058,LM,53.318,NA,93,0,0,0,NA,NA,1,0,2016,2024,126,51,0.40476190476190477,0.3333333333333333,0.5,0.23529411764705882,0.625,0.2,0.14285714285714285,0,0.5555555555555556,0.5454545454545454,1,0.5,0.5,0.5,0.16666666666666666,0.2,0.3333333333333333,0.625
Philippines,PHL,2018,0.483,8.061016840337832,18.485076073588523,LM,53.093,0.32222,94.2,-1,0,0,NA,NA,1,0,2016,2024,126,43,0.3412698412698413,0.3333333333333333,0.3,0.4117647058823529,0.25,0.2,0.14285714285714285,0,0.5555555555555556,0.36363636363636365,0.3333333333333333,0.5,0.5,0.5,0,0.4,0.25,0.5
Philippines,PHL,2019,0.451,8.131762888942895,18.498721035821184,LM,52.851,NA,95.3,0,0,0,NA,NA,1,0,2016,2024,126,51,0.40476190476190477,0.3333333333333333,0.4,0.29411764705882354,0.5,0.2,0.14285714285714285,0,0.7777777777777778,0.5454545454545454,1,0.5,0.375,0.5,0.3333333333333333,0.2,0.25,0.625
Philippines,PHL,2020,0.426,8.079487631173368,18.512175335467393,LM,52.592,NA,96.4,0,0,0,NA,NA,1,0,2016,2024,126,58,0.4603174603174603,0.3333333333333333,0.6,0.47058823529411764,0.5,0.2,0.14285714285714285,0,0.7777777777777778,0.5454545454545454,1,0.3333333333333333,0.375,0.5,0.6666666666666666,0.2,0.4166666666666667,0.5
Philippines,PHL,2021,0.43,8.156047106521601,18.52546328261366,LM,52.316,NA,97.5,0,0,0,NA,NA,1,0,2016,2024,126,53,0.42063492063492064,0.3333333333333333,0.4,0.35294117647058826,0.625,0.2,0.14285714285714285,0,0.6666666666666666,0.5454545454545454,0.3333333333333333,0.5,0.5,0.25,0.6666666666666666,0.4,0.3333333333333333,0.5
Philippines,PHL,2022,0.426,8.17415887706056,18.565291857893833,LM,52.023,NA,94.8,0,0,0,NA,NA,1,0,2016,2024,126,52,0.4126984126984127,0.3333333333333333,0.4,0.47058823529411764,0.125,0.2,0.14285714285714285,0.25,0.6666666666666666,0.5454545454545454,1,0.5,0.375,0.5,0.6666666666666666,0.2,0.25,0.5
Philippines,PHL,2023,0.43,8.24403778221864,NA,LM,51.713,NA,98,0,0,0,NA,NA,1,0,2016,2024,126,74,0.5873015873015873,0.3333333333333333,1,0.5294117647058824,0.625,0.4,0.8571428571428571,0.75,0.6666666666666666,0.36363636363636365,1,0.8333333333333334,0.375,0.25,0.6666666666666666,0.2,0.5,0.625
Papua New Guinea,PNG,2015,0.437,7.817865486704355,15.908333665783704,LM,86.988,NA,18.4,0,0,0,NA,NA,0,0,NA,NA,126,67,0.5317460317460317,0.3333333333333333,0.5,0.35294117647058826,1,0.2,0.2857142857142857,0,0.7777777777777778,0.6363636363636364,1,0.5,0.5,0.5,0.16666666666666666,0.6,0.6666666666666666,0.75
Papua New Guinea,PNG,2016,0.437,7.747767289622987,15.928358587129068,LM,86.95,0.03158,13.5,0,0,0,NA,NA,0,0,NA,NA,126,64,0.5079365079365079,0.3333333333333333,0.5,0.4117647058823529,0.75,0.2,0.42857142857142855,0,0.7777777777777778,0.5454545454545454,1,0.5,0.5,0.5,0.16666666666666666,0.4,0.6666666666666666,0.625
Papua New Guinea,PNG,2017,0.439,7.815112348260766,15.948260375093112,LM,86.898,NA,19.2,0,0,0,NA,NA,0,0,NA,NA,126,68,0.5396825396825397,0.3333333333333333,0.4,0.4117647058823529,0.875,0.2,0.42857142857142855,0,0.7777777777777778,0.7272727272727273,1,0.5,0.5,0.5,0.16666666666666666,0.4,0.8333333333333334,0.625
Papua New Guinea,PNG,2018,0.45,7.850247080080502,15.96800783982446,LM,86.831,NA,16.6,0,0,0,NA,NA,0,0,NA,NA,126,65,0.5158730158730159,0.3333333333333333,0.5,0.4117647058823529,0.625,0.2,0.42857142857142855,0,0.6666666666666666,0.8181818181818182,1,0.5,0.5,0.5,0,0.6,0.6666666666666666,0.625
Papua New Guinea,PNG,2019,0.453,7.85390486244746,15.987544840553566,LM,86.75,NA,23.6,0,0,0,NA,NA,0,0,NA,NA,126,70,0.5555555555555556,0.3333333333333333,0.6,0.35294117647058826,1,0.2,0.42857142857142855,0,0.8888888888888888,0.7272727272727273,1,0.5,0.5,0.5,0.3333333333333333,0.4,0.6666666666666666,0.625
Papua New Guinea,PNG,2020,0.455,7.795486583625146,16.0068318562965,LM,86.655,NA,20.5,0,0,0,NA,NA,0,0,NA,NA,126,75,0.5952380952380952,0.3333333333333333,0.6,0.5294117647058824,1,0.2,0.42857142857142855,0,0.8888888888888888,0.7272727272727273,1,0.3333333333333333,0.375,0.5,0.6666666666666666,0.4,0.8333333333333334,0.625
Papua New Guinea,PNG,2021,0.455,7.866177337522981,16.025871255221386,LM,86.544,NA,20.9,0,0,0,NA,NA,0,0,NA,NA,126,72,0.5714285714285714,0.3333333333333333,0.6,0.4117647058823529,1,0.2,0.42857142857142855,0,0.8888888888888888,0.6363636363636364,1,0.5,0.375,0.25,0.6666666666666666,0.6,0.8333333333333334,0.5
Papua New Guinea,PNG,2022,0.469,8.039709055052542,16.132256806801404,LM,86.418,NA,19,0,0,0,NA,NA,0,0,NA,NA,126,76,0.6031746031746031,0.3333333333333333,0.6,0.5882352941176471,1,0.2,0.42857142857142855,0.25,0.7777777777777778,0.6363636363636364,1,0.5,0.375,0.5,0.6666666666666666,0.4,0.8333333333333334,0.625
Papua New Guinea,PNG,2023,0.475,7.992161343734775,NA,LM,86.277,NA,20.5,0,0,0,NA,NA,0,0,NA,NA,126,90,0.7142857142857143,0.3333333333333333,1,0.5882352941176471,1,0.4,0.8571428571428571,0.75,0.7777777777777778,0.5454545454545454,1,0.8333333333333334,0.5,0.5,0.6666666666666666,0.4,0.8333333333333334,0.875
Poland,POL,2015,0.875,9.444425606551738,17.452739074796696,H,39.722,1.00423,100,0,0,0,NA,NA,0,1,2016,2021,126,39,0.30952380952380953,0,0.5,0.17647058823529413,0.375,0.2,0,0,0.4444444444444444,0.2727272727272727,0,0.5,0.375,0.25,0.16666666666666666,0.4,0.25,0.875
Poland,POL,2016,0.728,9.43060065466341,17.45230922348795,H,39.822,0.96821,100,0,0,0,NA,NA,1,0,2016,2021,126,44,0.3492063492063492,0,0.5,0.23529411764705882,0.75,0,0,0,0.5555555555555556,0.09090909090909091,0,0.5,0.375,0.5,0.16666666666666666,0.2,0.5833333333333334,0.75
Poland,POL,2017,0.69,9.540603391962955,17.452434024473796,H,39.895,1.03785,100,0,0,0,NA,NA,1,0,2016,2021,126,37,0.29365079365079366,0,0.5,0.17647058823529413,0.5,0.2,0,0,0.3333333333333333,0.18181818181818182,0,0.5,0.375,0.5,0.16666666666666666,0.2,0.25,0.75
Poland,POL,2018,0.688,9.658750788696908,17.452432023145967,H,39.942,1.2061,100,0,0,0,NA,NA,1,0,2016,2021,126,29,0.23015873015873015,0,0.5,0.23529411764705882,0.125,0,0,0,0.3333333333333333,0.09090909090909091,0,0.5,0.375,0.25,0,0.4,0.16666666666666666,0.5
Poland,POL,2019,0.684,9.672470716221053,17.452187752074973,H,39.963,1.32335,100,0,0,0,NA,NA,1,0,2016,2021,126,37,0.29365079365079366,0,0.6,0.058823529411764705,0.5,0.2,0,0,0.5555555555555556,0.18181818181818182,0,0.5,0.25,0.5,0.3333333333333333,0.2,0.25,0.625
Poland,POL,2020,0.613,9.67956716018404,17.45043713149301,H,39.957,1.38608,100,0,0,0,NA,NA,1,0,2016,2021,126,39,0.30952380952380953,0,0.6,0.29411764705882354,0.5,0,0,0,0.5555555555555556,0.18181818181818182,0,0.16666666666666666,0.25,0.5,0.6666666666666666,0.2,0.25,0.5
Poland,POL,2021,0.587,9.832824205688937,17.447317523958308,H,39.925,1.43183,100,0,0,0,NA,NA,1,0,2016,2021,126,39,0.30952380952380953,0,0.6,0.23529411764705882,0.375,0.2,0,0,0.4444444444444444,0.2727272727272727,0,0.5,0.375,0.25,0.6666666666666666,0.4,0.16666666666666666,0.375
Poland,POL,2022,0.579,9.8464521257212,17.441492783283163,H,39.866,1.45383,100,0,0,1,2023,2024,0,0,NA,NA,126,41,0.3253968253968254,0,0.4,0.4117647058823529,0.125,0,0.14285714285714285,0.25,0.4444444444444444,0.2727272727272727,0.3333333333333333,0.5,0.25,0.5,0.6666666666666666,0.2,0.25,0.5
Poland,POL,2023,0.588,10.001370155820238,NA,H,39.782,NA,100,0,1,0,2023,2024,0,0,NA,NA,126,71,0.5634920634920635,0.3333333333333333,0.9,0.5294117647058824,0.5,0.2,0.8571428571428571,0.75,0.5555555555555556,0.36363636363636365,1,0.6666666666666666,0.5,0.5,0.6666666666666666,0.2,0.4166666666666667,0.75
North Korea,PRK,2015,0.085,NA,17.041712759274855,L,38.723,NA,40,0,0,0,NA,NA,0,0,NA,NA,126,77,0.6111111111111112,1,0.5,0.47058823529411764,1,0.4,0.14285714285714285,0,0.7777777777777778,0.8181818181818182,1,0.6666666666666666,0.5,0.5,0.16666666666666666,0.4,0.8333333333333334,1
North Korea,PRK,2016,0.085,NA,17.046617872240173,L,38.529,NA,42.1,0,0,0,NA,NA,0,0,NA,NA,126,78,0.6190476190476191,1,0.5,0.5294117647058824,1,0.4,0.2857142857142857,0,0.7777777777777778,0.8181818181818182,1,0.6666666666666666,0.5,0.5,0.16666666666666666,0.2,0.8333333333333334,1
North Korea,PRK,2017,0.085,NA,17.05143290182356,L,38.322,NA,44.2,0,0,0,NA,NA,0,0,NA,NA,126,71,0.5634920634920635,1,0.2,0.4117647058823529,1,0.4,0.2857142857142857,0,0.7777777777777778,0.7272727272727273,1,0.6666666666666666,0.5,0.5,0.16666666666666666,0.2,0.75,1
North Korea,PRK,2018,0.085,NA,17.056132453751445,L,38.101,NA,46.3,0,0,0,NA,NA,0,0,NA,NA,126,77,0.6111111111111112,1,0.5,0.5294117647058824,0.875,0.4,0.2857142857142857,0,0.6666666666666666,0.8181818181818182,1,0.6666666666666666,0.5,0.5,0.16666666666666666,0.4,0.8333333333333334,1
North Korea,PRK,2019,0.085,NA,17.060683872771648,L,37.866,NA,48.4,0,0,0,NA,NA,0,0,NA,NA,126,80,0.6349206349206349,1,0.8,0.4117647058823529,1,0.4,0.2857142857142857,0,0.8888888888888888,0.7272727272727273,1,0.6666666666666666,0.5,0.5,0.3333333333333333,0.2,0.8333333333333334,1
North Korea,PRK,2020,0.084,NA,17.06506358855384,L,37.619,NA,50.5,0,0,0,NA,NA,0,0,NA,NA,126,83,0.6587301587301587,1,0.8,0.5882352941176471,1,0.4,0.2857142857142857,0,0.8888888888888888,0.6363636363636364,1,0.5,0.5,0.5,0.6666666666666666,0.2,0.8333333333333334,1
North Korea,PRK,2021,0.084,NA,17.0692532084813,L,37.358,NA,52.6,0,0,0,NA,NA,0,0,NA,NA,126,85,0.6746031746031746,1,0.8,0.5294117647058824,1,0.4,0.2857142857142857,0,0.8888888888888888,0.8181818181818182,1,0.6666666666666666,0.5,0.5,0.6666666666666666,0.4,0.8333333333333334,0.875
North Korea,PRK,2022,0.085,NA,17.07627338443131,L,37.084,NA,54.7,0,0,0,NA,NA,0,0,NA,NA,126,86,0.6825396825396826,1,0.8,0.6470588235294118,1,0.4,0.2857142857142857,0.25,0.7777777777777778,0.7272727272727273,1,0.6666666666666666,0.5,0.5,0.6666666666666666,0.2,0.8333333333333334,1
North Korea,PRK,2023,0.084,NA,NA,L,36.797,NA,57.5,0,0,0,NA,NA,0,0,NA,NA,126,95,0.753968253968254,1,1,0.6470588235294118,1,0.4,0.8571428571428571,0.75,0.8888888888888888,0.6363636363636364,1,0.8333333333333334,0.5,0.5,0.6666666666666666,0.2,0.8333333333333334,1
Portugal,PRT,2015,0.889,9.863487163114282,16.153277063262863,H,36.486,1.2433,100,0,0,0,NA,NA,0,0,NA,NA,126,37,0.29365079365079366,0,0.5,0.11764705882352941,0.125,0.2,0.14285714285714285,0,0.4444444444444444,0.2727272727272727,0,0.5,0.375,0.25,0.16666666666666666,0.4,0.25,0.875
Portugal,PRT,2016,0.889,9.902501110662282,16.150122473092885,H,35.914,1.28075,100,0,0,0,NA,NA,0,0,NA,NA,126,41,0.3253968253968254,0,0.3,0.17647058823529413,0.5,0.2,0.14285714285714285,0,0.5555555555555556,0.09090909090909091,0,0.5,0.375,0.5,0.16666666666666666,0.2,0.5833333333333334,0.75
Portugal,PRT,2017,0.898,9.97312481609124,16.147683578989298,H,35.348,1.31928,100,0,0,0,NA,NA,0,0,NA,NA,126,36,0.2857142857142857,0,0.5,0.11764705882352941,0.5,0.2,0,0,0.3333333333333333,0.18181818181818182,0,0.5,0.375,0.5,0.16666666666666666,0.2,0.25,0.75
Portugal,PRT,2018,0.899,10.066504812521638,16.14608253877783,H,34.789,1.34955,100,0,0,0,NA,NA,0,0,NA,NA,126,30,0.23809523809523808,0,0.5,0.17647058823529413,0.125,0,0.14285714285714285,0,0.3333333333333333,0.09090909090909091,0,0.5,0.375,0.25,0,0.4,0.25,0.5
Portugal,PRT,2019,0.883,10.05806797858068,16.146319873724327,H,34.236,1.39562,100,0,0,0,NA,NA,0,0,NA,NA,126,37,0.29365079365079366,0,0.6,0,0.5,0.2,0.14285714285714285,0,0.5555555555555556,0.18181818181818182,0,0.5,0.25,0.5,0.3333333333333333,0.2,0.25,0.625
Portugal,PRT,2020,0.886,10.012315249019794,16.147371014976795,H,33.69,1.61392,100,0,0,0,NA,NA,0,0,NA,NA,126,39,0.30952380952380953,0,0.6,0.23529411764705882,0.5,0.2,0.14285714285714285,0,0.5555555555555556,0.18181818181818182,0,0.16666666666666666,0.25,0.5,0.6666666666666666,0.2,0.16666666666666666,0.5
Portugal,PRT,2021,0.89,10.115022018828826,16.147598432213243,H,33.151,1.67051,100,0,0,0,NA,NA,0,0,NA,NA,126,38,0.30158730158730157,0,0.6,0.11764705882352941,0.375,0.2,0.14285714285714285,0,0.4444444444444444,0.2727272727272727,0,0.5,0.375,0.25,0.6666666666666666,0.4,0.16666666666666666,0.375
Portugal,PRT,2022,0.844,10.111335502683932,16.15529576638597,H,32.619,1.70179,100,0,0,0,NA,NA,0,0,NA,NA,126,41,0.3253968253968254,0,0.4,0.35294117647058826,0.125,0,0.14285714285714285,0.25,0.4444444444444444,0.2727272727272727,0.3333333333333333,0.5,0.375,0.5,0.6666666666666666,0.2,0.25,0.5
Portugal,PRT,2023,0.845,10.21578453297399,NA,H,32.094,NA,100,0,0,0,NA,NA,0,0,NA,NA,126,74,0.5873015873015873,0.3333333333333333,1,0.47058823529411764,0.75,0.2,0.8571428571428571,0.75,0.5555555555555556,0.36363636363636365,1,0.6666666666666666,0.5,0.5,0.6666666666666666,0.2,0.5,0.75
Paraguay,PRY,2015,0.589,8.679199436423776,15.71593697058841,UM,39.25,0.09674,99.3,0,0,0,NA,NA,0,0,NA,NA,126,62,0.49206349206349204,0.3333333333333333,0.5,0.23529411764705882,0.75,0.2,0,0,0.7777777777777778,0.6363636363636364,0.3333333333333333,0.5,0.5,0.5,1,0.4,0.5833333333333334,0.75
Paraguay,PRY,2016,0.583,8.661321177259037,15.729174631577289,UM,38.974,0.11676,98.4,0,0,0,NA,NA,0,0,NA,NA,126,56,0.4444444444444444,0.3333333333333333,0.2,0.35294117647058826,0.5,0.2,0.14285714285714285,0,0.7777777777777778,0.5454545454545454,0.3333333333333333,0.5,0.5,0.5,1,0.2,0.5,0.625
Paraguay,PRY,2017,0.591,8.724575929456156,15.742246333759075,UM,38.7,0.14888,99.3,0,0,0,NA,NA,0,0,NA,NA,126,62,0.49206349206349204,0.3333333333333333,0.5,0.29411764705882354,0.875,0.2,0.14285714285714285,0,0.6666666666666666,0.6363636363636364,0.3333333333333333,0.5,0.5,0.5,1,0.2,0.5833333333333334,0.625
Paraguay,PRY,2018,0.584,8.7416878161795335,15.755125073901077,UM,38.415,0.14684,99.6,0,0,0,NA,NA,0,0,NA,NA,126,59,0.46825396825396826,0.3333333333333333,0.5,0.35294117647058826,0.75,0.2,0.14285714285714285,0,0.6666666666666666,0.45454545454545453,0.3333333333333333,0.5,0.5,0.5,0.8333333333333334,0.4,0.5833333333333334,0.5
Paraguay,PRY,2019,0.587,8.669258612029509,15.767777459986387,UM,38.121,0.13751,99.7,0,0,0,NA,NA,0,0,NA,NA,126,62,0.49206349206349204,0.3333333333333333,0.6,0.23529411764705882,0.875,0.2,0.14285714285714285,0,0.8888888888888888,0.5454545454545454,0.3333333333333333,0.5,0.375,0.5,1,0.2,0.5833333333333334,0.625
Paraguay,PRY,2020,0.583,8.587739667407815,15.78017656815979,UM,37.817,0.15697,99.7,0,0,0,NA,NA,0,0,NA,NA,126,54,0.42857142857142855,0.3333333333333333,0.6,0.4117647058823529,0.5,0.2,0.14285714285714285,0,0.7777777777777778,0.5454545454545454,0.3333333333333333,0.3333333333333333,0.375,0.5,1,0.2,0.16666666666666666,0.5
Paraguay,PRY,2021,0.583,8.695662638017977,15.79231578664109,UM,37.504,0.14398,100,0,0,0,NA,NA,0,0,NA,NA,126,54,0.42857142857142855,0.3333333333333333,0.6,0.29411764705882354,0.5,0.2,0.14285714285714285,0,0.6666666666666666,0.5454545454545454,0.3333333333333333,0.5,0.5,0.25,1,0.4,0.25,0.5
Paraguay,PRY,2022,0.583,8.733211571519341,15.72959738840946,UM,37.182,0.11944,100,0,0,0,NA,NA,0,0,NA,NA,126,54,0.42857142857142855,0.3333333333333333,0.5,0.5294117647058824,0.125,0.2,0.14285714285714285,0.25,0.6666666666666666,0.5454545454545454,0.3333333333333333,0.5,0.375,0.5,1,0.2,0.25,0.5
Paraguay,PRY,2023,0.579,8.74454406177793,NA,UM,36.851,NA,99.8,0,0,0,NA,NA,0,0,NA,NA,126,81,0.6428571428571429,0.3333333333333333,1,0.5294117647058824,0.625,0.4,0.8571428571428571,0.75,0.6666666666666666,0.5454545454545454,1,0.8333333333333334,0.5,0.5,1,0.2,0.5,0.75
Qatar,QAT,2015,0.042,11.141648640576186,14.757745021891372,H,1.05500000000001,0.51883,100,0,0,0,NA,NA,0,0,NA,NA,126,65,0.5158730158730159,0.3333333333333333,0.7,0.23529411764705882,0.25,0.2,0,0,0.7777777777777778,0.6363636363636364,1,0.8333333333333334,0.5,0.5,0.5,0.6,0.75,0.875
Qatar,QAT,2016,0.041,11.02277851521497,14.791721286994616,H,0.984999999999999,NA,100,0,0,0,NA,NA,0,0,NA,NA,126,63,0.5,0.3333333333333333,0.6,0.29411764705882354,0.625,0.2,0.14285714285714285,0,0.7777777777777778,0.45454545454545453,1,0.8333333333333334,0.5,0.5,0.5,0.4,0.5833333333333334,0.75
Qatar,QAT,2017,0.041,11.055322321939569,14.817878797574542,H,0.921999999999997,NA,100,0,0,0,NA,NA,0,0,NA,NA,126,64,0.5079365079365079,0.3333333333333333,0.7,0.23529411764705882,0.625,0.2,0.14285714285714285,0,0.7777777777777778,0.5454545454545454,0.3333333333333333,0.8333333333333334,0.5,0.5,0.5,0.6,0.6666666666666666,0.75
Qatar,QAT,2018,0.042,11.170996252945326,14.838566338677577,H,0.864999999999995,0.53129,100,0,0,0,NA,NA,0,0,NA,NA,126,61,0.48412698412698413,0.3333333333333333,0.7,0.29411764705882354,0.25,0.2,0.14285714285714285,0,0.6666666666666666,0.45454545454545453,1,0.8333333333333334,0.5,0.5,0.3333333333333333,0.6,0.6666666666666666,0.75
Qatar,QAT,2019,0.04,11.110076452148764,14.856518804102954,H,0.811999999999998,NA,100,0,0,0,NA,NA,0,0,NA,NA,126,63,0.5,0.3333333333333333,0.6,0.23529411764705882,0.625,0.2,0.14285714285714285,0,0.8888888888888888,0.5454545454545454,1,0.8333333333333334,0.5,0.5,0.3333333333333333,0.4,0.6666666666666666,0.625
Qatar,QAT,2020,0.039,10.852893965877517,14.873668839951852,H,0.765000000000001,NA,100,0,0,0,NA,NA,0,0,NA,NA,126,64,0.5079365079365079,0.3333333333333333,0.6,0.4117647058823529,0.625,0.2,0.14285714285714285,0,0.8888888888888888,0.5454545454545454,1,0.5,0.375,0.5,0.6666666666666666,0.6,0.5833333333333334,0.5
Qatar,QAT,2021,0.089,11.180969378852373,14.8906918045938,H,0.721999999999994,0.68058,100,0,0,0,NA,NA,0,0,NA,NA,126,66,0.5238095238095238,0.3333333333333333,0.7,0.29411764705882354,0.625,0.2,0.14285714285714285,0,0.8888888888888888,0.45454545454545453,1,0.8333333333333334,0.5,0.5,0.6666666666666666,0.6,0.6666666666666666,0.5
Qatar,QAT,2022,0.087,11.393031665906792,14.80695403031732,H,0.682000000000002,NA,100,0,0,0,NA,NA,0,0,NA,NA,126,67,0.5317460317460317,0.3333333333333333,0.6,0.5882352941176471,0.25,0.2,0.14285714285714285,0.25,0.7777777777777778,0.6363636363636364,1,0.8333333333333334,0.375,0.5,0.6666666666666666,0.4,0.6666666666666666,0.5
Qatar,QAT,2023,0.087,11.29222735425231,NA,H,0.646000000000001,NA,100,0,0,0,NA,NA,0,0,NA,NA,126,87,0.6904761904761905,0.3333333333333333,1,0.5882352941176471,1,0.4,0.8571428571428571,0.75,0.7777777777777778,0.36363636363636365,1,0.8333333333333334,0.5,0.25,0.6666666666666666,0.6,0.8333333333333334,0.75
Romania,ROU,2015,0.711,9.10242297717598,16.801980871683394,UM,46.113,0.48796,98.8,0,1,0,2003,2016,0,0,NA,NA,126,43,0.3412698412698413,0,0.5,0.11764705882352941,0.125,0.2,0,0,0.6666666666666666,0.36363636363636365,0,0.6666666666666666,0.375,0.5,0.5,0.4,0.25,0.875
Romania,ROU,2016,0.732,9.148947836658383,16.796244263229596,UM,46.1,0.48864,99.1,0,1,0,2003,2016,0,0,NA,NA,126,50,0.3968253968253968,0,0.5,0.17647058823529413,0.5,0.2,0,0,0.7777777777777778,0.2727272727272727,0,0.6666666666666666,0.375,0.5,0.5,0.2,0.5833333333333334,0.875
Romania,ROU,2017,0.695,9.280610765750591,16.79046419307813,UM,46.064,0.50693,100,0,0,0,NA,NA,0,0,NA,NA,126,41,0.3253968253968254,0,0.5,0.11764705882352941,0.5,0.2,0,0,0.5555555555555556,0.18181818181818182,0,0.6666666666666666,0.375,0.5,0.5,0.2,0.25,0.75
Romania,ROU,2018,0.69,9.433664899713172,16.784589260004093,UM,46.002,0.49729,99.8,0,0,1,2019,2020,0,0,NA,NA,126,36,0.2857142857142857,0,0.5,0.17647058823529413,0.125,0,0,0,0.5555555555555556,0.18181818181818182,0,0.6666666666666666,0.375,0.5,0.3333333333333333,0.4,0.25,0.5
Romania,ROU,2019,0.745,9.472091572404468,16.77932111178473,H,45.916,0.47616000000000003,100,0,1,0,2019,2020,0,0,NA,NA,126,41,0.3253968253968254,0,0.6,0,0.5,0.2,0,0,0.7777777777777778,0.18181818181818182,0,0.8333333333333334,0.25,0.5,0.5,0.2,0.25,0.625
Romania,ROU,2020,0.801,9.479015500981411,16.773412191765125,UM,45.806,0.46538,100,0,1,0,2019,2020,0,1,2021,2024,126,44,0.3492063492063492,0,0.6,0.23529411764705882,0.5,0.2,0,0,0.7777777777777778,0.18181818181818182,0,0.6666666666666666,0.25,0.5,0.6666666666666666,0.2,0.25,0.5
Romania,ROU,2021,0.77,9.614924124471235,16.765991563064123,H,45.671,0.47234,100,0,0,0,NA,NA,1,0,2021,2024,126,42,0.3333333333333333,0,0.6,0.11764705882352941,0.375,0.2,0,0,0.6666666666666666,0.2727272727272727,0,0.8333333333333334,0.375,0.5,0.6666666666666666,0.4,0.16666666666666666,0.375
Romania,ROU,2022,0.689,9.6523227100667075,16.757666195446944,H,45.511,0.45881,100,0,0,0,NA,NA,1,0,2021,2024,126,47,0.373015873015873,0,0.4,0.4117647058823529,0.125,0.2,0.14285714285714285,0.25,0.6666666666666666,0.2727272727272727,0.6666666666666666,0.8333333333333334,0.25,0.5,0.6666666666666666,0.2,0.25,0.5
Romania,ROU,2023,0.669,9.820338149787307,NA,H,45.328,NA,100,0,0,0,NA,NA,1,0,2021,2024,126,72,0.5714285714285714,0.3333333333333333,0.9,0.47058823529411764,0.625,0.4,0.8571428571428571,0.75,0.6666666666666666,0.36363636363636365,1,0.8333333333333334,0.375,0.25,0.6666666666666666,0.2,0.4166666666666667,0.75
Russia,RUS,2015,0.264,9.135370444892176,18.78599633970678,UM,25.95,1.10085,95.5,0,0,0,NA,NA,0,0,NA,NA,126,46,0.36507936507936506,0.3333333333333333,0.5,0.23529411764705882,0.5,0.2,0,0,0.5555555555555556,0.36363636363636365,0.3333333333333333,0.5,0.5,0.25,0.16666666666666666,0.4,0.25,0.875
Russia,RUS,2016,0.26,9.066834623641896,18.787698792093764,UM,25.836,1.10238,99.4,0,0,0,NA,NA,0,0,NA,NA,126,49,0.3888888888888889,0,0.5,0.23529411764705882,0.625,0.2,0.14285714285714285,0,0.6666666666666666,0.2727272727272727,0,0.5,0.5,0.5,0.16666666666666666,0.2,0.5833333333333334,0.75
Russia,RUS,2017,0.261,9.274151730982943,18.788767497788065,UM,25.708,1.10967,100,0,0,0,NA,NA,0,0,NA,NA,126,44,0.3492063492063492,0,0.5,0.17647058823529413,0.75,0.2,0.14285714285714285,0,0.4444444444444444,0.36363636363636365,0,0.5,0.5,0.5,0.16666666666666666,0.2,0.25,0.75
Russia,RUS,2018,0.263,9.32472989618029,18.78863682886313,UM,25.567,0.99002,100,0,0,0,NA,NA,0,0,NA,NA,126,42,0.3333333333333333,0.3333333333333333,0.5,0.23529411764705882,0.5,0.2,0.14285714285714285,0,0.4444444444444444,0.2727272727272727,0.3333333333333333,0.5,0.5,0.25,0,0.4,0.25,0.625
Russia,RUS,2019,0.26,9.345544217646117,18.7881411422088,UM,25.413,1.03531,99.8,0,0,0,NA,NA,0,0,NA,NA,126,47,0.373015873015873,0.3333333333333333,0.6,0.11764705882352941,0.625,0.2,0.14285714285714285,0,0.6666666666666666,0.36363636363636365,0.3333333333333333,0.5,0.375,0.5,0.3333333333333333,0.2,0.25,0.75
Russia,RUS,2020,0.258,9.221114833437442,18.785831638320012,UM,25.246,1.09099,99.9,0,0,0,NA,NA,0,0,NA,NA,126,53,0.42063492063492064,0.3333333333333333,0.6,0.4117647058823529,0.75,0.2,0.14285714285714285,0,0.6666666666666666,0.36363636363636365,0.3333333333333333,0.3333333333333333,0.375,0.5,0.6666666666666666,0.2,0.25,0.625
Russia,RUS,2021,0.244,9.435204239497558,18.781469633998416,UM,25.066,0.95857,100,0,0,0,NA,NA,0,0,NA,NA,126,49,0.3888888888888889,0.3333333333333333,0.5,0.29411764705882354,0.625,0.2,0.14285714285714285,0,0.5555555555555556,0.45454545454545453,0.3333333333333333,0.5,0.375,0,0.6666666666666666,0.4,0.25,0.625
Russia,RUS,2022,0.208,9.645056286032588,18.782233921935756,UM,24.874,0.92527,100,0,0,0,NA,NA,0,0,NA,NA,126,59,0.46825396825396826,0.3333333333333333,0.5,0.47058823529411764,0.75,0.2,0.14285714285714285,0.25,0.6666666666666666,0.45454545454545453,1,0.5,0.375,0.5,0.6666666666666666,0.2,0.3333333333333333,0.625
Russia,RUS,2023,0.19,9.533658319045797,NA,H,24.669,NA,100,0,0,0,NA,NA,0,0,NA,NA,126,80,0.6349206349206349,0.3333333333333333,1,0.5882352941176471,0.75,0.4,0.8571428571428571,0.75,0.6666666666666666,0.36363636363636365,1,0.8333333333333334,0.5,0.5,0.6666666666666666,0.2,0.5,0.875
Rwanda,RWA,2015,0.227,6.598507100819742,16.24640671635431,L,82.996,NA,22.8,0,0,0,NA,NA,0,0,NA,NA,126,64,0.5079365079365079,0.3333333333333333,0.3,0.23529411764705882,0.75,0.2,0.2857142857142857,0,0.7777777777777778,0.6363636363636364,1,0.5,0.5,0.5,1,0.4,0.5833333333333334,0.75
Rwanda,RWA,2016,0.225,6.592385624232261,16.272431656468857,L,82.944,0.64945,29.4,0,0,0,NA,NA,0,0,NA,NA,126,63,0.5,0.3333333333333333,0.5,0.35294117647058826,0.625,0.2,0.42857142857142855,0,0.7777777777777778,0.45454545454545453,0.3333333333333333,0.5,0.5,0.5,1,0.2,0.6666666666666666,0.625
Rwanda,RWA,2017,0.223,6.631080408401518,16.298829280996983,L,82.875,NA,34.1,0,0,0,NA,NA,0,0,NA,NA,126,65,0.5158730158730159,0.3333333333333333,0.5,0.29411764705882354,0.625,0.2,0.42857142857142855,0,0.6666666666666666,0.6363636363636364,1,0.5,0.5,0.5,1,0.2,0.6666666666666666,0.625
Rwanda,RWA,2018,0.224,6.648691141699789,16.325269888831816,L,82.789,NA,38,0,0,0,NA,NA,0,0,NA,NA,126,57,0.4523809523809524,0.3333333333333333,0.3,0.35294117647058826,0.5,0.2,0.42857142857142855,0,0.5555555555555556,0.5454545454545454,1,0.5,0.5,0.5,0.8333333333333334,0.4,0.3333333333333333,0.625
Rwanda,RWA,2019,0.228,6.69709772738,16.351343026295513,L,82.687,0.75853,46.6,0,0,0,NA,NA,0,0,NA,NA,126,63,0.5,0.3333333333333333,0.6,0.29411764705882354,0.625,0.2,0.42857142857142855,0,0.7777777777777778,0.6363636363636364,1,0.5,0.375,0.5,1,0.2,0.4166666666666667,0.625
Rwanda,RWA,2020,0.228,6.657627838438186,16.37677691071343,L,82.568,NA,45.2,0,0,0,NA,NA,0,0,NA,NA,126,61,0.48412698412698413,0.3333333333333333,0.3,0.4117647058823529,0.875,0.2,0.42857142857142855,0,0.7777777777777778,0.6363636363636364,1,0.3333333333333333,0.375,0.5,1,0.2,0.3333333333333333,0.5
Rwanda,RWA,2021,0.227,6.720018726888588,16.40150739351631,L,82.432,NA,48.7,0,0,0,NA,NA,0,0,NA,NA,126,64,0.5079365079365079,0.3333333333333333,0.6,0.29411764705882354,0.625,0.2,0.42857142857142855,0,0.7777777777777778,0.6363636363636364,1,0.5,0.5,0.25,1,0.4,0.4166666666666667,0.625
Rwanda,RWA,2022,0.22,6.882918704827297,16.438489172194185,L,82.279,NA,50.6,0,0,0,NA,NA,0,0,NA,NA,126,67,0.5317460317460317,0.3333333333333333,0.5,0.5882352941176471,0.75,0.2,0.42857142857142855,0.25,0.6666666666666666,0.6363636363636364,1,0.5,0.25,0.25,1,0.2,0.5,0.625
Rwanda,RWA,2023,0.214,6.917971840729349,NA,L,82.108,0.79445,63.9,0,0,0,NA,NA,0,0,NA,NA,126,80,0.6349206349206349,0.3333333333333333,1,0.5882352941176471,0.625,0.4,0.8571428571428571,0.75,0.6666666666666666,0.36363636363636365,1,0.8333333333333334,0.5,0.5,1,0.2,0.5,0.75
Saudi Arabia,SAU,2015,0.016,10.019204969603932,17.272384685968646,H,16.82,NA,100,0,0,0,NA,NA,0,0,NA,NA,126,66,0.5238095238095238,1,0.3,0.29411764705882354,0.75,0.2,0.14285714285714285,0,0.7777777777777778,0.6363636363636364,1,0.6666666666666666,0.5,0.5,0.16666666666666666,0.4,0.8333333333333334,0.875
Saudi Arabia,SAU,2016,0.015,9.97653632153934,17.2950089159816,H,16.599,NA,99.9,0,0,0,NA,NA,0,0,NA,NA,126,62,0.49206349206349204,1,0.3,0.35294117647058826,0.625,0.2,0.14285714285714285,0,0.7777777777777778,0.45454545454545453,1,0.6666666666666666,0.5,0.5,0.16666666666666666,0.2,0.8333333333333334,0.75
Saudi Arabia,SAU,2017,0.014,10.04677390860164,17.315079579889897,H,16.378,NA,100,0,0,0,NA,NA,0,0,NA,NA,126,60,0.47619047619047616,1,0.3,0.29411764705882354,0.625,0.2,0.14285714285714285,0,0.6666666666666666,0.5454545454545454,1,0.6666666666666666,0.5,0.5,0.16666666666666666,0.4,0.6666666666666666,0.75
Saudi Arabia,SAU,2018,0.015,10.241245621763014,17.33309020206535,H,16.156,NA,99.9,0,0,0,NA,NA,0,0,NA,NA,126,53,0.42063492063492064,1,0.3,0.35294117647058826,0.375,0.2,0.14285714285714285,0,0.6666666666666666,0.45454545454545453,1,0.6666666666666666,0.5,0.5,0,0.4,0.5,0.5
Saudi Arabia,SAU,2019,0.015,10.236125381130469,17.349737969089443,H,15.935,NA,100,0,0,0,NA,NA,0,0,NA,NA,126,61,0.48412698412698413,1,0.4,0.23529411764705882,0.75,0.2,0.2857142857142857,0,0.8888888888888888,0.5454545454545454,1,0.6666666666666666,0.375,0.5,0.3333333333333333,0.2,0.5833333333333334,0.625
Saudi Arabia,SAU,2020,0.014,10.054980579358688,17.365526342385316,H,15.713,0.49802,100,0,0,0,NA,NA,0,0,NA,NA,126,65,0.5158730158730159,1,0.4,0.47058823529411764,0.5,0.2,0.2857142857142857,0,0.8888888888888888,0.45454545454545453,1,0.3333333333333333,0.375,0.5,0.6666666666666666,0.4,0.8333333333333334,0.5
Saudi Arabia,SAU,2021,0.015,10.25400661254104,17.380545266323224,H,15.492,0.44266,100,0,0,0,NA,NA,0,0,NA,NA,126,66,0.5238095238095238,1,0.5,0.29411764705882354,0.625,0.2,0.2857142857142857,0,0.7777777777777778,0.45454545454545453,1,0.6666666666666666,0.5,0.5,0.6666666666666666,0.4,0.8333333333333334,0.5
Saudi Arabia,SAU,2022,0.015,10.447386062059016,17.41032161094751,H,15.271,0.46317,100,0,0,0,NA,NA,0,0,NA,NA,126,67,0.5317460317460317,1,0.6,0.5294117647058824,0.25,0.2,0.2857142857142857,0.25,0.7777777777777778,0.45454545454545453,1,0.6666666666666666,0.375,0.5,0.6666666666666666,0.2,0.8333333333333334,0.5
Saudi Arabia,SAU,2023,0.015,10.37642320108422,NA,H,15.05,0.56486,100,0,0,0,NA,NA,0,0,NA,NA,126,82,0.6507936507936508,1,1,0.47058823529411764,1,0.4,0.8571428571428571,0.75,0.7777777777777778,0.2727272727272727,1,0.8333333333333334,0.375,0.25,0.6666666666666666,0.4,0.75,0.625
Sudan,SDN,2015,0.236,7.164240479415842,17.476580589778905,LM,66.106,NA,48,0,1,0,1996,2015,0,0,NA,NA,126,69,0.5476190476190477,0.3333333333333333,0.5,0.35294117647058826,0.75,0.2,0.2857142857142857,0,0.7777777777777778,0.7272727272727273,1,0.5,0.5,0.5,0.5,0.4,0.8333333333333334,0.75
Sudan,SDN,2016,0.237,6.940431490835517,17.500568544563553,LM,65.879,NA,50.5,0,0,0,NA,NA,0,0,NA,NA,126,67,0.5317460317460317,0.3333333333333333,0.5,0.4117647058823529,0.75,0.2,0.42857142857142855,0,0.7777777777777778,0.5454545454545454,1,0.5,0.5,0.5,0.5,0.2,0.8333333333333334,0.625
Sudan,SDN,2017,0.246,6.873687171678216,17.524520967821648,LM,65.63,NA,53,0,0,0,NA,NA,0,0,NA,NA,126,69,0.5476190476190477,0.3333333333333333,0.5,0.35294117647058826,0.875,0.2,0.42857142857142855,0,0.7777777777777778,0.6363636363636364,1,0.5,0.5,0.5,0.5,0.4,0.75,0.75
Sudan,SDN,2018,0.246,6.5944510319577505,17.548443547541066,LM,65.358,NA,55.3,0,0,0,NA,NA,0,1,2019,2024,126,66,0.5238095238095238,0.3333333333333333,0.5,0.47058823529411764,0.5,0.2,0.42857142857142855,0,0.6666666666666666,0.5454545454545454,1,0.5,0.375,0.5,0.5,0.4,0.8333333333333334,0.75
Sudan,SDN,2019,0.207,6.56523015365463,17.57235788843709,L,65.064,NA,57.6,0,0,0,NA,NA,1,0,2019,2024,126,71,0.5634920634920635,0.3333333333333333,0.6,0.35294117647058826,0.75,0.2,0.42857142857142855,0,0.8888888888888888,0.6363636363636364,1,0.5,0.5,0.5,0.6666666666666666,0.2,0.8333333333333334,0.75
Sudan,SDN,2020,0.165,6.359219527527266,17.59626860617601,L,64.747,NA,59.7,0,0,0,NA,NA,1,0,2019,2024,126,71,0.5634920634920635,0.3333333333333333,0.6,0.5294117647058824,1,0.4,0.42857142857142855,0,0.7777777777777778,0.6363636363636364,1,0.3333333333333333,0.375,0.5,0.6666666666666666,0.4,0.5,0.75
Sudan,SDN,2021,0.155,6.568249258107697,17.62015659383503,L,64.407,NA,61.8,0,0,0,NA,NA,1,0,2019,2024,126,73,0.5793650793650794,0.3333333333333333,0.6,0.4117647058823529,1,0.4,0.5714285714285714,0,0.7777777777777778,0.8181818181818182,1,0.5,0.5,0.5,0.6666666666666666,0.4,0.5,0.625
Sudan,SDN,2022,0.159,6.952958871466715,17.66297806077733,L,64.044,NA,63.2,0,0,0,NA,NA,1,0,2019,2024,126,75,0.5952380952380952,0.3333333333333333,0.6,0.5882352941176471,1,0.4,0.5714285714285714,0.25,0.6666666666666666,0.8181818181818182,1,0.5,0.375,0.5,0.6666666666666666,0.2,0.5,0.75
Sudan,SDN,2023,0.135,7.688657537667454,NA,L,63.658,NA,66,0,0,0,NA,NA,1,0,2019,2024,126,89,0.7063492063492064,0.3333333333333333,1,0.5882352941176471,1,0.8,0.8571428571428571,0.75,0.7777777777777778,0.6363636363636364,1,0.8333333333333334,0.5,0.5,0.6666666666666666,0.4,0.5,0.875
Senegal,SEN,2015,0.722,7.1049704860239835,16.49505496887976,L,54.138,0.5772,60.5,0,0,0,NA,NA,0,0,NA,NA,126,52,0.4126984126984127,0.3333333333333333,0.3,0.23529411764705882,0.5,0.2,0,0,0.6666666666666666,0.5454545454545454,1,0.5,0.5,0.5,0.16666666666666666,0.4,0.5,0.75
Senegal,SEN,2016,0.721,7.1439647557096855,16.523128265554647,L,53.704,NA,64.5,0,0,0,NA,NA,0,0,NA,NA,126,57,0.4523809523809524,0.3333333333333333,0.3,0.29411764705882354,0.875,0.2,0.14285714285714285,0,0.7777777777777778,0.5454545454545454,1,0.5,0.5,0.5,0.16666666666666666,0.2,0.5833333333333334,0.625
Senegal,SEN,2017,0.7,7.212888085785057,16.551134031577277,L,53.26,NA,61.7,0,0,0,NA,NA,0,0,NA,NA,126,52,0.4126984126984127,0.3333333333333333,0.3,0.23529411764705882,0.875,0.2,0.14285714285714285,0,0.5555555555555556,0.6363636363636364,1,0.5,0.5,0.5,0.16666666666666666,0.2,0.3333333333333333,0.625
Senegal,SEN,2018,0.699,7.281080128943379,16.57895282865332,LM,52.808,NA,66,0,0,0,NA,NA,0,0,NA,NA,126,51,0.40476190476190477,0.3333333333333333,0.3,0.29411764705882354,0.875,0.2,0.14285714285714285,0,0.5555555555555556,0.5454545454545454,0.3333333333333333,0.5,0.5,0.5,0,0.4,0.4166666666666667,0.625
Senegal,SEN,2019,0.725,7.266255458464555,16.606452450682305,LM,52.347,NA,70.4,0,0,0,NA,NA,0,0,NA,NA,126,51,0.40476190476190477,0.3333333333333333,0.3,0.17647058823529413,0.5,0.2,0.14285714285714285,0,0.7777777777777778,0.6363636363636364,1,0.5,0.375,0.5,0.3333333333333333,0.2,0.4166666666666667,0.625
Senegal,SEN,2020,0.74,7.286936097854459,16.633546362497228,LM,51.878,NA,64.3,0,0,0,NA,NA,0,1,2021,2024,126,63,0.5,0.3333333333333333,0.6,0.47058823529411764,0.75,0.2,0.14285714285714285,0,0.7777777777777778,0.6363636363636364,1,0.3333333333333333,0.375,0.5,0.6666666666666666,0.2,0.5,0.625
Senegal,SEN,2021,0.726,7.376574938862674,16.660205267580032,LM,51.4,NA,68,0,0,0,NA,NA,1,0,2021,2024,126,58,0.4603174603174603,0.3333333333333333,0.6,0.35294117647058826,0.625,0.2,0.14285714285714285,0,0.6666666666666666,0.6363636363636364,0.3333333333333333,0.5,0.5,0.5,0.6666666666666666,0.4,0.4166666666666667,0.5
Senegal,SEN,2022,0.688,7.35547829163814,16.667167416983766,LM,50.914,NA,67.9,0,0,0,NA,NA,1,0,2021,2024,126,60,0.47619047619047616,0.3333333333333333,0.5,0.5294117647058824,0.5,0.2,0.14285714285714285,0.25,0.6666666666666666,0.6363636363636364,1,0.5,0.375,0.5,0.6666666666666666,0.2,0.3333333333333333,0.625
Senegal,SEN,2023,0.617,7.442165885557687,NA,LM,50.421,NA,74.2,0,0,0,NA,NA,1,0,2021,2024,126,75,0.5952380952380952,0.3333333333333333,1,0.5294117647058824,0.625,0.4,0.8571428571428571,0.75,0.6666666666666666,0.5454545454545454,1,0.8333333333333334,0.375,0.25,0.6666666666666666,0.2,0.3333333333333333,0.75
Singapore,SGP,2015,0.424,10.926758411269525,15.526602485461757,H,0,2.17445,100,0,0,0,NA,NA,0,0,NA,NA,126,58,0.4603174603174603,1,0.8,0.23529411764705882,0.375,0.2,0,0,0.6666666666666666,0.36363636363636365,1,0.6666666666666666,0.5,0.5,0.6666666666666666,0.6,0.25,0.75
Singapore,SGP,2016,0.432,10.949049182152052,15.539576846455615,H,0,2.07276,100,0,0,0,NA,NA,0,0,NA,NA,126,64,0.5079365079365079,1,0.8,0.29411764705882354,0.625,0.2,0.14285714285714285,0,0.7777777777777778,0.2727272727272727,1,0.6666666666666666,0.5,0.5,0.6666666666666666,0.4,0.5833333333333334,0.625
Singapore,SGP,2017,0.428,11.02128295294747,15.54046280115554,H,0,1.89913,100,0,0,0,NA,NA,0,0,NA,NA,126,58,0.4603174603174603,1,0.8,0.23529411764705882,0.625,0.2,0.14285714285714285,0,0.5555555555555556,0.36363636363636365,1,0.6666666666666666,0.5,0.5,0.6666666666666666,0.4,0.25,0.625
Singapore,SGP,2018,0.415,11.110066517972069,15.54515984414268,H,0,1.80947,100,0,0,0,NA,NA,0,0,NA,NA,126,53,0.42063492063492064,1,0.8,0.29411764705882354,0.125,0.2,0.14285714285714285,0,0.5555555555555556,0.2727272727272727,1,0.6666666666666666,0.5,0.5,0.5,0.6,0.25,0.5
Singapore,SGP,2019,0.411,11.098647435701178,15.556602677211574,H,0,1.88474,100,0,0,0,NA,NA,0,0,NA,NA,126,56,0.4444444444444444,1,0.9,0.17647058823529413,0.5,0.2,0.14285714285714285,0,0.7777777777777778,0.36363636363636365,1,0.6666666666666666,0.375,0.5,0.3333333333333333,0.4,0.25,0.625
Singapore,SGP,2020,0.401,11.026252530501282,15.553483627599066,H,0,2.15626,100,0,0,0,NA,NA,0,0,NA,NA,126,57,0.4523809523809524,1,0.8,0.35294117647058826,0.5,0.2,0.14285714285714285,0,0.7777777777777778,0.36363636363636365,1,0.3333333333333333,0.375,0.5,0.6666666666666666,0.4,0.25,0.5
Singapore,SGP,2021,0.402,11.2847871224287,15.511780264597313,H,0,NA,100,0,0,0,NA,NA,0,0,NA,NA,126,61,0.48412698412698413,1,0.9,0.23529411764705882,0.5,0.2,0.14285714285714285,0,0.6666666666666666,0.5454545454545454,1,0.6666666666666666,0.5,0.5,0.6666666666666666,0.6,0.25,0.5
Singapore,SGP,2022,0.398,11.38995188393504,15.544866469841264,H,0,NA,100,0,0,0,NA,NA,0,0,NA,NA,126,60,0.47619047619047616,1,0.8,0.4117647058823529,0.25,0.2,0.14285714285714285,0.25,0.6666666666666666,0.5454545454545454,1,0.6666666666666666,0.375,0.5,0.6666666666666666,0.4,0.16666666666666666,0.625
Singapore,SGP,2023,0.403,11.347275237129695,NA,H,0,NA,100,0,0,0,NA,NA,0,0,NA,NA,126,79,0.626984126984127,1,1,0.5294117647058824,1,0.4,0.8571428571428571,0.75,0.6666666666666666,0.36363636363636365,1,0.8333333333333334,0.375,0.25,0.6666666666666666,0.4,0.3333333333333333,0.75
Solomon Islands,SLB,2015,0.566,7.623387219545508,13.309893015236122,LM,77.64,NA,55.1,0,1,0,2007,2024,0,0,NA,NA,126,75,0.5952380952380952,0.3333333333333333,0.3,0.4117647058823529,0.75,0.2,0.5714285714285714,0,0.8888888888888888,0.7272727272727273,1,0.5,1,0.75,0.5,0.6,0.6666666666666666,0.75
Solomon Islands,SLB,2016,0.576,7.641386744244795,13.336567894332676,LM,77.177,NA,58.2,0,1,0,2007,2024,0,0,NA,NA,126,82,0.6507936507936508,0.3333333333333333,0.5,0.5294117647058824,1,0.2,0.7142857142857143,0,0.8888888888888888,0.6363636363636364,1,0.5,1,0.75,0.5,0.6,0.8333333333333334,0.625
Solomon Islands,SLB,2017,0.589,7.670230112583435,13.36300101102112,LM,76.714,NA,62.9,0,1,0,2007,2024,0,0,NA,NA,126,78,0.6190476190476191,0.3333333333333333,0.5,0.47058823529411764,0.75,0.2,0.7142857142857143,0,0.8888888888888888,0.7272727272727273,1,0.5,1,0.75,0.5,0.4,0.75,0.625
Solomon Islands,SLB,2018,0.593,7.7311437189217775,13.389111863266496,LM,76.251,NA,65.8,0,1,0,2007,2024,0,0,NA,NA,126,80,0.6349206349206349,0.3333333333333333,0.5,0.5294117647058824,0.625,0.2,0.7142857142857143,0,0.8888888888888888,0.6363636363636364,1,0.5,1,0.75,0.5,0.6,0.9166666666666666,0.625
Solomon Islands,SLB,2019,0.619,7.706912026220717,13.414765791493338,LM,75.79,NA,69.4,0,1,0,2007,2024,0,0,NA,NA,126,81,0.6428571428571429,0.3333333333333333,0.6,0.4117647058823529,0.625,0.2,0.7142857142857143,0,0.8888888888888888,0.7272727272727273,1,0.5,1,0.75,0.6666666666666666,0.6,0.9166666666666666,0.625
Solomon Islands,SLB,2020,0.614,7.632076953423471,13.4399119717374,LM,75.33,NA,72.9,0,1,0,2007,2024,0,0,NA,NA,126,82,0.6507936507936508,0.3333333333333333,0.6,0.5882352941176471,0.75,0.2,0.7142857142857143,0,0.8888888888888888,0.7272727272727273,1,0.3333333333333333,0.875,0.75,0.6666666666666666,0.4,0.9166666666666666,0.625
Solomon Islands,SLB,2021,0.614,7.59933611746857,13.46452653284223,LM,74.872,NA,76.3,0,1,0,2007,2024,0,0,NA,NA,126,84,0.6666666666666666,0.3333333333333333,0.6,0.47058823529411764,1,0.2,0.7142857142857143,0,0.8888888888888888,0.7272727272727273,1,0.5,1,0.75,0.6666666666666666,0.6,0.9166666666666666,0.5
Solomon Islands,SLB,2022,0.614,7.603605798725798,13.492923672117344,LM,74.416,NA,76,0,1,0,2007,2024,0,0,NA,NA,126,91,0.7222222222222222,0.3333333333333333,0.6,0.6470588235294118,1,0.2,1,0.25,0.8888888888888888,0.7272727272727273,1,0.6666666666666666,0.875,0.75,0.6666666666666666,0.6,0.9166666666666666,0.625
Solomon Islands,SLB,2023,0.619,7.621506966717226,NA,LM,73.963,NA,81.3,0,1,0,2007,2024,0,0,NA,NA,126,92,0.7301587301587301,0.3333333333333333,1,0.6470588235294118,0.625,0.4,1,0.75,0.7777777777777778,0.45454545454545453,1,0.8333333333333334,1,0.5,0.6666666666666666,0.4,0.9166666666666666,0.75
Sierra Leone,SLE,2015,0.504,6.851341707266644,15.78568242539465,L,59.171,NA,19.7,0,0,0,NA,NA,0,0,NA,NA,126,56,0.4444444444444444,0.3333333333333333,0.5,0.29411764705882354,0.625,0.2,0,0,0.6666666666666666,0.7272727272727273,1,0.5,0.5,0.5,0.16666666666666666,0.4,0.25,0.875
Sierra Leone,SLE,2016,0.504,6.731771534121429,15.807328626270795,L,58.772,NA,20.3,0,0,0,NA,NA,0,0,NA,NA,126,62,0.49206349206349204,0.3333333333333333,0.5,0.35294117647058826,0.625,0.2,0.14285714285714285,0,0.7777777777777778,0.6363636363636364,1,0.5,0.5,0.5,0.16666666666666666,0.2,0.75,0.75
Sierra Leone,SLE,2017,0.503,6.670115750969528,15.828869320086376,L,58.364,NA,23.4,0,0,0,NA,NA,0,0,NA,NA,126,49,0.3888888888888889,0.3333333333333333,0.3,0.23529411764705882,0.5,0.2,0.14285714285714285,0,0.5555555555555556,0.7272727272727273,1,0.5,0.375,0.5,0.16666666666666666,0.2,0.25,0.75
Sierra Leone,SLE,2018,0.538,6.740418338546321,15.850235682737225,L,57.945,NA,26.1,0,0,0,NA,NA,0,0,NA,NA,126,52,0.4126984126984127,0.3333333333333333,0.4,0.35294117647058826,0.625,0.2,0.14285714285714285,0,0.5555555555555556,0.6363636363636364,0.3333333333333333,0.5,0.5,0.5,0,0.4,0.3333333333333333,0.75
Sierra Leone,SLE,2019,0.542,6.737811817259226,15.871326064932278,L,57.516,NA,22.7,0,0,0,NA,NA,0,0,NA,NA,126,57,0.4523809523809524,0.3333333333333333,0.4,0.23529411764705882,0.75,0.2,0.14285714285714285,0,0.7777777777777778,0.6363636363636364,1,0.5,0.5,0.5,0.3333333333333333,0.2,0.4166666666666667,0.75
Sierra Leone,SLE,2020,0.546,6.739707962309142,15.892071078485332,L,57.077,NA,26.3,0,0,0,NA,NA,0,0,NA,NA,126,64,0.5079365079365079,0.3333333333333333,0.6,0.47058823529411764,0.75,0.2,0.14285714285714285,0,0.7777777777777778,0.6363636363636364,1,0.5,0.375,0.5,0.6666666666666666,0.2,0.4166666666666667,0.75
Sierra Leone,SLE,2021,0.547,6.7857958388143205,15.912465712084735,L,56.628,NA,27.5,0,0,0,NA,NA,0,0,NA,NA,126,58,0.4603174603174603,0.3333333333333333,0.3,0.35294117647058826,0.625,0.2,0.14285714285714285,0,0.6666666666666666,0.7272727272727273,1,0.5,0.5,0.5,0.6666666666666666,0.4,0.3333333333333333,0.625
Sierra Leone,SLE,2022,0.562,6.757084568365398,15.967937424007411,L,56.169,NA,29.4,0,0,0,NA,NA,0,1,2023,2024,126,65,0.5158730158730159,0.3333333333333333,0.6,0.5294117647058824,0.75,0.2,0.14285714285714285,0.25,0.6666666666666666,0.7272727272727273,1,0.5,0.375,0.5,0.6666666666666666,0.2,0.3333333333333333,0.75
Sierra Leone,SLE,2023,0.497,6.630496476355338,NA,L,55.7,NA,35.5,-1,0,0,NA,NA,1,0,2023,2024,126,81,0.6428571428571429,0.3333333333333333,1,0.5294117647058824,0.875,0.4,0.8571428571428571,0.75,0.6666666666666666,0.6363636363636364,1,0.8333333333333334,0.5,0.25,0.6666666666666666,0.2,0.5,0.75
El Salvador,SLV,2015,0.659,8.240211238886557,15.660039722829657,LM,30.3,0.14348,95.4,0,0,0,NA,NA,0,0,NA,NA,126,51,0.40476190476190477,0.3333333333333333,0.5,0.23529411764705882,0.5,0.2,0.2857142857142857,0,0.6666666666666666,0.5454545454545454,0.3333333333333333,0.5,0.5,0.5,0.16666666666666666,0.4,0.25,0.75
El Salvador,SLV,2016,0.665,8.269075401296217,15.664931360843203,LM,29.499,0.14493,96,0,0,0,NA,NA,0,0,NA,NA,126,55,0.4365079365079365,0.3333333333333333,0.5,0.29411764705882354,0.5,0.2,0.42857142857142855,0,0.7777777777777778,0.45454545454545453,0.3333333333333333,0.5,0.5,0.5,0.16666666666666666,0.2,0.5833333333333334,0.625
El Salvador,SLV,2017,0.672,8.299068702011816,15.66995119952501,LM,28.725,0.18078,96.8,0,0,0,NA,NA,0,1,2018,2024,126,49,0.3888888888888889,0.3333333333333333,0.5,0.23529411764705882,0.5,0.2,0.42857142857142855,0,0.5555555555555556,0.5454545454545454,0.3333333333333333,0.5,0.5,0.5,0.16666666666666666,0.2,0.25,0.625
El Salvador,SLV,2018,0.643,8.338914541449718,15.675043933821176,LM,27.977,0.16531,97,0,0,0,NA,NA,1,0,2018,2024,126,49,0.3888888888888889,0.3333333333333333,0.5,0.29411764705882354,0.5,0.2,0.42857142857142855,0,0.5555555555555556,0.45454545454545453,0.3333333333333333,0.5,0.5,0.5,0,0.4,0.25,0.625
El Salvador,SLV,2019,0.6,8.371037698234305,15.680140924961156,LM,27.254,0.17477,97.4,0,0,0,NA,NA,1,0,2018,2024,126,52,0.4126984126984127,0.3333333333333333,0.6,0.23529411764705882,0.625,0.2,0.42857142857142855,0,0.7777777777777778,0.5454545454545454,0.3333333333333333,0.5,0.375,0.5,0.3333333333333333,0.2,0.16666666666666666,0.625
El Salvador,SLV,2020,0.522,8.293347592724427,15.685187555193462,LM,26.556,0.16299,99.7,0,0,0,NA,NA,1,0,2018,2024,126,59,0.46825396825396826,0.3333333333333333,0.6,0.4117647058823529,0.5,0.2,0.42857142857142855,0,0.7777777777777778,0.5454545454545454,1,0.3333333333333333,0.375,0.5,0.6666666666666666,0.2,0.4166666666666667,0.5
El Salvador,SLV,2021,0.406,8.443031433723792,15.69015484608497,LM,25.882,0.16252,97.9,-1,0,0,NA,NA,1,0,2018,2024,126,55,0.4365079365079365,0.3333333333333333,0.5,0.29411764705882354,0.5,0.2,0.42857142857142855,0,0.6666666666666666,0.5454545454545454,0.3333333333333333,0.5,0.5,0.5,0.6666666666666666,0.4,0.3333333333333333,0.5
El Salvador,SLV,2022,0.39,8.535724096494828,15.66182007924948,UM,25.233,0.1428,100,0,0,0,NA,NA,1,0,2018,2024,126,54,0.42857142857142855,0.3333333333333333,0.5,0.5294117647058824,0.125,0.2,0.42857142857142855,0.25,0.6666666666666666,0.5454545454545454,0.3333333333333333,0.5,0.375,0.5,0.6666666666666666,0.2,0.25,0.5
El Salvador,SLV,2023,0.388,8.592499023078283,NA,UM,24.607,NA,98.3,0,0,0,NA,NA,1,0,2018,2024,126,75,0.5952380952380952,0.3333333333333333,1,0.5294117647058824,0.5,0.4,0.8571428571428571,0.75,0.6666666666666666,0.45454545454545453,1,0.8333333333333334,0.5,0.25,0.6666666666666666,0.2,0.5,0.625
Somalia,SOM,2015,0.17,6.099383713475511,16.439976520903866,L,56.755,NA,51.2,0,0,0,NA,NA,0,0,NA,NA,126,73,0.5793650793650794,0.3333333333333333,0.5,0.4117647058823529,1,0.4,0.14285714285714285,0,0.7777777777777778,0.7272727272727273,1,0.5,0.5,0.5,0.3333333333333333,0.4,0.8333333333333334,1
Somalia,SOM,2016,0.169,6.133242915997616,16.4677403908206,L,56.184,NA,51.1,0,0,0,NA,NA,0,0,NA,NA,126,72,0.5714285714285714,0.3333333333333333,0.5,0.4117647058823529,1,0.4,0.2857142857142857,0,0.7777777777777778,0.6363636363636364,1,0.5,0.5,0.5,0.3333333333333333,0.2,0.8333333333333334,1
Somalia,SOM,2017,0.175,6.236252074492741,16.49578968788109,L,55.609,NA,52.1,0,0,0,NA,NA,0,0,NA,NA,126,70,0.5555555555555556,0.3333333333333333,0.5,0.35294117647058826,1,0.4,0.2857142857142857,0,0.7777777777777778,0.7272727272727273,1,0.5,0.5,0.5,0.3333333333333333,0.2,0.8333333333333334,0.75
Somalia,SOM,2018,0.158,6.233480493971262,16.52410894212003,L,55.029,NA,50.7,0,0,0,NA,NA,0,0,NA,NA,126,72,0.5714285714285714,0.3333333333333333,0.4,0.47058823529411764,1,0.4,0.2857142857142857,0,0.6666666666666666,0.8181818181818182,1,0.5,0.5,0.5,0.3333333333333333,0.4,0.8333333333333334,0.75
Somalia,SOM,2019,0.152,6.29137269730184,16.552660297286398,L,54.446,NA,49.2,0,0,0,NA,NA,0,0,NA,NA,126,73,0.5793650793650794,0.3333333333333333,0.6,0.35294117647058826,1,0.4,0.2857142857142857,0,0.8888888888888888,0.8181818181818182,1,0.5,0.5,0.5,0.3333333333333333,0.2,0.8333333333333334,0.75
Somalia,SOM,2020,0.16,6.250331893902689,16.581403098235437,L,53.859,NA,49.9,0,0,0,NA,NA,0,0,NA,NA,126,76,0.6031746031746031,0.3333333333333333,0.6,0.5882352941176471,1,0.4,0.2857142857142857,0,0.8888888888888888,0.6363636363636364,1,0.5,0.375,0.5,0.6666666666666666,0.2,0.8333333333333334,0.75
Somalia,SOM,2021,0.167,6.308307424224856,16.61031932632465,L,53.269,NA,49.3,0,0,0,NA,NA,0,0,NA,NA,126,78,0.6190476190476191,0.3333333333333333,0.6,0.47058823529411764,1,0.4,0.2857142857142857,0,0.8888888888888888,0.8181818181818182,1,0.5,0.5,0.5,0.6666666666666666,0.4,0.8333333333333334,0.75
Somalia,SOM,2022,0.163,6.351109238852224,16.68326802955302,L,52.676,NA,48.9,0,0,0,NA,NA,0,0,NA,NA,126,77,0.6111111111111112,0.3333333333333333,0.6,0.6470588235294118,0.875,0.2,0.2857142857142857,0.25,0.7777777777777778,0.7272727272727273,1,0.5,0.375,0.5,0.6666666666666666,0.2,0.8333333333333334,0.875
Somalia,SOM,2023,0.172,6.3926854188403865,NA,L,52.08,NA,50.3,0,0,0,NA,NA,0,0,NA,NA,126,89,0.7063492063492064,0.3333333333333333,1,0.6470588235294118,1,0.4,0.8571428571428571,0.75,0.7777777777777778,0.5454545454545454,1,0.8333333333333334,0.5,0.25,0.6666666666666666,0.2,0.8333333333333334,0.875
Serbia,SRB,2015,0.427,8.669110789714694,15.77495484879656,UM,44.304,0.8109,99.9,0,0,0,NA,NA,1,0,2010,2024,126,58,0.4603174603174603,0.3333333333333333,0.5,0.29411764705882354,0.625,0.2,0,0,0.6666666666666666,0.5454545454545454,0.3333333333333333,0.6666666666666666,0.625,0.5,1,0.4,0.25,0.75
Serbia,SRB,2016,0.416,8.696572139814966,15.769717904165931,UM,44.19,0.83822,99.9,0,0,0,NA,NA,1,0,2010,2024,126,60,0.47619047619047616,0.3333333333333333,0.5,0.35294117647058826,0.5,0.2,0.14285714285714285,0,0.7777777777777778,0.36363636363636365,0.3333333333333333,0.6666666666666666,0.625,0.5,1,0.2,0.5833333333333334,0.625
Serbia,SRB,2017,0.378,8.786920518499892,15.76439599075569,UM,44.058,0.87238,100,0,0,0,NA,NA,1,0,2010,2024,126,54,0.42857142857142855,0.3333333333333333,0.5,0.23529411764705882,0.625,0.2,0.14285714285714285,0,0.5555555555555556,0.45454545454545453,0.3333333333333333,0.6666666666666666,0.625,0.5,1,0.2,0.25,0.625
Serbia,SRB,2018,0.359,8.930608169667519,15.758932471069352,UM,43.908,0.91891,100,0,0,0,NA,NA,1,0,2010,2024,126,52,0.4126984126984127,0.3333333333333333,0.5,0.29411764705882354,0.25,0.2,0.14285714285714285,0,0.5555555555555556,0.45454545454545453,0.3333333333333333,0.6666666666666666,0.625,0.5,0.8333333333333334,0.4,0.25,0.625
Serbia,SRB,2019,0.368,8.956174695232601,15.753566370891129,UM,43.74,0.88667,99.8,0,0,0,NA,NA,1,0,2010,2024,126,48,0.38095238095238093,0.3333333333333333,0.3,0.11764705882352941,0.5,0.2,0.14285714285714285,0,0.7777777777777778,0.45454545454545453,0.3333333333333333,0.6666666666666666,0.5,0.5,1,0.2,0.08333333333333333,0.625
Serbia,SRB,2020,0.354,8.999460014018098,15.74690529487792,UM,43.554,0.90558,100,0,0,0,NA,NA,1,0,2010,2024,126,58,0.4603174603174603,0.3333333333333333,0.6,0.35294117647058826,0.625,0.2,0.14285714285714285,0,0.7777777777777778,0.5454545454545454,0.3333333333333333,0.5,0.5,0.5,1,0.2,0.25,0.625
Serbia,SRB,2021,0.34,9.177871722274917,15.738894310773228,UM,43.349,0.99379,100,0,0,0,NA,NA,1,0,2010,2024,126,55,0.4365079365079365,0.3333333333333333,0.6,0.23529411764705882,0.625,0.2,0.14285714285714285,0,0.6666666666666666,0.45454545454545453,0.3333333333333333,0.6666666666666666,0.625,0.5,1,0.4,0.16666666666666666,0.5
Serbia,SRB,2022,0.36,9.212634623168096,15.726546317758816,UM,43.127,0.96616,100,0,0,0,NA,NA,1,0,2010,2024,126,57,0.4523809523809524,0.3333333333333333,0.5,0.47058823529411764,0.25,0.2,0.14285714285714285,0.25,0.6666666666666666,0.45454545454545453,1,0.6666666666666666,0.5,0.5,1,0.2,0.25,0.5
Serbia,SRB,2023,0.364,9.41584982040465,NA,UM,42.887,0.95005,100,0,0,0,NA,NA,1,0,2010,2024,126,79,0.626984126984127,0.3333333333333333,0.9,0.5294117647058824,1,0.4,0.8571428571428571,0.75,0.6666666666666666,0.2727272727272727,1,0.8333333333333334,0.5,0.25,1,0.2,0.4166666666666667,0.875
South Sudan,SSD,2015,0.171,6.984852594165869,16.187216500922343,L,81.148,NA,4.8,0,0,0,NA,NA,0,0,NA,NA,126,76,0.6031746031746031,0.3333333333333333,0.7,0.35294117647058826,0.75,0.2,0.2857142857142857,0,0.7777777777777778,0.7272727272727273,1,0.5,0.625,0.5,1,0.4,0.75,1
South Sudan,SSD,2016,0.163,NA,16.198063278890366,L,80.908,NA,5.3,0,0,0,NA,NA,0,0,NA,NA,126,78,0.6190476190476191,0.3333333333333333,0.7,0.4117647058823529,1,0.2,0.42857142857142855,0,0.7777777777777778,0.7272727272727273,0.3333333333333333,0.5,0.625,0.5,1,0.4,0.8333333333333334,0.875
South Sudan,SSD,2017,0.16,NA,16.205261299380833,L,80.654,NA,4.2,0,0,0,NA,NA,0,0,NA,NA,126,76,0.6031746031746031,0.3333333333333333,0.7,0.35294117647058826,1,0.2,0.42857142857142855,0,0.6666666666666666,0.7272727272727273,1,0.5,0.625,0.5,1,0.2,0.8333333333333334,0.75
South Sudan,SSD,2018,0.157,NA,16.21121470472558,L,80.385,NA,6.3,0,0,0,NA,NA,0,0,NA,NA,126,76,0.6031746031746031,0.3333333333333333,0.7,0.4117647058823529,0.875,0.2,0.42857142857142855,0,0.6666666666666666,0.7272727272727273,1,0.5,0.625,0.5,0.8333333333333334,0.4,0.8333333333333334,0.75
South Sudan,SSD,2019,0.164,NA,16.219036675034193,L,80.101,NA,6.8,0,0,0,NA,NA,0,0,NA,NA,126,77,0.6111111111111112,0.3333333333333333,0.7,0.29411764705882354,1,0.2,0.42857142857142855,0,0.8888888888888888,0.7272727272727273,1,0.5,0.625,0.5,1,0.4,0.75,0.75
South Sudan,SSD,2020,0.173,NA,16.230864268742497,L,79.801,NA,7.3,0,0,0,NA,NA,0,0,NA,NA,126,77,0.6111111111111112,0.3333333333333333,0.6,0.47058823529411764,1,0.2,0.42857142857142855,0,0.8888888888888888,0.6363636363636364,1,0.5,0.5,0.5,1,0.2,0.8333333333333334,0.75
South Sudan,SSD,2021,0.131,NA,16.247488981099806,L,79.486,NA,7.7,0,0,0,NA,NA,0,0,NA,NA,126,77,0.6111111111111112,0.3333333333333333,0.6,0.4117647058823529,1,0.2,0.42857142857142855,0,0.7777777777777778,0.8181818181818182,1,0.5,0.625,0.5,1,0.4,0.75,0.625
South Sudan,SSD,2022,0.128,NA,16.205480324930626,L,79.154,NA,8.4,0,0,0,NA,NA,0,0,NA,NA,126,82,0.6507936507936508,0.3333333333333333,0.6,0.5882352941176471,1,0.2,0.42857142857142855,0.25,0.7777777777777778,0.8181818181818182,1,0.5,0.5,0.5,1,0.4,0.8333333333333334,0.75
South Sudan,SSD,2023,0.143,NA,NA,L,78.805,NA,5.4,0,0,0,NA,NA,0,0,NA,NA,126,95,0.753968253968254,0.3333333333333333,1,0.5882352941176471,1,0.4,0.8571428571428571,0.75,0.8888888888888888,0.7272727272727273,1,0.8333333333333334,0.625,0.5,1,0.2,0.8333333333333334,0.875
São Tomé & Príncipe,STP,2015,0.695,7.168664228068648,12.20326370414556,LM,29.826,NA,67.3,0,0,0,NA,NA,0,0,NA,NA,126,75,0.5952380952380952,0.3333333333333333,0.5,0.4117647058823529,0.625,0.2,0.14285714285714285,0,0.8888888888888888,0.7272727272727273,1,0.6666666666666666,1,0.75,0.5,0.4,0.75,0.875
São Tomé & Príncipe,STP,2016,0.682,7.268829657899317,12.22204933580328,LM,28.908,NA,69.4,0,0,0,NA,NA,0,0,NA,NA,126,80,0.6349206349206349,0.3333333333333333,0.5,0.5294117647058824,1,0.2,0.2857142857142857,0,0.8888888888888888,0.6363636363636364,1,0.6666666666666666,1,0.75,0.5,0.4,0.8333333333333334,0.75
São Tomé & Príncipe,STP,2017,0.671,7.349741805294486,12.240889444905536,LM,28.032,NA,74.3,0,0,0,NA,NA,0,0,NA,NA,126,74,0.5873015873015873,0.3333333333333333,0.5,0.4117647058823529,0.75,0.2,0.2857142857142857,0,0.8888888888888888,0.7272727272727273,0.3333333333333333,0.6666666666666666,1,0.75,0.5,0.4,0.75,0.75
São Tomé & Príncipe,STP,2018,0.674,7.509663824638036,12.259765059726949,LM,27.197,NA,71,0,0,0,NA,NA,0,0,NA,NA,126,73,0.5793650793650794,0.3333333333333333,0.5,0.47058823529411764,0.625,0.2,0.2857142857142857,0,0.8888888888888888,0.6363636363636364,1,0.6666666666666666,0.875,0.75,0.3333333333333333,0.4,0.75,0.75
São Tomé & Príncipe,STP,2019,0.703,7.5680141092320845,12.278616538005885,LM,26.402,NA,75.1,0,0,0,NA,NA,0,0,NA,NA,126,72,0.5714285714285714,0.3333333333333333,0.3,0.35294117647058826,0.5,0.2,0.2857142857142857,0,0.8888888888888888,0.7272727272727273,1,0.6666666666666666,1,0.75,0.6666666666666666,0.4,0.75,0.75
São Tomé & Príncipe,STP,2020,0.693,7.681200527531475,12.29756189851838,LM,25.646,NA,76.8,0,0,0,NA,NA,0,0,NA,NA,126,84,0.6666666666666666,0.3333333333333333,0.6,0.5882352941176471,1,0.2,0.2857142857142857,0,0.8888888888888888,0.7272727272727273,1,0.6666666666666666,0.875,0.75,0.6666666666666666,0.4,0.9166666666666666,0.75
São Tomé & Príncipe,STP,2021,0.69,7.767513022479412,12.316558006705248,LM,24.927,NA,78.5,0,0,0,NA,NA,0,0,NA,NA,126,80,0.6349206349206349,0.3333333333333333,0.6,0.47058823529411764,0.75,0.2,0.2857142857142857,0,0.8888888888888888,0.7272727272727273,1,0.6666666666666666,1,0.75,0.6666666666666666,0.4,0.9166666666666666,0.625
São Tomé & Príncipe,STP,2022,0.679,7.7789387217294115,12.334377905683098,LM,24.245,NA,78,0,0,0,NA,NA,0,0,NA,NA,126,85,0.6746031746031746,0.3333333333333333,0.6,0.6470588235294118,0.875,0.2,0.2857142857142857,0.25,0.8888888888888888,0.7272727272727273,1,0.6666666666666666,0.875,0.75,0.6666666666666666,0.4,0.9166666666666666,0.75
São Tomé & Príncipe,STP,2023,0.675,7.986482336802488,NA,LM,23.599,NA,81.3,0,0,0,NA,NA,0,0,NA,NA,126,99,0.7857142857142857,0.3333333333333333,1,0.6470588235294118,1,0.4,1,0.75,0.7777777777777778,0.6363636363636364,1,1,1,0.5,0.6666666666666666,0.4,0.9166666666666666,0.875
Suriname,SUR,2015,0.759,9.08405319698813,13.234148014138764,UM,33.944,NA,95,0,0,0,NA,NA,0,0,NA,NA,126,64,0.5079365079365079,0.3333333333333333,0.5,0.23529411764705882,0.625,0.2,0.14285714285714285,0,0.7777777777777778,0.7272727272727273,1,0.5,1,0.75,0.16666666666666666,0.4,0.4166666666666667,0.875
Suriname,SUR,2016,0.765,8.63838483002388,13.24437390903861,UM,33.96,NA,95.8,0,0,0,NA,NA,0,0,NA,NA,126,72,0.5714285714285714,0.3333333333333333,0.5,0.4117647058823529,0.625,0.2,0.2857142857142857,0,0.8888888888888888,0.7272727272727273,1,0.5,1,0.75,0.16666666666666666,0.4,0.75,0.75
Suriname,SUR,2017,0.756,8.707734421613246,13.25427020113111,UM,33.959,NA,96.6,0,0,0,NA,NA,0,0,NA,NA,126,62,0.49206349206349204,0.3333333333333333,0.5,0.35294117647058826,0.625,0.2,0.2857142857142857,0,0.7777777777777778,0.7272727272727273,1,0.5,0.875,0.75,0.16666666666666666,0.2,0.25,0.75
Suriname,SUR,2018,0.751,8.804736524994226,13.26384036997889,UM,33.94,NA,97.4,0,0,0,NA,NA,0,0,NA,NA,126,57,0.4523809523809524,0.3333333333333333,0.2,0.35294117647058826,0.5,0.2,0.2857142857142857,0,0.7777777777777778,0.7272727272727273,1,0.5,1,0.75,0,0.4,0.08333333333333333,0.75
Suriname,SUR,2019,0.742,8.799309969103707,13.27313062559095,UM,33.905,NA,97.9,0,0,0,NA,NA,0,0,NA,NA,126,65,0.5158730158730159,0.3333333333333333,0.6,0.29411764705882354,0.625,0.2,0.2857142857142857,0,0.7777777777777778,0.7272727272727273,1,0.5,1,0.75,0.3333333333333333,0.4,0.25,0.75
Suriname,SUR,2020,0.754,8.467034456751277,13.282156394977752,UM,33.851,NA,98.4,0,0,0,NA,NA,0,0,NA,NA,126,68,0.5396825396825397,0.3333333333333333,0.6,0.47058823529411764,0.625,0.2,0.2857142857142857,0,0.7777777777777778,0.7272727272727273,1,0.5,0.875,0.75,0.6666666666666666,0.2,0.25,0.75
Suriname,SUR,2021,0.75,8.523145120492384,13.290920639422428,UM,33.781,NA,98.8,0,0,0,NA,NA,0,0,NA,NA,126,65,0.5158730158730159,0.3333333333333333,0.6,0.29411764705882354,0.5,0.2,0.2857142857142857,0,0.7777777777777778,0.7272727272727273,1,0.5,1,0.75,0.6666666666666666,0.4,0.25,0.625
Suriname,SUR,2022,0.775,8.713489768957622,13.334308459264356,UM,33.693,NA,99,0,0,0,NA,NA,0,0,NA,NA,126,72,0.5714285714285714,0.3333333333333333,0.6,0.5882352941176471,1,0.2,0.2857142857142857,0.25,0.7777777777777778,0.7272727272727273,0.3333333333333333,0.5,0.75,0.75,0.6666666666666666,0.4,0.25,0.75
Suriname,SUR,2023,0.753,8.611425352913024,NA,UM,33.589,NA,99.6,0,0,0,NA,NA,0,0,NA,NA,126,89,0.7063492063492064,0.3333333333333333,1,0.5882352941176471,1,0.4,1,0.75,0.6666666666666666,0.6363636363636364,1,0.8333333333333334,1,0.5,0.6666666666666666,0.2,0.5,0.75
Slovakia,SVK,2015,0.845,9.70759894348388,15.506307419138755,H,46.111,1.15727,100,0,0,0,NA,NA,0,0,NA,NA,126,45,0.35714285714285715,0,0.5,0.11764705882352941,0.125,0,0,0,0.5555555555555556,0.2727272727272727,0,0.5,0.375,0.25,1,0.4,0.5833333333333334,0.875
Slovakia,SVK,2016,0.841,9.719328923958631,15.507596642438328,H,46.194,0.78857,100,0,0,0,NA,NA,0,0,NA,NA,126,47,0.373015873015873,0,0.5,0.17647058823529413,0.5,0,0,0,0.5555555555555556,0.09090909090909091,0,0.6666666666666666,0.375,0.5,1,0.2,0.5833333333333334,0.75
Slovakia,SVK,2017,0.841,9.7782377651286,15.509148432395202,H,46.249,0.88456,100,0,0,0,NA,NA,0,0,NA,NA,126,46,0.36507936507936506,0,0.5,0.11764705882352941,0.5,0,0,0,0.4444444444444444,0.18181818181818182,0,0.6666666666666666,0.375,0.5,1,0.2,0.5833333333333334,0.75
Slovakia,SVK,2018,0.82,9.88192533476823,15.510533513991314,H,46.274,0.83555,100,0,0,0,NA,NA,0,0,NA,NA,126,39,0.30952380952380953,0,0.5,0.17647058823529413,0.125,0,0,0,0.4444444444444444,0.09090909090909091,0,0.5,0.375,0.25,0.8333333333333334,0.4,0.5833333333333334,0.5
Slovakia,SVK,2019,0.846,9.87334061433153,15.511886794719723,H,46.271,0.8224,100,0,0,0,NA,NA,0,0,NA,NA,126,44,0.3492063492063492,0,0.5,0,0.5,0,0,0,0.6666666666666666,0.18181818181818182,0,0.6666666666666666,0.25,0.5,1,0.2,0.5833333333333334,0.625
Slovakia,SVK,2020,0.851,9.890173605478257,15.512744489475873,H,46.24,0.89773,100,0,0,0,NA,NA,0,0,NA,NA,126,42,0.3333333333333333,0,0.6,0.23529411764705882,0.5,0,0,0,0.5555555555555556,0.18181818181818182,0,0.5,0.25,0.5,1,0.2,0.25,0.5
Slovakia,SVK,2021,0.851,10.005059675387134,15.510620901399763,H,46.18,0.91611,100,0,0,0,NA,NA,0,0,NA,NA,126,39,0.30952380952380953,0,0.6,0.11764705882352941,0.375,0,0,0,0.4444444444444444,0.2727272727272727,0,0.6666666666666666,0.375,0.25,1,0.4,0.16666666666666666,0.375
Slovakia,SVK,2022,0.842,9.968468163593798,15.507772291802878,H,46.091,0.97939,100,0,0,0,NA,NA,0,0,NA,NA,126,42,0.3333333333333333,0,0.4,0.35294117647058826,0.125,0,0.14285714285714285,0.25,0.4444444444444444,0.2727272727272727,0.3333333333333333,0.6666666666666666,0.25,0.5,1,0.2,0.16666666666666666,0.5
Slovakia,SVK,2023,0.823,10.106076383154807,NA,H,45.973,NA,100,0,0,0,NA,NA,0,0,NA,NA,126,67,0.5317460317460317,0.3333333333333333,0.9,0.47058823529411764,0.5,0.2,0.8571428571428571,0.75,0.5555555555555556,0.36363636363636365,1,0.6666666666666666,0.375,0.25,1,0.2,0.16666666666666666,0.75
Slovenia,SVN,2015,0.874,9.937757320828416,14.539929151081072,H,46.219,2.19565,100,0,0,0,NA,NA,1,0,2011,2021,126,40,0.31746031746031744,0,0.5,0.17647058823529413,0.125,0.2,0,0,0.4444444444444444,0.36363636363636365,0,0.6666666666666666,0.375,0.25,0.3333333333333333,0.4,0.25,0.875
Slovenia,SVN,2016,0.862,9.973379116478016,14.540661123153487,H,45.98,2.00764,100,0,0,0,NA,NA,1,0,2011,2021,126,46,0.36507936507936506,0,0.5,0.23529411764705882,0.5,0.2,0,0,0.5555555555555556,0.18181818181818182,0,0.6666666666666666,0.375,0.5,0.3333333333333333,0.2,0.5833333333333334,0.75
Slovenia,SVN,2017,0.843,10.056340721388542,14.541312713545976,H,45.727,1.8653,100,0,0,0,NA,NA,1,0,2011,2021,126,40,0.31746031746031744,0,0.5,0.17647058823529413,0.5,0.2,0,0,0.3333333333333333,0.2727272727272727,0,0.6666666666666666,0.375,0.5,0.3333333333333333,0.2,0.25,0.75
Slovenia,SVN,2018,0.832,10.16153667824648,14.544938557497323,H,45.459,1.94593,100,0,0,0,NA,NA,1,0,2011,2021,126,32,0.25396825396825395,0,0.5,0.23529411764705882,0.125,0,0,0,0.3333333333333333,0.09090909090909091,0,0.6666666666666666,0.375,0.25,0.16666666666666666,0.4,0.25,0.5
Slovenia,SVN,2019,0.811,10.158678795361997,14.551901597960658,H,45.178,2.03922,100,0,0,0,NA,NA,1,0,2011,2021,126,38,0.30158730158730157,0,0.5,0.058823529411764705,0.5,0.2,0,0,0.5555555555555556,0.2727272727272727,0,0.6666666666666666,0.25,0.5,0.3333333333333333,0.2,0.25,0.625
Slovenia,SVN,2020,0.761,10.14219200695635,14.558599144522308,H,44.882,2.14156,100,0,0,0,NA,NA,1,0,2011,2021,126,41,0.3253968253968254,0,0.6,0.29411764705882354,0.5,0.2,0,0,0.5555555555555556,0.18181818181818182,0,0.3333333333333333,0.25,0.5,0.6666666666666666,0.2,0.25,0.5
Slovenia,SVN,2021,0.716,10.281491339197814,14.560779015039945,H,44.573,2.128,100,0,0,0,NA,NA,1,0,2011,2021,126,40,0.31746031746031744,0,0.6,0.17647058823529413,0.5,0.2,0,0,0.4444444444444444,0.2727272727272727,0,0.6666666666666666,0.375,0.25,0.6666666666666666,0.4,0.16666666666666666,0.375
Slovenia,SVN,2022,0.812,10.253222810509374,14.561597376943409,H,44.249,2.09525,100,0,0,0,NA,NA,0,0,NA,NA,126,43,0.3412698412698413,0,0.4,0.5294117647058824,0.125,0,0.14285714285714285,0.25,0.4444444444444444,0.2727272727272727,0.3333333333333333,0.6666666666666666,0.25,0.5,0.6666666666666666,0.2,0.16666666666666666,0.5
Slovenia,SVN,2023,0.758,10.392377670188193,NA,H,43.912,NA,100,0,0,0,NA,NA,0,0,NA,NA,126,69,0.5476190476190477,0.3333333333333333,0.9,0.5294117647058824,0.5,0.2,0.8571428571428571,0.75,0.5555555555555556,0.36363636363636365,1,0.6666666666666666,0.375,0.25,0.6666666666666666,0.2,0.4166666666666667,0.75
Sweden,SWE,2015,0.915,10.843454828392368,16.097809878966537,H,13.447,3.21903,100,0,0,0,NA,NA,0,0,NA,NA,126,36,0.2857142857142857,0,0.5,0.17647058823529413,0.125,0,0,0,0.4444444444444444,0.2727272727272727,0,0.5,0.375,0.25,0.16666666666666666,0.4,0.25,0.875
Sweden,SWE,2016,0.914,10.855539120045806,16.110374418817567,H,13.148,3.24736,100,0,0,0,NA,NA,0,0,NA,NA,126,42,0.3333333333333333,0,0.5,0.23529411764705882,0.5,0,0,0,0.5555555555555556,0.09090909090909091,0,0.5,0.375,0.5,0.16666666666666666,0.2,0.5833333333333334,0.75
Sweden,SWE,2017,0.914,10.883707721281189,16.12384886941319,H,12.854,3.36279,100,0,0,0,NA,NA,0,0,NA,NA,126,36,0.2857142857142857,0,0.5,0.17647058823529413,0.5,0,0,0,0.3333333333333333,0.18181818181818182,0,0.5,0.375,0.5,0.16666666666666666,0.2,0.25,0.75
Sweden,SWE,2018,0.909,10.90010231214039,16.135465321012795,H,12.569,3.32106,100,0,0,0,NA,NA,0,0,NA,NA,126,30,0.23809523809523808,0,0.5,0.23529411764705882,0.125,0,0,0,0.3333333333333333,0.09090909090909091,0,0.5,0.375,0.25,0,0.4,0.25,0.5
Sweden,SWE,2019,0.901,10.854624954214422,16.145602543647346,H,12.292,3.38758,100,0,0,0,NA,NA,0,0,NA,NA,126,36,0.2857142857142857,0,0.5,0.11764705882352941,0.5,0,0,0,0.5555555555555556,0.18181818181818182,0,0.5,0.25,0.5,0.3333333333333333,0.2,0.25,0.625
Sweden,SWE,2020,0.901,10.87149286525423,16.152829582776178,H,12.023,3.4896,100,0,0,0,NA,NA,0,0,NA,NA,126,39,0.30952380952380953,0,0.6,0.29411764705882354,0.5,0,0,0,0.5555555555555556,0.18181818181818182,0,0.16666666666666666,0.25,0.5,0.6666666666666666,0.2,0.25,0.5
Sweden,SWE,2021,0.901,11.021493365548167,16.158835498104573,H,11.762,3.40216,100,0,0,0,NA,NA,0,0,NA,NA,126,37,0.29365079365079366,0,0.6,0.17647058823529413,0.375,0,0.14285714285714285,0,0.4444444444444444,0.2727272727272727,0,0.5,0.375,0.25,0.6666666666666666,0.4,0.08333333333333333,0.375
Sweden,SWE,2022,0.896,10.920472799900612,16.165641326787558,H,11.508,3.40822,100,0,0,0,NA,NA,0,0,NA,NA,126,40,0.31746031746031744,0,0.4,0.35294117647058826,0.125,0,0.14285714285714285,0.25,0.4444444444444444,0.2727272727272727,0.3333333333333333,0.5,0.25,0.5,0.6666666666666666,0.2,0.25,0.5
Sweden,SWE,2023,0.884,10.924441613730185,NA,H,11.262,NA,100,0,0,0,NA,NA,0,0,NA,NA,126,70,0.5555555555555556,0.3333333333333333,0.9,0.47058823529411764,0.5,0.2,0.8571428571428571,0.75,0.5555555555555556,0.36363636363636365,1,0.6666666666666666,0.5,0.5,0.6666666666666666,0.2,0.4166666666666667,0.75
Eswatini,SWZ,2015,0.13,8.129627040361548,13.914484925516668,LM,76.7,0.26754,64.1,0,0,0,NA,NA,0,0,NA,NA,126,77,0.6111111111111112,0.3333333333333333,0.5,0.4117647058823529,0.75,0.2,0.42857142857142855,0,0.8888888888888888,0.5454545454545454,1,0.5,1,0.75,1,0.4,0.75,0.75
Eswatini,SWZ,2016,0.13,8.078353302140304,13.923462313458453,LM,76.541,NA,63.4,0,0,0,NA,NA,0,0,NA,NA,126,79,0.626984126984127,0.3333333333333333,0.5,0.47058823529411764,0.75,0.2,0.5714285714285714,0,0.8888888888888888,0.7272727272727273,0.3333333333333333,0.5,1,0.75,1,0.4,0.8333333333333334,0.625
Eswatini,SWZ,2017,0.132,8.250992324372218,13.93312291238878,LM,76.375,NA,73.5,0,0,0,NA,NA,0,0,NA,NA,126,78,0.6190476190476191,0.3333333333333333,0.5,0.4117647058823529,0.75,0.2,0.5714285714285714,0,0.8888888888888888,0.7272727272727273,1,0.5,1,0.75,1,0.2,0.75,0.625
Eswatini,SWZ,2018,0.13,8.29056998612195,13.943265046362969,LM,76.201,NA,74,0,0,0,NA,NA,0,0,NA,NA,126,79,0.626984126984127,0.3333333333333333,0.5,0.4117647058823529,0.875,0.2,0.5714285714285714,0,0.8888888888888888,0.7272727272727273,1,0.5,1,0.75,0.8333333333333334,0.4,0.75,0.625
Eswatini,SWZ,2019,0.134,8.267276803820877,13.953647702809668,LM,76.019,NA,77,0,0,0,NA,NA,0,0,NA,NA,126,78,0.6190476190476191,0.3333333333333333,0.6,0.29411764705882354,0.75,0.2,0.5714285714285714,0,0.8888888888888888,0.7272727272727273,1,0.5,0.875,0.75,1,0.4,0.8333333333333334,0.625
Eswatini,SWZ,2020,0.132,8.143901421853352,13.96407193239978,LM,75.829,NA,80,0,0,0,NA,NA,0,0,NA,NA,126,81,0.6428571428571429,0.3333333333333333,0.6,0.47058823529411764,0.875,0.2,0.5714285714285714,0,0.8888888888888888,0.7272727272727273,1,0.5,0.875,0.75,1,0.2,0.8333333333333334,0.625
Eswatini,SWZ,2021,0.119,8.275500379883072,13.974537045981744,LM,75.631,NA,82.9,0,0,0,NA,NA,0,0,NA,NA,126,77,0.6111111111111112,0.3333333333333333,0.5,0.35294117647058826,1,0.2,0.5714285714285714,0,0.8888888888888888,0.7272727272727273,1,0.5,1,0.75,1,0.4,0.5833333333333334,0.5
Eswatini,SWZ,2022,0.118,8.25637002942008,13.999222813954333,LM,75.424,NA,82.3,0,0,0,NA,NA,0,0,NA,NA,126,79,0.626984126984127,0.3333333333333333,0.6,0.5294117647058824,0.875,0.2,0.5714285714285714,0.25,0.6666666666666666,0.7272727272727273,1,0.5,0.875,0.75,1,0.4,0.5,0.75
Eswatini,SWZ,2023,0.124,8.191631678936746,NA,LM,75.21,NA,86.4,0,0,0,NA,NA,0,0,NA,NA,126,94,0.746031746031746,0.3333333333333333,1,0.5294117647058824,1,0.4,1,0.75,0.7777777777777778,0.6363636363636364,1,0.8333333333333334,0.875,0.5,1,0.2,0.8333333333333334,0.75
Seychelles,SYC,2015,0.518,9.63776950647502,11.444850029652844,H,44.6,NA,100,1,1,0,2013,2024,0,0,NA,NA,126,80,0.6349206349206349,0.3333333333333333,0.5,0.4117647058823529,0.75,0.6,0.5714285714285714,0,1,0.7272727272727273,1,0.6666666666666666,1,0.75,0.3333333333333333,0.4,0.75,0.75
Seychelles,SYC,2016,0.592,9.715167717989308,11.458226377447843,H,44.169,0.2017,100,0,1,0,2013,2024,0,0,NA,NA,126,80,0.6349206349206349,0.3333333333333333,0.6,0.47058823529411764,0.625,0.6,0.7142857142857143,0,1,0.5454545454545454,1,0.6666666666666666,1,0.75,0.3333333333333333,0.4,0.75,0.75
Seychelles,SYC,2017,0.609,9.768833540867725,11.470466715029657,H,43.739,NA,100,0,1,0,2013,2024,0,0,NA,NA,126,77,0.6111111111111112,0.3333333333333333,0.6,0.4117647058823529,0.625,0.6,0.7142857142857143,0,1,0.6363636363636364,1,0.6666666666666666,1,0.75,0.3333333333333333,0.4,0.5833333333333334,0.625
Seychelles,SYC,2018,0.611,9.822290189546305,11.480009634208573,H,43.309,NA,100,0,1,0,2013,2024,0,0,NA,NA,126,75,0.5952380952380952,0.3333333333333333,0.6,0.47058823529411764,0.625,0.6,0.7142857142857143,0,1,0.6363636363636364,0.3333333333333333,0.6666666666666666,1,0.75,0.3333333333333333,0.4,0.5833333333333334,0.5
Seychelles,SYC,2019,0.623,9.85961465196054,11.488888887141988,H,42.881,NA,100,0,1,0,2013,2024,0,0,NA,NA,126,78,0.6190476190476191,0.3333333333333333,0.7,0.29411764705882354,0.625,0.6,0.7142857142857143,0,1,0.6363636363636364,1,0.6666666666666666,1,0.75,0.3333333333333333,0.4,0.75,0.625
Seychelles,SYC,2020,0.668,9.549770758240973,11.497425965923275,H,42.454,NA,100,0,1,0,2013,2024,0,0,NA,NA,126,80,0.6349206349206349,0.3333333333333333,0.7,0.47058823529411764,0.5,0.6,0.7142857142857143,0,1,0.6363636363636364,1,0.6666666666666666,0.875,0.75,0.6666666666666666,0.4,0.75,0.5
Seychelles,SYC,2021,0.712,9.6146655739715,11.50491345436005,H,42.028,NA,100,0,1,0,2013,2024,0,0,NA,NA,126,80,0.6349206349206349,0.3333333333333333,0.7,0.35294117647058826,0.625,0.6,0.7142857142857143,0,1,0.6363636363636364,1,0.6666666666666666,1,0.75,0.6666666666666666,0.4,0.75,0.5
Seychelles,SYC,2022,0.759,9.750755340041575,11.513525285042196,H,41.604,NA,100,0,1,0,2013,2024,0,0,NA,NA,126,81,0.6428571428571429,0.3333333333333333,0.6,0.5294117647058824,0.625,0.6,0.7142857142857143,0.25,1,0.6363636363636364,1,0.6666666666666666,0.875,0.75,0.6666666666666666,0.4,0.5833333333333334,0.625
Seychelles,SYC,2023,0.743,9.7913955226555,NA,H,41.18,NA,100,0,1,0,2013,2024,0,0,NA,NA,126,96,0.7619047619047619,0.3333333333333333,1,0.6470588235294118,0.625,0.8,1,0.75,0.8888888888888888,0.5454545454545454,1,0.8333333333333334,1,0.5,0.6666666666666666,0.4,0.8333333333333334,0.875
Syria,SYR,2015,0.138,6.7425641138880925,16.705738472182098,LM,47.832,0.01942,90,0,0,0,NA,NA,0,0,NA,NA,126,69,0.5476190476190477,0.3333333333333333,0.5,0.35294117647058826,1,0.2,0.2857142857142857,0,0.7777777777777778,0.5454545454545454,1,0.5,0.5,0.5,0.3333333333333333,0.4,0.8333333333333334,0.875
Syria,SYR,2016,0.137,6.486692748952661,16.675741900625955,LM,47.165,NA,89.8,0,0,0,NA,NA,0,0,NA,NA,126,71,0.5634920634920635,0.3333333333333333,0.5,0.4117647058823529,1,0.2,0.42857142857142855,0,0.7777777777777778,0.6363636363636364,1,0.5,0.5,0.5,0.3333333333333333,0.2,0.8333333333333334,0.875
Syria,SYR,2017,0.138,6.747001855120522,16.654335714539595,L,46.5,NA,89.6,0,0,0,NA,NA,0,0,NA,NA,126,69,0.5476190476190477,0.3333333333333333,0.5,0.35294117647058826,1,0.2,0.42857142857142855,0,0.7777777777777778,0.6363636363636364,1,0.5,0.5,0.5,0.3333333333333333,0.2,0.8333333333333334,0.75
Syria,SYR,2018,0.137,7.001306516390242,16.645487021913024,L,45.838,NA,86,0,0,0,NA,NA,0,0,NA,NA,126,68,0.5396825396825397,0.3333333333333333,0.5,0.4117647058823529,1,0.2,0.42857142857142855,0,0.6666666666666666,0.5454545454545454,1,0.5,0.5,0.5,0.16666666666666666,0.4,0.8333333333333334,0.75
Syria,SYR,2019,0.138,7.011700127055301,16.6528408276054,L,45.179,NA,89.2,0,0,0,NA,NA,0,0,NA,NA,126,70,0.5555555555555556,0.3333333333333333,0.5,0.35294117647058826,1,0.2,0.42857142857142855,0,0.8888888888888888,0.6363636363636364,1,0.5,0.5,0.5,0.3333333333333333,0.2,0.8333333333333334,0.75
Syria,SYR,2020,0.139,6.349759934568653,16.67774898104617,L,44.525,NA,89,0,0,0,NA,NA,0,0,NA,NA,126,73,0.5793650793650794,0.3333333333333333,0.6,0.5294117647058824,0.625,0.2,0.42857142857142855,0,0.8888888888888888,0.7272727272727273,1,0.5,0.375,0.5,0.6666666666666666,0.2,0.8333333333333334,0.75
Syria,SYR,2021,0.138,6.497701025385449,16.72108308542996,L,43.876,NA,88.8,0,0,0,NA,NA,0,0,NA,NA,126,71,0.5634920634920635,0.3333333333333333,0.6,0.4117647058823529,0.5,0.2,0.42857142857142855,0,0.8888888888888888,0.7272727272727273,1,0.5,0.5,0.5,0.6666666666666666,0.4,0.8333333333333334,0.625
Syria,SYR,2022,0.138,6.95813607837273,16.912230003032228,L,43.231,0.07306,89,0,0,0,NA,NA,0,0,NA,NA,126,70,0.5555555555555556,0.3333333333333333,0.6,0.5882352941176471,0.625,0.2,0.42857142857142855,0.25,0.6666666666666666,0.6363636363636364,0.3333333333333333,0.5,0.375,0.5,0.6666666666666666,0.2,0.8333333333333334,0.75
Syria,SYR,2023,0.146,NA,NA,L,42.591,NA,88.4,0,0,0,NA,NA,0,0,NA,NA,126,87,0.6904761904761905,0.3333333333333333,1,0.5882352941176471,0.625,0.4,0.8571428571428571,0.75,0.8888888888888888,0.5454545454545454,1,0.8333333333333334,0.5,0.5,0.6666666666666666,0.2,0.8333333333333334,0.875
Chad,TCD,2015,0.281,6.61685262401741,16.462463137903494,L,77.485,NA,7.7,0,0,0,NA,NA,0,0,NA,NA,126,63,0.5,0.3333333333333333,0.3,0.23529411764705882,0.5,0.2,0,0,0.7777777777777778,0.6363636363636364,1,0.5,0.5,0.5,1,0.4,0.75,0.875
Chad,TCD,2016,0.281,6.504405885320916,16.49390246787608,L,77.323,0.3005,9.2,0,0,0,NA,NA,0,1,2017,2022,126,67,0.5317460317460317,0.3333333333333333,0.5,0.4117647058823529,0.5,0.2,0.14285714285714285,0,0.7777777777777778,0.5454545454545454,1,0.5,0.5,0.5,1,0.2,0.8333333333333334,0.75
Chad,TCD,2017,0.269,6.4616510479129445,16.52467753523977,L,77.142,NA,10.9,0,0,0,NA,NA,1,0,2017,2022,126,64,0.5079365079365079,0.3333333333333333,0.3,0.29411764705882354,0.625,0.2,0.14285714285714285,0,0.6666666666666666,0.6363636363636364,1,0.5,0.5,0.5,1,0.2,0.8333333333333334,0.75
Chad,TCD,2018,0.268,6.5448357261376895,16.55491258071927,L,76.941,NA,10.1,0,0,0,NA,NA,1,0,2017,2022,126,62,0.49206349206349204,0.3333333333333333,0.3,0.35294117647058826,0.625,0.2,0.14285714285714285,0,0.6666666666666666,0.5454545454545454,0.3333333333333333,0.5,0.5,0.5,1,0.4,0.75,0.75
Chad,TCD,2019,0.273,6.519356758182863,16.584773882191854,L,76.721,NA,8.4,0,0,0,NA,NA,1,0,2017,2022,126,65,0.5158730158730159,0.3333333333333333,0.4,0.23529411764705882,0.625,0.2,0.14285714285714285,0,0.8888888888888888,0.7272727272727273,1,0.5,0.5,0.5,1,0.2,0.6666666666666666,0.75
Chad,TCD,2020,0.271,6.433093687695282,16.61436741929316,L,76.48,NA,10.9,0,0,0,NA,NA,1,0,2017,2022,126,72,0.5714285714285714,0.3333333333333333,0.4,0.47058823529411764,1,0.2,0.14285714285714285,0,0.8888888888888888,0.6363636363636364,1,0.5,0.375,0.5,1,0.2,0.8333333333333334,0.75
Chad,TCD,2021,0.167,6.4933713046672,16.643710473409676,L,76.219,NA,11.3,0,0,0,NA,NA,1,0,2017,2022,126,68,0.5396825396825397,0.3333333333333333,0.4,0.35294117647058826,0.625,0.2,0.14285714285714285,0,0.8888888888888888,0.6363636363636364,1,0.5,0.5,0.5,1,0.4,0.8333333333333334,0.625
Chad,TCD,2022,0.146,6.509841806761196,16.690391562393973,L,75.937,NA,11.7,0,0,0,NA,NA,1,0,2017,2022,126,66,0.5238095238095238,0.3333333333333333,0.3,0.5294117647058824,0.625,0.2,0.14285714285714285,0.25,0.6666666666666666,0.6363636363636364,0.3333333333333333,0.5,0.375,0.5,1,0.2,0.8333333333333334,0.75
Chad,TCD,2023,0.148,6.52303335262187,NA,L,75.634,NA,12,0,0,0,NA,NA,0,0,NA,NA,126,88,0.6984126984126984,0.3333333333333333,1,0.5294117647058824,0.75,0.4,0.8571428571428571,0.75,0.7777777777777778,0.5454545454545454,1,0.8333333333333334,0.5,0.5,1,0.2,0.8333333333333334,0.875
Togo,TGO,2015,0.48,6.621475429755693,15.806552759879631,L,59.9,NA,44.7,0,0,0,NA,NA,0,0,NA,NA,126,62,0.49206349206349204,0.3333333333333333,0.5,0.29411764705882354,0.625,0.2,0,0,0.7777777777777778,0.7272727272727273,0.3333333333333333,0.5,0.5,0.5,0.5,0.6,0.6666666666666666,0.75
Togo,TGO,2016,0.489,6.64973787643633,15.831739632241865,L,59.372,NA,46.8,0,0,0,NA,NA,0,0,NA,NA,126,64,0.5079365079365079,0.3333333333333333,0.5,0.35294117647058826,0.75,0.2,0.14285714285714285,0,0.7777777777777778,0.5454545454545454,1,0.5,0.5,0.5,0.5,0.4,0.75,0.625
Togo,TGO,2017,0.462,6.6755274492730425,15.85653294515683,L,58.838,NA,48,0,0,0,NA,NA,0,0,NA,NA,126,57,0.4523809523809524,0.3333333333333333,0.2,0.29411764705882354,0.625,0.2,0.14285714285714285,0,0.6666666666666666,0.6363636363636364,1,0.5,0.5,0.5,0.5,0.4,0.5833333333333334,0.625
Togo,TGO,2018,0.453,6.746565826396981,15.880991984088636,L,58.298,NA,50,0,0,0,NA,NA,0,0,NA,NA,126,56,0.4444444444444444,0.3333333333333333,0.5,0.4117647058823529,0.625,0.2,0.14285714285714285,0,0.5555555555555556,0.5454545454545454,0.3333333333333333,0.5,0.5,0.5,0.3333333333333333,0.6,0.4166666666666667,0.625
Togo,TGO,2019,0.412,6.716910285606212,15.905194343332123,L,57.752,NA,52.5,0,0,0,NA,NA,0,0,NA,NA,126,59,0.46825396825396826,0.3333333333333333,0.6,0.29411764705882354,0.5,0.2,0.14285714285714285,0,0.7777777777777778,0.6363636363636364,1,0.5,0.375,0.5,0.5,0.4,0.5,0.625
Togo,TGO,2020,0.457,6.749437184549563,15.929200978494723,L,57.2,NA,54.1,0,0,0,NA,NA,0,0,NA,NA,126,64,0.5079365079365079,0.3333333333333333,0.5,0.47058823529411764,0.75,0.2,0.14285714285714285,0,0.7777777777777778,0.6363636363636364,1,0.3333333333333333,0.375,0.5,0.8333333333333334,0.4,0.5,0.625
Togo,TGO,2021,0.423,6.845468486187081,15.953013674955368,L,56.642,NA,55.7,0,0,0,NA,NA,0,0,NA,NA,126,59,0.46825396825396826,0.3333333333333333,0.6,0.35294117647058826,0.625,0.2,0.14285714285714285,0,0.6666666666666666,0.6363636363636364,0.3333333333333333,0.5,0.5,0.5,0.8333333333333334,0.6,0.3333333333333333,0.5
Togo,TGO,2022,0.424,6.8010139820399935,15.995781000528003,L,56.079,NA,57.2,0,0,0,NA,NA,0,0,NA,NA,126,67,0.5317460317460317,0.3333333333333333,0.6,0.5294117647058824,0.75,0.2,0.14285714285714285,0.25,0.6666666666666666,0.6363636363636364,1,0.5,0.375,0.5,0.8333333333333334,0.4,0.5,0.625
Togo,TGO,2023,0.416,6.893349525182361,NA,L,55.51,NA,59.2,0,0,0,NA,NA,0,0,NA,NA,126,80,0.6349206349206349,0.3333333333333333,1,0.5294117647058824,0.625,0.4,0.8571428571428571,0.75,0.6666666666666666,0.45454545454545453,1,0.8333333333333334,0.5,0.25,0.8333333333333334,0.4,0.5,0.875
Thailand,THA,2015,0.149,8.646263987304684,18.045471074019353,UM,52.306,0.61609,99.6,0,0,0,NA,NA,0,0,NA,NA,126,51,0.40476190476190477,0.3333333333333333,0.5,0.29411764705882354,0.375,0.2,0.14285714285714285,0,0.6666666666666666,0.5454545454545454,0.3333333333333333,0.5,0.5,0.5,0.16666666666666666,0.4,0.3333333333333333,0.75
Thailand,THA,2016,0.153,8.671385668541404,18.049201222488847,UM,51.552,0.77829,99.9,0,0,0,NA,NA,0,0,NA,NA,126,54,0.42857142857142855,0.3333333333333333,0.3,0.29411764705882354,0.75,0.2,0.2857142857142857,0,0.7777777777777778,0.36363636363636365,0.3333333333333333,0.5,0.5,0.5,0.16666666666666666,0.2,0.6666666666666666,0.625
Thailand,THA,2017,0.147,8.766096777618005,18.05265327468798,UM,50.8,1.00166,99.9,0,0,1,2018,2024,0,0,NA,NA,126,50,0.3968253968253968,0.3333333333333333,0.5,0.29411764705882354,0.625,0.2,0.2857142857142857,0,0.5555555555555556,0.45454545454545453,0.3333333333333333,0.5,0.5,0.5,0.16666666666666666,0.2,0.3333333333333333,0.625
Thailand,THA,2018,0.166,8.867818583801547,18.05580734145,UM,50.051,1.11374,99.8,0,1,0,2018,2024,0,0,NA,NA,126,47,0.373015873015873,0.3333333333333333,0.5,0.35294117647058826,0.25,0.2,0.2857142857142857,0,0.5555555555555556,0.36363636363636365,0.3333333333333333,0.5,0.5,0.5,0,0.4,0.4166666666666667,0.5
Thailand,THA,2019,0.205,8.936652795239153,18.05864260088067,UM,49.308,1.14317,99.9,0,1,0,2018,2024,0,0,NA,NA,126,49,0.3888888888888889,0.3333333333333333,0.4,0.17647058823529413,0.625,0.2,0.2857142857142857,0,0.7777777777777778,0.45454545454545453,0.3333333333333333,0.5,0.375,0.5,0.3333333333333333,0.2,0.3333333333333333,0.625
Thailand,THA,2020,0.192,8.851612456275147,18.061144252546303,UM,48.57,1.32818,100,0,1,0,2018,2024,0,0,NA,NA,126,56,0.4444444444444444,0.3333333333333333,0.6,0.4117647058823529,0.625,0.2,0.2857142857142857,0,0.7777777777777778,0.45454545454545453,0.3333333333333333,0.5,0.375,0.5,0.6666666666666666,0.2,0.3333333333333333,0.5
Thailand,THA,2021,0.199,8.861926851168882,18.06330332476423,UM,47.837,1.20807,100,0,1,0,2018,2024,0,0,NA,NA,126,55,0.4365079365079365,0.3333333333333333,0.6,0.29411764705882354,0.5,0.2,0.2857142857142857,0,0.6666666666666666,0.45454545454545453,0.3333333333333333,0.6666666666666666,0.5,0.5,0.6666666666666666,0.4,0.3333333333333333,0.5
Thailand,THA,2022,0.206,8.84063228946181,18.08795988211777,UM,47.111,1.15902,99.9,0,1,0,2018,2024,0,0,NA,NA,126,51,0.40476190476190477,0.3333333333333333,0.2,0.47058823529411764,0.125,0.2,0.2857142857142857,0.25,0.6666666666666666,0.45454545454545453,1,0.6666666666666666,0.375,0.5,0.6666666666666666,0.2,0.25,0.5
Thailand,THA,2023,0.288,8.879336691627518,NA,UM,46.392,NA,100,0,1,0,2018,2024,0,0,NA,NA,126,76,0.6031746031746031,0.3333333333333333,1,0.5294117647058824,0.625,0.4,0.8571428571428571,0.75,0.6666666666666666,0.36363636363636365,1,0.8333333333333334,0.5,0.5,0.6666666666666666,0.2,0.5,0.625
Tajikistan,TJK,2015,0.183,6.863715938203743,15.950152507563171,LM,73.258,0.1034,98,0,0,0,NA,NA,0,0,NA,NA,126,65,0.5158730158730159,0.3333333333333333,0.5,0.23529411764705882,0.625,0.2,0.14285714285714285,0,0.7777777777777778,0.5454545454545454,0.3333333333333333,0.5,0.5,0.5,1,0.4,0.8333333333333334,0.875
Tajikistan,TJK,2016,0.173,6.6703993101596835,15.974638012904858,LM,73.149,0.10622,99.3,0,0,0,NA,NA,0,0,NA,NA,126,66,0.5238095238095238,0.3333333333333333,0.3,0.35294117647058826,0.625,0.2,0.2857142857142857,0,0.7777777777777778,0.5454545454545454,1,0.5,0.5,0.5,1,0.2,0.8333333333333334,0.75
Tajikistan,TJK,2017,0.17,6.720771447777664,15.999342519911524,L,73.018,0.10957,99.3,0,0,0,NA,NA,0,0,NA,NA,126,61,0.48412698412698413,0.3333333333333333,0.2,0.23529411764705882,0.5,0.2,0.2857142857142857,0,0.6666666666666666,0.6363636363636364,1,0.5,0.5,0.5,1,0.2,0.75,0.75
Tajikistan,TJK,2018,0.165,6.726579151453541,16.023878044078767,L,72.866,0.09401,99.3,0,0,0,NA,NA,0,0,NA,NA,126,73,0.5793650793650794,0.3333333333333333,0.5,0.4117647058823529,1,0.2,0.2857142857142857,0,0.6666666666666666,0.7272727272727273,1,0.5,0.5,0.5,0.8333333333333334,0.4,0.8333333333333334,0.75
Tajikistan,TJK,2019,0.165,6.769667662974965,16.04778294458665,L,72.691,0.09367,99.4,0,0,0,NA,NA,0,0,NA,NA,126,71,0.5634920634920635,0.3333333333333333,0.6,0.23529411764705882,1,0.2,0.2857142857142857,0,0.8888888888888888,0.6363636363636364,1,0.5,0.375,0.5,1,0.2,0.8333333333333334,0.75
Tajikistan,TJK,2020,0.172,6.726607092120356,16.070756843061655,LM,72.494,0.08969,99.5,0,0,0,NA,NA,0,0,NA,NA,126,72,0.5714285714285714,0.3333333333333333,0.6,0.47058823529411764,1,0.2,0.2857142857142857,0,0.8888888888888888,0.5454545454545454,1,0.3333333333333333,0.375,0.5,1,0.2,0.75,0.75
Tajikistan,TJK,2021,0.176,6.798774945682409,16.092739380695903,LM,72.274,NA,99.6,0,0,0,NA,NA,0,0,NA,NA,126,72,0.5714285714285714,0.3333333333333333,0.6,0.35294117647058826,1,0.2,0.2857142857142857,0,0.7777777777777778,0.6363636363636364,1,0.5,0.5,0.5,1,0.4,0.8333333333333334,0.5
Tajikistan,TJK,2022,0.166,6.958619001366845,16.113363170416466,LM,72.032,NA,100,0,0,0,NA,NA,0,0,NA,NA,126,74,0.5873015873015873,0.3333333333333333,0.6,0.5294117647058824,1,0.2,0.2857142857142857,0.25,0.7777777777777778,0.6363636363636364,1,0.5,0.375,0.5,1,0.2,0.75,0.625
Tajikistan,TJK,2023,0.168,7.056874927224105,NA,LM,71.766,NA,100,0,0,0,NA,NA,0,0,NA,NA,126,87,0.6904761904761905,0.3333333333333333,1,0.5294117647058824,1,0.4,0.8571428571428571,0.75,0.7777777777777778,0.5454545454545454,1,0.8333333333333334,0.375,0.25,1,0.2,0.8333333333333334,0.75
Turkmenistan,TKM,2015,0.144,8.658605580446016,15.532058394947752,UM,49.683,0.11,100,0,0,0,NA,NA,0,0,NA,NA,126,73,0.5793650793650794,1,0.3,0.4117647058823529,1,0.2,0.14285714285714285,0,0.7777777777777778,0.6363636363636364,1,0.5,0.5,0.5,1,0.4,0.75,0.875
Turkmenistan,TKM,2016,0.144,8.645934702602432,15.549353267056972,UM,49.272,0.16,100,0,0,0,NA,NA,0,0,NA,NA,126,73,0.5793650793650794,1,0.5,0.4117647058823529,1,0.2,0.2857142857142857,0,0.7777777777777778,0.5454545454545454,1,0.5,0.5,0.5,1,0.2,0.75,0.75
Turkmenistan,TKM,2017,0.148,8.67051181009089,15.566042915901132,UM,48.847,0.09,100,0,0,0,NA,NA,0,0,NA,NA,126,73,0.5793650793650794,1,0.5,0.35294117647058826,1,0.2,0.2857142857142857,0,0.6666666666666666,0.6363636363636364,1,0.5,0.5,0.5,1,0.4,0.75,0.75
Turkmenistan,TKM,2018,0.149,8.720142475703838,15.582106395356474,UM,48.407,0.08,100,0,0,0,NA,NA,0,0,NA,NA,126,74,0.5873015873015873,1,0.5,0.4117647058823529,1,0.2,0.2857142857142857,0,0.6666666666666666,0.6363636363636364,1,0.5,0.5,0.5,0.8333333333333334,0.4,0.8333333333333334,0.75
Turkmenistan,TKM,2019,0.15,8.80207658561898,15.597572154468926,UM,47.952,0.11,99.9,0,0,0,NA,NA,0,0,NA,NA,126,72,0.5714285714285714,1,0.3,0.29411764705882354,1,0.2,0.2857142857142857,0,0.8888888888888888,0.7272727272727273,1,0.5,0.5,0.5,1,0.2,0.75,0.75
Turkmenistan,TKM,2020,0.151,8.793703308325169,15.612454398419022,UM,47.484,0.13,100,0,0,0,NA,NA,0,0,NA,NA,126,79,0.626984126984127,1,0.6,0.5294117647058824,1,0.2,0.2857142857142857,0,0.8888888888888888,0.7272727272727273,1,0.3333333333333333,0.375,0.5,1,0.4,0.8333333333333334,0.75
Turkmenistan,TKM,2021,0.15,8.860953393469343,15.626734852341748,UM,47.002,0.1,100,0,0,0,NA,NA,0,0,NA,NA,126,77,0.6111111111111112,1,0.6,0.35294117647058826,1,0.2,0.2857142857142857,0,0.8888888888888888,0.7272727272727273,1,0.5,0.5,0.5,1,0.4,0.8333333333333334,0.625
Turkmenistan,TKM,2022,0.148,9.006552303886494,15.676604840210612,UM,46.506,0.14,100,0,0,0,NA,NA,0,0,NA,NA,126,78,0.6190476190476191,1,0.6,0.5882352941176471,0.75,0.2,0.2857142857142857,0.25,0.7777777777777778,0.7272727272727273,1,0.5,0.375,0.5,1,0.2,0.8333333333333334,0.75
Turkmenistan,TKM,2023,0.15,9.01586350906886,NA,UM,45.997,NA,100,0,0,0,NA,NA,0,0,NA,NA,126,95,0.753968253968254,1,1,0.6470588235294118,0.875,0.4,0.8571428571428571,0.75,0.7777777777777778,0.7272727272727273,1,0.8333333333333334,0.5,0.5,1,0.4,0.8333333333333334,0.75
Timor-Leste,TLS,2015,0.632,7.185078614999543,13.994739002682069,LM,70.51,NA,67.3,0,1,0,1998,2024,0,0,NA,NA,126,74,0.5873015873015873,0.3333333333333333,0.5,0.35294117647058826,0.75,0.2,0.42857142857142855,0,0.8888888888888888,0.7272727272727273,1,0.5,1,0.75,0.5,0.6,0.5833333333333334,0.75
Timor-Leste,TLS,2016,0.611,7.197093904342192,14.013778459937908,LM,70.15,NA,76.5,0,1,0,1998,2024,0,0,NA,NA,126,74,0.5873015873015873,0.3333333333333333,0.5,0.4117647058823529,0.5,0.2,0.5714285714285714,0,0.8888888888888888,0.7272727272727273,1,0.5,1,0.75,0.5,0.6,0.5833333333333334,0.75
Timor-Leste,TLS,2017,0.653,7.143757940407668,14.033247519979184,LM,69.788,NA,79.5,0,1,0,1998,2024,0,0,NA,NA,126,74,0.5873015873015873,0.3333333333333333,0.5,0.4117647058823529,0.625,0.2,0.5714285714285714,0,0.8888888888888888,0.7272727272727273,1,0.5,1,0.75,0.5,0.4,0.6666666666666666,0.625
Timor-Leste,TLS,2018,0.677,7.106168325508075,14.052931697696616,LM,69.422,NA,85.2,0,1,0,1998,2024,0,0,NA,NA,126,77,0.6111111111111112,0.3333333333333333,0.5,0.47058823529411764,0.625,0.2,0.5714285714285714,0,0.8888888888888888,0.7272727272727273,1,0.5,1,0.75,0.5,0.6,0.75,0.625
Timor-Leste,TLS,2019,0.69,7.353955714815099,14.072568460872246,LM,69.053,NA,90.6,0,1,0,1998,2024,0,0,NA,NA,126,75,0.5952380952380952,0.3333333333333333,0.6,0.35294117647058826,0.625,0.2,0.5714285714285714,0,0.8888888888888888,0.7272727272727273,1,0.5,1,0.75,0.3333333333333333,0.6,0.75,0.625
Timor-Leste,TLS,2020,0.668,7.396868497634645,14.091961294426044,LM,68.68,NA,96,0,1,0,1998,2024,0,0,NA,NA,126,75,0.5952380952380952,0.3333333333333333,0.3,0.5294117647058824,0.5,0.2,0.5714285714285714,0,0.8888888888888888,0.7272727272727273,1,0.5,0.875,0.75,0.6666666666666666,0.4,0.8333333333333334,0.625
Timor-Leste,TLS,2021,0.681,7.89537158922573,14.11106778978753,LM,68.305,NA,100,0,1,0,1998,2024,0,0,NA,NA,126,80,0.6349206349206349,0.3333333333333333,0.6,0.4117647058823529,1,0.2,0.5714285714285714,0,0.8888888888888888,0.7272727272727273,1,0.5,1,0.75,0.6666666666666666,0.6,0.75,0.5
Timor-Leste,TLS,2022,0.69,7.759292105245151,14.109146868704268,LM,67.926,NA,99.7,0,1,0,1998,2024,0,0,NA,NA,126,84,0.6666666666666666,0.3333333333333333,0.6,0.5882352941176471,1,0.2,0.5714285714285714,0.25,0.7777777777777778,0.7272727272727273,1,0.5,0.875,0.75,0.6666666666666666,0.6,0.8333333333333334,0.625
Timor-Leste,TLS,2023,0.698,7.314898736540254,NA,LM,67.544,NA,100,0,1,0,1998,2024,0,0,NA,NA,126,94,0.746031746031746,0.3333333333333333,1,0.5882352941176471,1,0.4,1,0.75,0.7777777777777778,0.5454545454545454,1,0.8333333333333334,0.875,0.5,0.6666666666666666,0.4,0.8333333333333334,0.875
Trinidad & Tobago,TTO,2015,0.764,9.904724520176114,14.130563604212162,H,46.681,0.07996,100,0,0,0,NA,NA,0,0,NA,NA,126,71,0.5634920634920635,1,0.5,0.35294117647058826,0.875,0.2,0.42857142857142855,0,0.7777777777777778,0.5454545454545454,1,0.6666666666666666,1,0.75,0.16666666666666666,0.4,0.4166666666666667,0.875
Trinidad & Tobago,TTO,2016,0.759,9.771201141742866,14.135826553990617,H,46.75,0.08626,100,0,0,0,NA,NA,0,0,NA,NA,126,77,0.6111111111111112,1,0.5,0.4117647058823529,1,0.2,0.5714285714285714,0,0.8888888888888888,0.45454545454545453,1,0.6666666666666666,1,0.75,0.16666666666666666,0.4,0.75,0.75
Trinidad & Tobago,TTO,2017,0.75,9.782477284713451,14.14053176682121,H,46.795,0.08519,100,0,0,0,NA,NA,0,0,NA,NA,126,69,0.5476190476190477,1,0.5,0.35294117647058826,1,0.2,0.5714285714285714,0,0.6666666666666666,0.5454545454545454,1,0.6666666666666666,1,0.75,0.16666666666666666,0.2,0.3333333333333333,0.75
Trinidad & Tobago,TTO,2018,0.746,9.802360095939632,14.144699910074804,H,46.816,0.08139,100,0,0,0,NA,NA,0,0,NA,NA,126,70,0.5555555555555556,1,0.5,0.47058823529411764,1,0.2,0.5714285714285714,0,0.7777777777777778,0.45454545454545453,1,0.8333333333333334,1,0.75,0,0.4,0.25,0.625
Trinidad & Tobago,TTO,2019,0.745,9.766007054162326,14.148382750768464,H,46.813,0.0596,100,0,0,0,NA,NA,0,0,NA,NA,126,71,0.5634920634920635,1,0.6,0.35294117647058826,0.875,0.2,0.5714285714285714,0,0.7777777777777778,0.5454545454545454,1,0.8333333333333334,0.875,0.75,0.3333333333333333,0.4,0.25,0.75
Trinidad & Tobago,TTO,2020,0.756,9.63066179977426,14.1516191570488,H,46.786,0.06512,100,0,0,0,NA,NA,0,0,NA,NA,126,75,0.5952380952380952,1,0.6,0.5882352941176471,0.875,0.2,0.5714285714285714,0,0.7777777777777778,0.5454545454545454,1,0.8333333333333334,0.875,0.75,0.6666666666666666,0.2,0.25,0.625
Trinidad & Tobago,TTO,2021,0.766,9.793254665018315,14.15438989519291,H,46.735,0.05374,100,0,0,0,NA,NA,0,0,NA,NA,126,76,0.6031746031746031,1,0.6,0.47058823529411764,0.875,0.2,0.5714285714285714,0,0.7777777777777778,0.5454545454545454,1,0.8333333333333334,1,0.75,0.6666666666666666,0.4,0.3333333333333333,0.625
Trinidad & Tobago,TTO,2022,0.753,9.998988613666908,14.241460413612876,H,46.66,0.0478,100,0,0,0,NA,NA,0,0,NA,NA,126,75,0.5952380952380952,1,0.5,0.6470588235294118,0.75,0.2,0.5714285714285714,0.25,0.6666666666666666,0.5454545454545454,1,0.8333333333333334,0.875,0.75,0.6666666666666666,0.4,0.25,0.625
Trinidad & Tobago,TTO,2023,0.753,9.904294741671306,NA,H,46.561,NA,98.7,0,0,0,NA,NA,0,0,NA,NA,126,87,0.6904761904761905,1,1,0.6470588235294118,0.625,0.4,1,0.75,0.6666666666666666,0.45454545454545453,1,0.8333333333333334,0.875,0.5,0.6666666666666666,0.2,0.5,0.875
Tunisia,TUN,2015,0.727,8.297779609359653,16.229632642855147,LM,31.944,0.59413,99.9,0,0,0,NA,NA,1,0,2014,2022,126,53,0.42063492063492064,0.3333333333333333,0.5,0.29411764705882354,0.625,0.2,0,0,0.6666666666666666,0.5454545454545454,0.3333333333333333,0.5,0.5,0.5,0.16666666666666666,0.4,0.3333333333333333,0.875
Tunisia,TUN,2016,0.73,8.255257756428241,16.24066207240623,LM,31.654,0.56539,100,0,0,0,NA,NA,1,0,2014,2022,126,61,0.48412698412698413,0.3333333333333333,0.5,0.35294117647058826,0.875,0.2,0.14285714285714285,0,0.7777777777777778,0.45454545454545453,1,0.5,0.5,0.5,0.16666666666666666,0.2,0.6666666666666666,0.75
Tunisia,TUN,2017,0.733,8.193961996444182,16.252052777945106,LM,31.358,0.69954,100,0,0,0,NA,NA,1,0,2014,2022,126,53,0.42063492063492064,0.3333333333333333,0.5,0.29411764705882354,0.75,0.2,0.14285714285714285,0,0.5555555555555556,0.45454545454545453,1,0.5,0.5,0.5,0.16666666666666666,0.2,0.3333333333333333,0.75
Tunisia,TUN,2018,0.734,8.196465384421076,16.263511406455148,LM,31.055,0.71645,99.8,0,0,0,NA,NA,1,0,2014,2022,126,48,0.38095238095238093,0.3333333333333333,0.1,0.29411764705882354,0.625,0.2,0.14285714285714285,0,0.5555555555555556,0.36363636363636365,1,0.5,0.5,0.5,0,0.4,0.4166666666666667,0.75
Tunisia,TUN,2019,0.724,8.16873358980829,16.27464810136698,LM,30.746,0.74658,100,0,0,0,NA,NA,1,0,2014,2022,126,58,0.4603174603174603,0.3333333333333333,0.6,0.23529411764705882,0.875,0.2,0.14285714285714285,0,0.7777777777777778,0.5454545454545454,1,0.5,0.375,0.5,0.3333333333333333,0.2,0.4166666666666667,0.75
Tunisia,TUN,2020,0.709,8.174323553350169,16.28518664263272,LM,30.432,NA,99.9,0,0,0,NA,NA,1,0,2014,2022,126,62,0.49206349206349204,0.3333333333333333,0.6,0.4117647058823529,0.875,0.2,0.14285714285714285,0,0.7777777777777778,0.6363636363636364,1,0.3333333333333333,0.375,0.5,0.6666666666666666,0.2,0.4166666666666667,0.625
Tunisia,TUN,2021,0.535,8.264950760817204,16.295049829112244,LM,30.112,NA,99.9,0,0,0,NA,NA,1,0,2014,2022,126,58,0.4603174603174603,0.3333333333333333,0.6,0.29411764705882354,0.75,0.2,0.14285714285714285,0,0.6666666666666666,0.6363636363636364,0.3333333333333333,0.5,0.5,0.5,0.6666666666666666,0.4,0.3333333333333333,0.625
Tunisia,TUN,2022,0.283,8.21023321762353,16.329661802059622,LM,29.786,NA,100,-1,0,1,2023,2024,1,0,2014,2022,126,64,0.5079365079365079,0.3333333333333333,0.6,0.5294117647058824,0.75,0.2,0.14285714285714285,0.25,0.6666666666666666,0.5454545454545454,1,0.5,0.375,0.5,0.6666666666666666,0.2,0.5,0.625
Tunisia,TUN,2023,0.472,8.288457826512886,NA,LM,29.456,NA,100,0,1,0,2023,2024,0,0,NA,NA,126,79,0.626984126984127,0.3333333333333333,0.9,0.5294117647058824,0.875,0.6,0.8571428571428571,0.75,0.6666666666666666,0.5454545454545454,1,0.8333333333333334,0.375,0.25,0.6666666666666666,0.2,0.5,0.75
Turkey,TUR,2015,0.386,9.310185264411864,18.178983800472743,UM,26.389,0.96732,100,0,0,0,NA,NA,1,0,2005,2017,126,39,0.30952380952380953,0,0.5,0.17647058823529413,0,0.2,0.14285714285714285,0.25,0.4444444444444444,0.2727272727272727,0.3333333333333333,0.5,0.5,0.25,0.16666666666666666,0.4,0.25,0.75
Turkey,TUR,2016,0.305,9.302923736487507,18.195383224513503,UM,25.866,1.11979,100,0,0,0,NA,NA,1,0,2005,2017,126,48,0.38095238095238093,0.3333333333333333,0.5,0.23529411764705882,0.375,0.2,0.14285714285714285,0.25,0.5555555555555556,0.18181818181818182,1,0.5,0.375,0.5,0.16666666666666666,0.2,0.5833333333333334,0.625
Turkey,TUR,2017,0.291,9.27758306479356,18.211396346850087,UM,25.356,1.17632,100,0,0,0,NA,NA,1,0,2005,2017,126,38,0.30158730158730157,0,0.5,0.17647058823529413,0.375,0.2,0.14285714285714285,0.25,0.3333333333333333,0.2727272727272727,0,0.5,0.375,0.5,0.16666666666666666,0.2,0.25,0.625
Turkey,TUR,2018,0.294,9.166266749033364,18.22636866733434,UM,24.857,1.27093,100,0,0,0,NA,NA,0,0,NA,NA,126,30,0.23809523809523808,0,0.4,0.23529411764705882,0,0,0.14285714285714285,0.25,0.3333333333333333,0.18181818181818182,0,0.5,0.375,0.25,0,0.4,0.16666666666666666,0.5
Turkey,TUR,2019,0.29,9.128635671348835,18.239513804331384,UM,24.37,1.3196,100,0,0,0,NA,NA,0,0,NA,NA,126,40,0.31746031746031744,0,0.7,0.058823529411764705,0.5,0.2,0.14285714285714285,0.25,0.5555555555555556,0.2727272727272727,0,0.5,0.25,0.5,0.3333333333333333,0.2,0.16666666666666666,0.625
Turkey,TUR,2020,0.289,9.064011906471215,18.25035574385489,UM,23.895,1.36748,100,0,0,0,NA,NA,0,0,NA,NA,126,48,0.38095238095238093,0,0.7,0.35294117647058826,0.625,0.2,0.14285714285714285,0.25,0.6666666666666666,0.2727272727272727,0,0.3333333333333333,0.25,0.5,0.6666666666666666,0.2,0.25,0.5
Turkey,TUR,2021,0.288,9.184326196250815,18.25866446457544,UM,23.431,1.40209,100,0,0,0,NA,NA,0,0,NA,NA,126,49,0.3888888888888889,0,0.7,0.29411764705882354,0.625,0.2,0.2857142857142857,0.25,0.4444444444444444,0.2727272727272727,0,0.6666666666666666,0.375,0.25,0.6666666666666666,0.4,0.25,0.5
Turkey,TUR,2022,0.284,9.275613388306107,18.262168377451065,UM,22.978,1.32343,100,0,0,0,NA,NA,0,0,NA,NA,126,48,0.38095238095238093,0,0.6,0.4117647058823529,0.25,0.2,0.2857142857142857,0.5,0.4444444444444444,0.2727272727272727,0.3333333333333333,0.5,0.375,0.5,0.6666666666666666,0.2,0.25,0.5
Turkey,TUR,2023,0.287,9.48079936783327,NA,UM,22.537,NA,100,0,0,0,NA,NA,0,0,NA,NA,126,79,0.626984126984127,0.3333333333333333,1,0.5882352941176471,0.875,0.4,0.8571428571428571,1,0.5555555555555556,0.36363636363636365,1,0.6666666666666666,0.5,0.5,0.6666666666666666,0.2,0.4166666666666667,0.875
Tanzania,TZA,2015,0.463,6.844951060325567,17.756755182580555,L,68.383,NA,26.2,0,0,0,NA,NA,1,0,2015,2024,126,52,0.4126984126984127,0.3333333333333333,0.3,0.29411764705882354,0.625,0.2,0,0,0.6666666666666666,0.6363636363636364,1,0.5,0.5,0.5,0.16666666666666666,0.4,0.25,0.75
Tanzania,TZA,2016,0.415,6.859626175573885,17.786730927160484,L,67.667,NA,32.8,0,0,0,NA,NA,1,0,2015,2024,126,57,0.4523809523809524,0.3333333333333333,0.5,0.29411764705882354,0.625,0.2,0,0,0.7777777777777778,0.6363636363636364,1,0.5,0.5,0.5,0.16666666666666666,0.2,0.5833333333333334,0.625
Tanzania,TZA,2017,0.41,6.894339702406075,17.81664905018961,L,66.947,NA,32.1,0,0,0,NA,NA,1,0,2015,2024,126,54,0.42857142857142855,0.3333333333333333,0.5,0.29411764705882354,0.625,0.2,0,0,0.5555555555555556,0.7272727272727273,1,0.5,0.5,0.5,0.16666666666666666,0.2,0.4166666666666667,0.625
Tanzania,TZA,2018,0.395,6.930598633479984,17.846443856788326,L,66.224,NA,34.9,0,0,0,NA,NA,1,0,2015,2024,126,51,0.40476190476190477,0.3333333333333333,0.3,0.4117647058823529,0.625,0.2,0,0,0.5555555555555556,0.7272727272727273,0.3333333333333333,0.5,0.5,0.5,0,0.4,0.4166666666666667,0.5
Tanzania,TZA,2019,0.391,6.969153728375592,17.87604771925079,LM,65.5,NA,37.7,0,0,0,NA,NA,1,0,2015,2024,126,52,0.4126984126984127,0.3333333333333333,0.3,0.23529411764705882,0.625,0.2,0.14285714285714285,0,0.7777777777777778,0.6363636363636364,1,0.5,0.375,0.5,0.3333333333333333,0.2,0.25,0.75
Tanzania,TZA,2020,0.389,7.018773514218073,17.90541549629106,LM,64.773,NA,39.9,0,0,0,NA,NA,1,0,2015,2024,126,57,0.4523809523809524,0.3333333333333333,0.6,0.4117647058823529,0.625,0.2,0.14285714285714285,0,0.7777777777777778,0.6363636363636364,1,0.3333333333333333,0.375,0.5,0.6666666666666666,0.2,0.25,0.5
Tanzania,TZA,2021,0.373,7.056051627317294,17.934522334080217,LM,64.046,NA,42.7,0,0,0,NA,NA,1,0,2015,2024,126,60,0.47619047619047616,0.3333333333333333,0.6,0.35294117647058826,0.625,0.2,0.14285714285714285,0,0.6666666666666666,0.7272727272727273,1,0.5,0.5,0.5,0.6666666666666666,0.4,0.3333333333333333,0.5
Tanzania,TZA,2022,0.402,7.096599704702077,17.997526318335026,LM,63.318,NA,45.8,0,0,0,NA,NA,1,0,2015,2024,126,57,0.4523809523809524,0.3333333333333333,0.3,0.47058823529411764,0.625,0.2,0.14285714285714285,0.25,0.6666666666666666,0.6363636363636364,1,0.5,0.375,0.5,0.6666666666666666,0.2,0.3333333333333333,0.5
Tanzania,TZA,2023,0.435,7.110279402693601,NA,LM,62.591,NA,48.3,0,0,0,NA,NA,1,0,2015,2024,126,76,0.6031746031746031,0.3333333333333333,0.9,0.5294117647058824,0.625,0.4,0.8571428571428571,0.75,0.6666666666666666,0.5454545454545454,1,0.8333333333333334,0.375,0.25,0.6666666666666666,0.2,0.5,0.75
Uganda,UGA,2015,0.311,6.760338918108441,17.45901200362862,L,77.94,NA,18.5,0,0,0,NA,NA,0,0,NA,NA,126,59,0.46825396825396826,0.3333333333333333,0.3,0.29411764705882354,0.75,0.2,0,0,0.6666666666666666,0.6363636363636364,1,0.5,0.5,0.5,1,0.4,0.3333333333333333,0.75
Uganda,UGA,2016,0.298,6.623662187360258,17.49558064832446,L,77.376,NA,26.7,0,0,0,NA,NA,0,0,NA,NA,126,56,0.4444444444444444,0.3333333333333333,0.3,0.29411764705882354,0.625,0.2,0.14285714285714285,0,0.7777777777777778,0.45454545454545453,0.3333333333333333,0.5,0.5,0.5,1,0.2,0.5,0.625
Uganda,UGA,2017,0.298,6.640161194806565,17.533137514431196,L,76.804,NA,32.4,0,0,0,NA,NA,0,0,NA,NA,126,57,0.4523809523809524,0.3333333333333333,0.5,0.29411764705882354,0.75,0.2,0.14285714285714285,0,0.5555555555555556,0.6363636363636364,1,0.5,0.5,0.5,1,0.2,0.16666666666666666,0.625
Uganda,UGA,2018,0.293,6.674770587355755,17.57038915349045,L,76.226,NA,41.9,0,0,0,NA,NA,0,0,NA,NA,126,60,0.47619047619047616,0.3333333333333333,0.3,0.4117647058823529,1,0.2,0.14285714285714285,0,0.5555555555555556,0.5454545454545454,1,0.5,0.5,0.5,0.8333333333333334,0.4,0.3333333333333333,0.625
Uganda,UGA,2019,0.292,6.711809806515762,17.605808475548024,L,75.639,NA,41.3,0,0,0,NA,NA,0,0,NA,NA,126,62,0.49206349206349204,0.3333333333333333,0.6,0.29411764705882354,1,0.2,0.14285714285714285,0,0.7777777777777778,0.6363636363636364,0.3333333333333333,0.5,0.375,0.5,1,0.2,0.4166666666666667,0.625
Uganda,UGA,2020,0.295,6.740243274098599,17.638505609022154,L,75.046,NA,42.1,0,0,0,NA,NA,0,0,NA,NA,126,62,0.49206349206349204,0.3333333333333333,0.3,0.47058823529411764,1,0.2,0.14285714285714285,0,0.7777777777777778,0.5454545454545454,1,0.3333333333333333,0.375,0.5,1,0.2,0.4166666666666667,0.625
Uganda,UGA,2021,0.284,6.783089292258823,17.668283073274427,L,74.447,NA,45.2,0,0,0,NA,NA,0,0,NA,NA,126,60,0.47619047619047616,0.3333333333333333,0.5,0.35294117647058826,1,0.2,0.14285714285714285,0,0.6666666666666666,0.5454545454545454,1,0.5,0.5,0.25,1,0.4,0.25,0.5
Uganda,UGA,2022,0.278,6.870123309770574,17.670954428796673,L,73.841,NA,47.1,0,0,0,NA,NA,0,0,NA,NA,126,63,0.5,0.3333333333333333,0.6,0.47058823529411764,0.875,0.2,0.14285714285714285,0.25,0.6666666666666666,0.5454545454545454,1,0.5,0.375,0.5,1,0.2,0.25,0.625
Uganda,UGA,2023,0.28,6.910061756017786,NA,L,73.229,0.3109,51.5,0,0,0,NA,NA,0,0,NA,NA,126,81,0.6428571428571429,0.3333333333333333,1,0.5294117647058824,1,0.4,0.8571428571428571,0.75,0.6666666666666666,0.45454545454545453,1,0.8333333333333334,0.375,0.25,1,0.2,0.5,0.75
Ukraine,UKR,2015,0.417,7.647057668120245,17.625590224751296,LM,30.939,0.61477,100,0,0,1,2016,2020,0,0,NA,NA,126,54,0.42857142857142855,1,0.5,0.29411764705882354,0.625,0.2,0,0,0.6666666666666666,0.5454545454545454,0.3333333333333333,0.5,0.375,0.5,0.16666666666666666,0.4,0.4166666666666667,0.75
Ukraine,UKR,2016,0.426,7.677150831048786,17.622276886787578,LM,30.846,0.48339,100,0,1,0,2016,2020,0,0,NA,NA,126,57,0.4523809523809524,1,0.5,0.35294117647058826,0.625,0.2,0.14285714285714285,0,0.7777777777777778,0.36363636363636365,0.3333333333333333,0.5,0.375,0.5,0.16666666666666666,0.2,0.75,0.625
Ukraine,UKR,2017,0.421,7.864914441930353,17.61841343367863,LM,30.754,0.44879,100,0,1,0,2016,2020,0,0,NA,NA,126,49,0.3888888888888889,1,0.5,0.29411764705882354,0.625,0.2,0.14285714285714285,0,0.5555555555555556,0.45454545454545453,0.3333333333333333,0.5,0.375,0.5,0.16666666666666666,0.2,0.25,0.625
Ukraine,UKR,2018,0.425,8.02586026391623,17.61374917746966,LM,30.648,0.47113,100,0,1,0,2016,2020,0,0,NA,NA,126,49,0.3888888888888889,1,0.5,0.35294117647058826,0.5,0.2,0.14285714285714285,0,0.5555555555555556,0.36363636363636365,0.3333333333333333,0.5,0.375,0.5,0,0.4,0.4166666666666667,0.5
Ukraine,UKR,2019,0.524,8.194191064309653,17.608439235868524,LM,30.527,0.43384,100,1,1,0,2016,2020,0,0,NA,NA,126,53,0.42063492063492064,1,0.6,0.23529411764705882,0.625,0.2,0.14285714285714285,0,0.7777777777777778,0.45454545454545453,0.3333333333333333,0.6666666666666666,0.25,0.5,0.3333333333333333,0.2,0.3333333333333333,0.625
Ukraine,UKR,2020,0.546,8.21872496687535,17.602696811167164,LM,30.392,0.40318,100,0,1,0,2016,2020,0,0,NA,NA,126,58,0.4603174603174603,1,0.6,0.4117647058823529,0.625,0.2,0.14285714285714285,0,0.7777777777777778,0.45454545454545453,0.3333333333333333,0.5,0.375,0.5,0.6666666666666666,0.2,0.4166666666666667,0.5
Ukraine,UKR,2021,0.533,8.471347306808717,17.595477219491293,LM,30.243,0.38478,100,0,0,0,NA,NA,0,1,2022,2024,126,57,0.4523809523809524,1,0.6,0.29411764705882354,0.5,0.2,0.14285714285714285,0,0.6666666666666666,0.45454545454545453,1,0.6666666666666666,0.5,0.25,0.6666666666666666,0.4,0.3333333333333333,0.5
Ukraine,UKR,2022,0.41,8.342761443582294,17.45309671769066,LM,30.081,0.32673,100,-1,0,0,NA,NA,1,0,2022,2024,126,67,0.5317460317460317,1,0.5,0.5882352941176471,1,0.4,0.14285714285714285,0.25,0.7777777777777778,0.45454545454545453,1,0.6666666666666666,0.375,0.5,0.6666666666666666,0.2,0.3333333333333333,0.5
Ukraine,UKR,2023,0.415,8.53103753964398,NA,UM,29.905,0.32653,100,0,0,0,NA,NA,1,0,2022,2024,126,83,0.6587301587301587,1,1,0.5882352941176471,1,0.6,0.8571428571428571,0.75,0.7777777777777778,0.2727272727272727,1,0.8333333333333334,0.375,0.25,0.6666666666666666,0.2,0.5,0.875
Uruguay,URY,2015,0.899,9.74834731459103,15.042812997668513,H,4.955,0.35109,99.7,0,0,0,NA,NA,0,0,NA,NA,126,49,0.3888888888888889,0.3333333333333333,0.5,0.23529411764705882,0.25,0.2,0.2857142857142857,0,0.6666666666666666,0.45454545454545453,0.3333333333333333,0.5,0.5,0.5,0.16666666666666666,0.4,0.25,0.875
Uruguay,URY,2016,0.899,9.741542498928316,15.046360611214176,H,4.85599999999999,0.37391,99.7,0,0,0,NA,NA,0,0,NA,NA,126,55,0.4365079365079365,0.3333333333333333,0.3,0.29411764705882354,0.625,0.2,0.42857142857142855,0,0.7777777777777778,0.45454545454545453,0.3333333333333333,0.5,0.5,0.5,0.16666666666666666,0.2,0.5833333333333334,0.75
Uruguay,URY,2017,0.894,9.861866419518911,15.05000626274648,H,4.76000000000001,0.44052,99.8,0,0,0,NA,NA,0,0,NA,NA,126,51,0.40476190476190477,0.3333333333333333,0.5,0.29411764705882354,0.625,0.2,0.42857142857142855,0,0.5555555555555556,0.45454545454545453,0.3333333333333333,0.5,0.5,0.5,0.16666666666666666,0.2,0.25,0.75
Uruguay,URY,2018,0.9,9.865263230620188,15.053678970726963,H,4.666,0.50484,99.8,0,0,0,NA,NA,0,0,NA,NA,126,43,0.3412698412698413,0.3333333333333333,0.2,0.29411764705882354,0.25,0.2,0.42857142857142855,0,0.5555555555555556,0.36363636363636365,0.3333333333333333,0.5,0.5,0.5,0,0.4,0.25,0.625
Uruguay,URY,2019,0.899,9.815515821281195,15.05727931094842,H,4.574,0.56805,99.9,0,0,0,NA,NA,0,0,NA,NA,126,51,0.40476190476190477,0.3333333333333333,0.6,0.17647058823529413,0.5,0.2,0.42857142857142855,0,0.7777777777777778,0.45454545454545453,0.3333333333333333,0.5,0.375,0.5,0.3333333333333333,0.2,0.25,0.75
Uruguay,URY,2020,0.87,9.667112204581713,15.060738638930207,H,4.485,0.67468,100,0,0,0,NA,NA,0,0,NA,NA,126,60,0.47619047619047616,0.3333333333333333,0.6,0.35294117647058826,0.875,0.2,0.42857142857142855,0,0.7777777777777778,0.5454545454545454,0.3333333333333333,0.3333333333333333,0.375,0.5,0.6666666666666666,0.2,0.4166666666666667,0.625
Uruguay,URY,2021,0.859,9.791897200012828,15.064022216720613,H,4.39700000000001,0.61447,100,0,0,0,NA,NA,0,0,NA,NA,126,55,0.4365079365079365,0.3333333333333333,0.5,0.23529411764705882,0.5,0.2,0.42857142857142855,0,0.6666666666666666,0.5454545454545454,0.3333333333333333,0.5,0.5,0.25,0.6666666666666666,0.4,0.4166666666666667,0.625
Uruguay,URY,2022,0.824,9.937501169765564,15.0459677345737,H,4.312,0.62592,100,0,0,0,NA,NA,0,0,NA,NA,126,56,0.4444444444444444,0.3333333333333333,0.6,0.5294117647058824,0.125,0.2,0.42857142857142855,0.25,0.6666666666666666,0.5454545454545454,0.3333333333333333,0.5,0.375,0.5,0.6666666666666666,0.2,0.25,0.625
Uruguay,URY,2023,0.845,10.034419809018322,NA,H,4.229,NA,100,0,0,0,NA,NA,0,0,NA,NA,126,80,0.6349206349206349,0.3333333333333333,1,0.5294117647058824,0.875,0.4,0.8571428571428571,0.75,0.6666666666666666,0.45454545454545453,1,0.8333333333333334,0.375,0.5,0.6666666666666666,0.2,0.5,0.875
United States,USA,2015,0.905,10.951511705326958,19.58613824754317,H,18.329,2.77328,100,0,0,0,NA,NA,0,0,NA,NA,126,35,0.2777777777777778,0,0.5,0.11764705882352941,0.125,0,0,0,0.4444444444444444,0.18181818181818182,0,0.5,0.375,0.5,0.16666666666666666,0.4,0.25,0.875
United States,USA,2016,0.891,10.971754273138616,19.59338500821768,H,18.138,2.83676,100,0,0,0,NA,NA,0,0,NA,NA,126,41,0.3253968253968254,0,0.3,0.17647058823529413,0.5,0,0.14285714285714285,0,0.5555555555555556,0.18181818181818182,0,0.5,0.375,0.5,0.16666666666666666,0.2,0.5833333333333334,0.75
United States,USA,2017,0.833,11.007456492363708,19.599711448168502,H,17.942,2.88357,100,0,0,0,NA,NA,0,0,NA,NA,126,36,0.2857142857142857,0,0.5,0.11764705882352941,0.5,0,0.14285714285714285,0,0.3333333333333333,0.18181818181818182,0,0.5,0.375,0.5,0.16666666666666666,0.2,0.25,0.75
United States,USA,2018,0.822,11.054076128257522,19.604975802124148,H,17.744,2.99045,100,0,0,0,NA,NA,0,0,NA,NA,126,29,0.23015873015873015,0,0.3,0.17647058823529413,0.125,0,0.14285714285714285,0,0.3333333333333333,0.18181818181818182,0,0.5,0.375,0.25,0,0.4,0.25,0.5
United States,USA,2019,0.812,11.091402337019993,19.60952961498378,H,17.541,3.14704,100,0,0,0,NA,NA,0,0,NA,NA,126,38,0.30158730158730157,0,0.6,0.058823529411764705,0.5,0,0.14285714285714285,0,0.5555555555555556,0.18181818181818182,0,0.5,0.375,0.5,0.3333333333333333,0.2,0.25,0.625
United States,USA,2020,0.811,11.07304549867403,19.619141625503435,H,17.336,3.42467,100,0,0,0,NA,NA,0,0,NA,NA,126,42,0.3333333333333333,0,0.6,0.23529411764705882,0.625,0,0.14285714285714285,0,0.5555555555555556,0.2727272727272727,0,0.16666666666666666,0.375,0.5,0.6666666666666666,0.2,0.25,0.5
United States,USA,2021,0.825,11.174908338661233,19.62032543047465,H,17.127,3.48313,100,0,0,0,NA,NA,0,0,NA,NA,126,39,0.30952380952380953,0,0.6,0.17647058823529413,0.5,0,0.14285714285714285,0,0.4444444444444444,0.2727272727272727,0,0.5,0.5,0.25,0.6666666666666666,0.4,0.08333333333333333,0.375
United States,USA,2022,0.834,11.2649149701709,19.624516209847812,H,16.916,3.58623,100,0,0,0,NA,NA,0,0,NA,NA,126,48,0.38095238095238093,0,0.5,0.4117647058823529,0.375,0,0.14285714285714285,0.25,0.4444444444444444,0.36363636363636365,0,0.6666666666666666,0.375,0.5,0.6666666666666666,0.2,0.4166666666666667,0.5
United States,USA,2023,0.848,11.32381385436818,NA,H,16.702,NA,100,0,0,0,NA,NA,0,0,NA,NA,126,74,0.5873015873015873,0,1,0.5882352941176471,1,0.2,0.8571428571428571,0.75,0.5555555555555556,0.36363636363636365,0.3333333333333333,0.6666666666666666,0.5,0.5,0.6666666666666666,0.2,0.4166666666666667,0.75
Uzbekistan,UZB,2015,0.168,7.938513397596667,17.259093511122856,LM,49.25,0.16497,99.9,0,0,0,NA,NA,0,0,NA,NA,126,58,0.4603174603174603,0.3333333333333333,0.5,0.23529411764705882,0.5,0.2,0,0,0.6666666666666666,0.5454545454545454,1,0.5,0.5,0.5,1,0.4,0.4166666666666667,0.75
Uzbekistan,UZB,2016,0.169,7.92058435034548,17.276482003742768,LM,49.35,0.17238,99.9,0,0,0,NA,NA,0,0,NA,NA,126,61,0.48412698412698413,0.3333333333333333,0.5,0.29411764705882354,0.5,0.2,0,0,0.7777777777777778,0.45454545454545453,1,0.5,0.5,0.5,1,0.2,0.75,0.625
Uzbekistan,UZB,2017,0.192,7.691932636825158,17.29331706699632,LM,49.45,0.14834,100,0,0,0,NA,NA,0,0,NA,NA,126,54,0.42857142857142855,0.3333333333333333,0.3,0.23529411764705882,0.625,0.2,0,0,0.5555555555555556,0.5454545454545454,1,0.5,0.5,0.5,1,0.2,0.4166666666666667,0.625
Uzbekistan,UZB,2018,0.189,7.502785263150352,17.310686930761843,LM,49.522,0.12394,100,0,0,0,NA,NA,0,0,NA,NA,126,55,0.4365079365079365,0.3333333333333333,0.5,0.29411764705882354,0.5,0.2,0,0,0.5555555555555556,0.45454545454545453,1,0.5,0.5,0.5,0.8333333333333334,0.4,0.4166666666666667,0.625
Uzbekistan,UZB,2019,0.204,7.621383683500241,17.329451632430107,LM,49.567,0.11306,100,0,0,0,NA,NA,0,0,NA,NA,126,56,0.4444444444444444,0.3333333333333333,0.6,0.17647058823529413,0.5,0.2,0,0,0.7777777777777778,0.5454545454545454,1,0.5,0.375,0.5,1,0.2,0.4166666666666667,0.625
Uzbekistan,UZB,2020,0.204,7.589983321641882,17.348672897699362,LM,49.584,0.1385,100,0,0,0,NA,NA,0,0,NA,NA,126,59,0.46825396825396826,0.3333333333333333,0.6,0.35294117647058826,0.625,0.2,0.14285714285714285,0,0.7777777777777778,0.5454545454545454,1,0.3333333333333333,0.375,0.5,1,0.2,0.3333333333333333,0.625
Uzbekistan,UZB,2021,0.205,7.7224648515368095,17.368429958356696,LM,49.573,0.1316,99.9,0,0,0,NA,NA,0,0,NA,NA,126,55,0.4365079365079365,0.3333333333333333,0.2,0.29411764705882354,0.5,0.2,0.14285714285714285,0,0.6666666666666666,0.5454545454545454,1,0.5,0.5,0.5,1,0.4,0.4166666666666667,0.5
Uzbekistan,UZB,2022,0.215,7.855027836624272,17.389206407471622,LM,49.534,0.15874,100,0,0,0,NA,NA,0,0,NA,NA,126,54,0.42857142857142855,0.3333333333333333,0.6,0.4117647058823529,0.125,0.2,0.14285714285714285,0.25,0.6666666666666666,0.5454545454545454,0.3333333333333333,0.5,0.375,0.5,1,0.2,0.25,0.625
Uzbekistan,UZB,2023,0.215,7.954903946828148,NA,LM,49.468,0.12527,100,0,0,0,NA,NA,0,0,NA,NA,126,80,0.6349206349206349,0.3333333333333333,1,0.5294117647058824,0.75,0.4,0.8571428571428571,0.75,0.6666666666666666,0.36363636363636365,1,0.8333333333333334,0.5,0.5,1,0.2,0.5,0.75
Venezuela,VEN,2015,0.303,NA,17.219431793233348,UM,11.846,0.44,100,0,0,0,NA,NA,1,0,1998,2018,126,56,0.4444444444444444,0.3333333333333333,0.5,0.23529411764705882,0.5,0.2,0.14285714285714285,0,0.6666666666666666,0.5454545454545454,1,0.8333333333333334,0.5,0.5,0.16666666666666666,0.4,0.25,1
Venezuela,VEN,2016,0.291,NA,17.211737239473575,UM,11.835,0.69,99.4,0,0,0,NA,NA,1,0,1998,2018,126,61,0.48412698412698413,0.3333333333333333,0.5,0.29411764705882354,0.5,0.2,0.2857142857142857,0,0.7777777777777778,0.45454545454545453,1,0.8333333333333334,0.5,0.5,0.16666666666666666,0.2,0.6666666666666666,0.875
Venezuela,VEN,2017,0.235,NA,17.19658958249283,UM,11.817,NA,99.2,0,0,0,NA,NA,1,0,1998,2018,126,54,0.42857142857142855,0.3333333333333333,0.5,0.23529411764705882,0.625,0.2,0.2857142857142857,0,0.5555555555555556,0.5454545454545454,1,0.8333333333333334,0.5,0.5,0.16666666666666666,0.2,0.16666666666666666,0.875
Venezuela,VEN,2018,0.214,NA,17.178906275147153,UM,11.792,NA,99.9,0,0,0,NA,NA,1,0,1998,2018,126,60,0.47619047619047616,0.3333333333333333,0.5,0.29411764705882354,1,0.2,0.2857142857142857,0,0.5555555555555556,0.6363636363636364,1,0.8333333333333334,0.5,0.5,0,0.4,0.4166666666666667,0.625
Venezuela,VEN,2019,0.207,NA,17.165969894568207,UM,11.76,NA,99.8,0,0,0,NA,NA,0,0,NA,NA,126,65,0.5158730158730159,0.3333333333333333,0.6,0.23529411764705882,1,0.2,0.2857142857142857,0,0.7777777777777778,0.7272727272727273,1,0.8333333333333334,0.5,0.5,0.3333333333333333,0.2,0.4166666666666667,0.75
Venezuela,VEN,2020,0.207,NA,17.163164501528165,NA,11.721,NA,99.9,0,0,0,NA,NA,0,0,NA,NA,126,65,0.5158730158730159,0.3333333333333333,0.5,0.47058823529411764,1,0.2,0.2857142857142857,0,0.7777777777777778,0.7272727272727273,1,0.6666666666666666,0.375,0.5,0.6666666666666666,0.2,0.25,0.625
Venezuela,VEN,2021,0.221,NA,17.17258003521394,NA,11.675,NA,100,0,0,0,NA,NA,0,0,NA,NA,126,68,0.5396825396825397,0.3333333333333333,0.6,0.35294117647058826,1,0.2,0.2857142857142857,0,0.6666666666666666,0.7272727272727273,1,0.8333333333333334,0.5,0.5,0.6666666666666666,0.4,0.4166666666666667,0.625
Venezuela,VEN,2022,0.212,NA,17.158432290146397,NA,11.622,NA,100,0,0,0,NA,NA,0,0,NA,NA,126,67,0.5317460317460317,0.3333333333333333,0.6,0.5294117647058824,0.75,0.4,0.2857142857142857,0.25,0.6666666666666666,0.6363636363636364,1,0.8333333333333334,0.375,0.5,0.6666666666666666,0.2,0.3333333333333333,0.625
Venezuela,VEN,2023,0.211,NA,NA,NA,11.562,NA,100,0,0,0,NA,NA,0,0,NA,NA,126,82,0.6507936507936508,0.3333333333333333,1,0.5294117647058824,0.875,0.6,0.8571428571428571,0.75,0.7777777777777778,0.45454545454545453,1,0.8333333333333334,0.5,0.25,0.6666666666666666,0.2,0.5,0.875
Vietnam,VNM,2015,0.146,7.85460192862841,18.344631772354333,LM,66.191,0.35629,99.3,0,0,0,NA,NA,0,0,NA,NA,126,52,0.4126984126984127,0.3333333333333333,0.3,0.29411764705882354,0.5,0.2,0,0,0.6666666666666666,0.5454545454545454,1,0.5,0.5,0.5,0.16666666666666666,0.4,0.3333333333333333,0.875
Vietnam,VNM,2016,0.15,7.913908812600956,18.354972846026858,LM,65.49,NA,99.2,0,0,0,NA,NA,0,0,NA,NA,126,59,0.46825396825396826,0.3333333333333333,0.4,0.35294117647058826,0.75,0.2,0.14285714285714285,0,0.7777777777777778,0.5454545454545454,0.3333333333333333,0.5,0.5,0.5,0.16666666666666666,0.2,0.75,0.75
Vietnam,VNM,2017,0.152,7.991629467100672,18.365174831039177,LM,64.787,0.41895,100,0,0,0,NA,NA,0,0,NA,NA,126,53,0.42063492063492064,0.3333333333333333,0.3,0.29411764705882354,0.75,0.2,0.14285714285714285,0,0.5555555555555556,0.5454545454545454,1,0.5,0.5,0.5,0.16666666666666666,0.2,0.4166666666666667,0.75
Vietnam,VNM,2018,0.163,8.07785378226109,18.375117935762503,LM,64.081,NA,100,0,0,0,NA,NA,0,0,NA,NA,126,51,0.40476190476190477,0.3333333333333333,0.3,0.4117647058823529,0.625,0.2,0.14285714285714285,0,0.5555555555555556,0.5454545454545454,0.3333333333333333,0.5,0.5,0.5,0,0.4,0.3333333333333333,0.75
Vietnam,VNM,2019,0.212,8.143488417873701,18.38466082598439,LM,63.372,0.41652,99.4,0,0,0,NA,NA,0,0,NA,NA,126,54,0.42857142857142855,0.3333333333333333,0.4,0.23529411764705882,0.75,0.2,0.14285714285714285,0,0.7777777777777778,0.5454545454545454,1,0.5,0.375,0.5,0.3333333333333333,0.2,0.3333333333333333,0.75
Vietnam,VNM,2020,0.211,8.170196839857248,18.393706005041516,LM,62.66,NA,99.8,0,0,0,NA,NA,0,0,NA,NA,126,55,0.4365079365079365,0.3333333333333333,0.3,0.4117647058823529,0.625,0.2,0.14285714285714285,0,0.7777777777777778,0.5454545454545454,0.3333333333333333,0.3333333333333333,0.375,0.5,0.6666666666666666,0.2,0.5,0.625
Vietnam,VNM,2021,0.17,8.217220851150193,18.4021992993099,LM,61.948,0.42494,100,0,0,0,NA,NA,0,0,NA,NA,126,59,0.46825396825396826,0.3333333333333333,0.6,0.29411764705882354,0.75,0.2,0.14285714285714285,0,0.7777777777777778,0.45454545454545453,1,0.5,0.5,0.5,0.6666666666666666,0.4,0.3333333333333333,0.625
Vietnam,VNM,2022,0.154,8.322730814865487,18.40238291507891,LM,61.234,NA,100,0,0,0,NA,NA,0,0,NA,NA,126,51,0.40476190476190477,0.3333333333333333,0.5,0.5294117647058824,0.125,0.2,0.14285714285714285,0.25,0.5555555555555556,0.5454545454545454,0.3333333333333333,0.5,0.25,0.25,0.6666666666666666,0.2,0.3333333333333333,0.625
Vietnam,VNM,2023,0.149,8.362196140818266,NA,LM,60.52,NA,99.8,0,0,0,NA,NA,0,0,NA,NA,126,79,0.626984126984127,0.3333333333333333,1,0.5294117647058824,0.75,0.4,0.8571428571428571,0.75,0.6666666666666666,0.36363636363636365,1,0.8333333333333334,0.5,0.5,0.6666666666666666,0.2,0.5,0.875
Vanuatu,VUT,2015,0.717,7.918116047091273,12.510346313074876,LM,75.039,NA,52.3,0,0,0,NA,NA,0,0,NA,NA,126,80,0.6349206349206349,0.3333333333333333,0.5,0.47058823529411764,0.875,0.2,0.5714285714285714,0,0.8888888888888888,0.7272727272727273,1,0.5,1,0.75,0.16666666666666666,0.6,0.9166666666666666,0.75
Vanuatu,VUT,2016,0.755,7.962067201088156,12.536548367512395,LM,74.938,NA,57.8,0,0,0,NA,NA,0,0,NA,NA,126,81,0.6428571428571429,0.3333333333333333,0.5,0.5294117647058824,1,0.2,0.7142857142857143,0,0.8888888888888888,0.7272727272727273,1,0.5,1,0.75,0.16666666666666666,0.6,0.8333333333333334,0.625
Vanuatu,VUT,2017,0.769,8.05830425599884,12.561993805445098,LM,74.837,NA,62.8,0,0,0,NA,NA,0,0,NA,NA,126,80,0.6349206349206349,0.3333333333333333,0.5,0.47058823529411764,1,0.2,0.7142857142857143,0,0.8888888888888888,0.7272727272727273,1,0.5,1,0.75,0.16666666666666666,0.4,0.9166666666666666,0.625
Vanuatu,VUT,2018,0.763,8.072994315673576,12.586818057347871,LM,74.726,NA,61.6,0,0,0,NA,NA,0,0,NA,NA,126,80,0.6349206349206349,0.3333333333333333,0.5,0.5294117647058824,1,0.2,0.7142857142857143,0,0.8888888888888888,0.7272727272727273,1,0.5,1,0.75,0,0.6,0.9166666666666666,0.5
Vanuatu,VUT,2019,0.753,8.073230418252503,12.611144342929158,LM,74.606,NA,64.5,0,0,0,NA,NA,0,0,NA,NA,126,76,0.6031746031746031,0.3333333333333333,0.6,0.4117647058823529,0.625,0.2,0.7142857142857143,0,0.8888888888888888,0.7272727272727273,0.3333333333333333,0.5,1,0.75,0.3333333333333333,0.6,0.8333333333333334,0.625
Vanuatu,VUT,2020,0.741,8.020594915908383,12.635091506592074,LM,74.475,NA,67.3,0,0,0,NA,NA,0,0,NA,NA,126,80,0.6349206349206349,0.3333333333333333,0.6,0.5882352941176471,0.625,0.2,0.7142857142857143,0,0.8888888888888888,0.7272727272727273,1,0.5,0.875,0.75,0.6666666666666666,0.4,0.8333333333333334,0.5
Vanuatu,VUT,2021,0.769,8.041478285112461,12.658624881162153,LM,74.335,NA,70,0,0,0,NA,NA,0,0,NA,NA,126,77,0.6111111111111112,0.3333333333333333,0.6,0.47058823529411764,0.5,0.2,0.7142857142857143,0,0.8888888888888888,0.6363636363636364,1,0.5,1,0.75,0.6666666666666666,0.6,0.75,0.5
Vanuatu,VUT,2022,0.773,8.09113645884147,12.6969200265805,LM,74.184,NA,71.6,0,0,0,NA,NA,0,0,NA,NA,126,84,0.6666666666666666,0.3333333333333333,0.6,0.6470588235294118,0.625,0.2,0.7142857142857143,0.25,0.8888888888888888,0.6363636363636364,1,0.5,0.875,0.75,0.6666666666666666,0.6,0.9166666666666666,0.625
Vanuatu,VUT,2023,0.796,8.164862038399862,NA,LM,74.024,NA,61.6,0,0,0,NA,NA,0,0,NA,NA,126,93,0.7380952380952381,0.3333333333333333,1,0.6470588235294118,0.625,0.4,1,0.75,0.7777777777777778,0.5454545454545454,1,0.8333333333333334,1,0.5,0.6666666666666666,0.4,0.9166666666666666,0.75
Yemen,YEM,2015,0.186,7.216837080624808,17.092575325495147,LM,65.223,NA,67.4,0,0,0,NA,NA,1,0,2013,2016,126,68,0.5396825396825397,0.3333333333333333,0.5,0.35294117647058826,1,0.2,0.14285714285714285,0,0.7777777777777778,0.6363636363636364,1,0.5,0.5,0.5,0.16666666666666666,0.4,0.8333333333333334,0.875
Yemen,YEM,2016,0.115,6.882806025329765,17.117558097745317,LM,64.606,NA,68.9,0,0,0,NA,NA,1,0,2013,2016,126,65,0.5158730158730159,0.3333333333333333,0.5,0.4117647058823529,0.625,0.2,0.2857142857142857,0,0.7777777777777778,0.6363636363636364,1,0.5,0.5,0.5,0.16666666666666666,0.2,0.8333333333333334,0.75
Yemen,YEM,2017,0.113,6.6984726742397065,17.141797989564118,L,63.984,NA,79.2,0,0,0,NA,NA,0,0,NA,NA,126,66,0.5238095238095238,0.3333333333333333,0.5,0.35294117647058826,1,0.2,0.2857142857142857,0,0.7777777777777778,0.6363636363636364,1,0.5,0.5,0.5,0.16666666666666666,0.4,0.6666666666666666,0.75
Yemen,YEM,2018,0.114,6.451871030092279,17.165368433644822,L,63.358,NA,62,0,0,0,NA,NA,0,0,NA,NA,126,68,0.5396825396825397,0.3333333333333333,0.5,0.4117647058823529,1,0.2,0.2857142857142857,0,0.6666666666666666,0.8181818181818182,1,0.5,0.375,0.5,0,0.4,0.8333333333333334,0.75
Yemen,YEM,2019,0.119,6.435150132563157,17.188374375141123,L,62.727,NA,72.8,0,0,0,NA,NA,0,0,NA,NA,126,70,0.5555555555555556,0.3333333333333333,0.6,0.29411764705882354,1,0.2,0.2857142857142857,0,0.8888888888888888,0.7272727272727273,1,0.5,0.5,0.5,0.3333333333333333,0.2,0.8333333333333334,0.75
Yemen,YEM,2020,0.115,6.327159111420456,17.210889981414862,L,62.092,NA,73.9,0,0,0,NA,NA,0,0,NA,NA,126,72,0.5714285714285714,0.3333333333333333,0.6,0.47058823529411764,1,0.2,0.2857142857142857,0,0.8888888888888888,0.5454545454545454,1,0.3333333333333333,0.375,0.5,0.6666666666666666,0.4,0.8333333333333334,0.75
Yemen,YEM,2021,0.117,6.257999932458491,17.232930276435873,L,61.454,NA,74.9,0,0,0,NA,NA,0,0,NA,NA,126,72,0.5714285714285714,0.3333333333333333,0.5,0.35294117647058826,1,0.2,0.2857142857142857,0,0.8888888888888888,0.7272727272727273,1,0.5,0.5,0.5,0.6666666666666666,0.4,0.8333333333333334,0.625
Yemen,YEM,2022,0.125,6.422763209043182,17.332907915497213,L,60.812,NA,76,0,0,0,NA,NA,0,0,NA,NA,126,75,0.5952380952380952,0.3333333333333333,0.6,0.5882352941176471,1,0.2,0.2857142857142857,0.25,0.6666666666666666,0.7272727272727273,1,0.5,0.375,0.5,0.6666666666666666,0.2,0.8333333333333334,0.75
Yemen,YEM,2023,0.13,6.168373625958824,NA,L,60.169,NA,83.6,0,0,0,NA,NA,0,0,NA,NA,126,85,0.6746031746031746,0.3333333333333333,1,0.4117647058823529,0.875,0.4,0.8571428571428571,0.75,0.8888888888888888,0.5454545454545454,1,0.8333333333333334,0.5,0.5,0.6666666666666666,0.4,0.6666666666666666,0.875
South Africa,ZAF,2015,0.749,8.718054131053545,17.82984407451159,UM,35.172,0.73147,85.3,0,0,0,NA,NA,0,0,NA,NA,126,44,0.3492063492063492,0,0.3,0.23529411764705882,0.625,0.2,0.2857142857142857,0,0.4444444444444444,0.36363636363636365,0.6666666666666666,0.5,0.5,0.25,0.16666666666666666,0.4,0.16666666666666666,0.75
South Africa,ZAF,2016,0.746,8.639624226501326,17.844563408805566,UM,34.659,0.74992,83.9,0,0,0,NA,NA,0,0,NA,NA,126,51,0.40476190476190477,0.3333333333333333,0.2,0.35294117647058826,0.75,0.2,0.14285714285714285,0,0.5555555555555556,0.2727272727272727,1,0.5,0.5,0.5,0.16666666666666666,0.2,0.5833333333333334,0.625
South Africa,ZAF,2017,0.736,8.797599119263866,17.85873288134343,UM,34.15,0.76257,84.4,0,0,0,NA,NA,0,0,NA,NA,126,44,0.3492063492063492,0,0.3,0.35294117647058826,0.75,0.2,0.14285714285714285,0,0.3333333333333333,0.36363636363636365,0.6666666666666666,0.5,0.5,0.5,0.16666666666666666,0.2,0.16666666666666666,0.625
South Africa,ZAF,2018,0.736,8.841329369643837,17.872369913503476,UM,33.645,0.68586,84.7,0,0,0,NA,NA,0,0,NA,NA,126,45,0.35714285714285715,0.3333333333333333,0.5,0.35294117647058826,0.625,0.2,0.14285714285714285,0,0.3333333333333333,0.2727272727272727,1,0.5,0.5,0.25,0,0.4,0.25,0.5
South Africa,ZAF,2019,0.711,8.784730393143237,17.885532833600198,UM,33.144,0.61304,85,0,0,0,NA,NA,0,0,NA,NA,126,48,0.38095238095238093,0.3333333333333333,0.6,0.23529411764705882,0.5,0.2,0.14285714285714285,0,0.5555555555555556,0.36363636363636365,1,0.5,0.375,0.5,0.3333333333333333,0.2,0.25,0.625
South Africa,ZAF,2020,0.714,8.627052262961564,17.898266396233264,UM,32.646,0.6024,90,0,0,0,NA,NA,0,0,NA,NA,126,52,0.4126984126984127,0.3333333333333333,0.6,0.4117647058823529,0.625,0.2,0.14285714285714285,0,0.5555555555555556,0.36363636363636365,1,0.3333333333333333,0.375,0.5,0.6666666666666666,0.2,0.25,0.5
South Africa,ZAF,2021,0.724,8.831039878239304,17.91055480868061,UM,32.153,0.61503,89.3,0,0,0,NA,NA,0,0,NA,NA,126,50,0.3968253968253968,0.3333333333333333,0.6,0.35294117647058826,0.5,0.2,0.14285714285714285,0,0.4444444444444444,0.36363636363636365,1,0.5,0.5,0.25,0.6666666666666666,0.4,0.25,0.375
South Africa,ZAF,2022,0.711,8.783152674257206,17.90808497106311,UM,31.665,0.61729,86.5,0,0,0,NA,NA,0,0,NA,NA,126,57,0.4523809523809524,0.3333333333333333,0.5,0.5294117647058824,0.625,0.2,0.2857142857142857,0.25,0.5555555555555556,0.45454545454545453,1,0.5,0.375,0.5,0.6666666666666666,0.2,0.25,0.5
South Africa,ZAF,2023,0.687,8.703264798307996,NA,UM,31.181,NA,87.7,0,0,0,NA,NA,0,0,NA,NA,126,79,0.626984126984127,0.3333333333333333,1,0.5294117647058824,1,0.4,0.8571428571428571,0.75,0.5555555555555556,0.36363636363636365,1,0.8333333333333334,0.5,0.5,0.6666666666666666,0.2,0.5,0.75
Zambia,ZMB,2015,0.451,7.166943649479128,16.580531340452207,LM,58.093,NA,31.1,0,0,0,NA,NA,1,0,2011,2017,126,64,0.5079365079365079,0.3333333333333333,0.5,0.35294117647058826,1,0.2,0.2857142857142857,0,0.6666666666666666,0.6363636363636364,0.3333333333333333,0.5,0.5,0.5,1,0.4,0.3333333333333333,0.75
Zambia,ZMB,2016,0.388,7.122128708154812,16.610560685990563,LM,57.562,NA,35.4,0,0,0,NA,NA,1,0,2011,2017,126,69,0.5476190476190477,0.3333333333333333,0.5,0.35294117647058826,1,0.2,0.42857142857142855,0,0.7777777777777778,0.5454545454545454,1,0.5,0.5,0.5,1,0.2,0.6666666666666666,0.625
Zambia,ZMB,2017,0.338,7.302136367675032,16.64007531647032,LM,57.024,NA,40.3,0,0,0,NA,NA,1,0,2011,2017,126,62,0.49206349206349204,0.3333333333333333,0.5,0.29411764705882354,0.875,0.2,0.42857142857142855,0,0.5555555555555556,0.6363636363636364,1,0.5,0.5,0.5,1,0.2,0.3333333333333333,0.625
Zambia,ZMB,2018,0.344,7.288859371832124,16.66920184910313,LM,56.479,NA,40.2,0,0,0,NA,NA,0,0,NA,NA,126,60,0.47619047619047616,0.3333333333333333,0.2,0.4117647058823529,0.875,0.2,0.42857142857142855,0,0.5555555555555556,0.5454545454545454,1,0.5,0.5,0.5,0.8333333333333334,0.4,0.3333333333333333,0.625
Zambia,ZMB,2019,0.335,7.138062071315472,16.698132026473633,LM,55.928,NA,43,0,0,0,NA,NA,0,0,NA,NA,126,66,0.5238095238095238,0.3333333333333333,0.6,0.23529411764705882,1,0.2,0.42857142857142855,0,0.7777777777777778,0.6363636363636364,1,0.5,0.375,0.5,1,0.2,0.5,0.625
Zambia,ZMB,2020,0.329,6.858191348067413,16.726988885682257,LM,55.371,NA,44.6,0,0,1,2021,2024,0,0,NA,NA,126,68,0.5396825396825397,0.3333333333333333,0.6,0.47058823529411764,0.875,0.2,0.42857142857142855,0,0.7777777777777778,0.6363636363636364,1,0.3333333333333333,0.375,0.5,1,0.2,0.5,0.625
Zambia,ZMB,2021,0.405,7.027457164911684,16.755764846143663,L,54.808,NA,46.7,0,1,0,2021,2024,0,0,NA,NA,126,67,0.5317460317460317,0.3333333333333333,0.6,0.35294117647058826,1,0.2,0.42857142857142855,0,0.6666666666666666,0.6363636363636364,1,0.5,0.5,0.5,1,0.4,0.4166666666666667,0.5
Zambia,ZMB,2022,0.522,7.27733279626797,16.812126191241155,LM,54.239,NA,47.8,1,1,0,2021,2024,0,0,NA,NA,126,68,0.5396825396825397,0.3333333333333333,0.5,0.5294117647058824,1,0.2,0.42857142857142855,0.25,0.6666666666666666,0.6363636363636364,0.3333333333333333,0.5,0.375,0.5,1,0.2,0.4166666666666667,0.75
Zambia,ZMB,2023,0.529,7.193481294100527,NA,LM,53.665,NA,51.1,0,1,0,2021,2024,0,0,NA,NA,126,82,0.6507936507936508,0.3333333333333333,1,0.5294117647058824,1,0.4,0.8571428571428571,0.75,0.6666666666666666,0.45454545454545453,1,0.8333333333333334,0.375,0.25,1,0.2,0.5,0.875
Zimbabwe,ZWE,2015,0.291,7.234482217636646,16.44123960214214,L,67.615,NA,33.7,0,0,0,NA,NA,0,0,NA,NA,126,58,0.4603174603174603,0.3333333333333333,0.3,0.29411764705882354,0.625,0.2,0,0,0.6666666666666666,0.6363636363636364,1,0.5,0.5,0.5,1,0.4,0.3333333333333333,0.75
Zimbabwe,ZWE,2016,0.289,7.249510226056635,16.456732543021527,L,67.704,NA,42.5,0,0,0,NA,NA,0,0,NA,NA,126,65,0.5158730158730159,0.3333333333333333,0.5,0.35294117647058826,0.625,0.2,0,0,0.7777777777777778,0.5454545454545454,1,0.5,0.5,0.5,1,0.2,0.8333333333333334,0.625
Zimbabwe,ZWE,2017,0.291,8.145573569142094,16.471326601152995,L,67.763,NA,44,0,0,0,NA,NA,0,0,NA,NA,126,56,0.4444444444444444,0.3333333333333333,0.5,0.29411764705882354,0.625,0.2,0,0,0.5555555555555556,0.7272727272727273,0.3333333333333333,0.5,0.5,0.5,1,0.2,0.3333333333333333,0.625
Zimbabwe,ZWE,2018,0.298,7.728351224500348,16.485430416576328,LM,67.791,NA,45.4,0,0,0,NA,NA,0,0,NA,NA,126,59,0.46825396825396826,0.3333333333333333,0.5,0.4117647058823529,0.625,0.2,0.14285714285714285,0,0.5555555555555556,0.6363636363636364,1,0.5,0.5,0.5,0.8333333333333334,0.4,0.25,0.625
Zimbabwe,ZWE,2019,0.288,7.428943764736249,16.49964183543494,LM,67.79,NA,46.7,0,0,0,NA,NA,0,0,NA,NA,126,53,0.42063492063492064,0.3333333333333333,0.3,0.23529411764705882,0.5,0.2,0.14285714285714285,0,0.7777777777777778,0.7272727272727273,0.6666666666666666,0.5,0.375,0.5,1,0.2,0.08333333333333333,0.75
Zimbabwe,ZWE,2020,0.287,7.456115669915909,16.514380549593707,LM,67.758,NA,52.7,0,0,0,NA,NA,0,0,NA,NA,126,64,0.5079365079365079,0.3333333333333333,0.6,0.47058823529411764,0.625,0.2,0.14285714285714285,0,0.7777777777777778,0.7272727272727273,1,0.3333333333333333,0.375,0.5,1,0.2,0.3333333333333333,0.75
Zimbabwe,ZWE,2021,0.286,7.452627327909139,16.529686690508377,LM,67.697,NA,49,0,0,0,NA,NA,0,0,NA,NA,126,63,0.5,0.3333333333333333,0.6,0.29411764705882354,0.625,0.2,0.14285714285714285,0,0.6666666666666666,0.7272727272727273,1,0.5,0.5,0.5,1,0.4,0.4166666666666667,0.625
Zimbabwe,ZWE,2022,0.282,7.620975863410271,16.60793481137066,LM,67.605,NA,50.1,0,0,0,NA,NA,0,0,NA,NA,126,65,0.5158730158730159,0.3333333333333333,0.5,0.5294117647058824,0.75,0.2,0.14285714285714285,0.25,0.6666666666666666,0.6363636363636364,1,0.5,0.375,0.5,1,0.2,0.3333333333333333,0.75
Zimbabwe,ZWE,2023,0.288,7.676025703704143,NA,LM,67.483,NA,62,0,0,0,NA,NA,0,0,NA,NA,126,79,0.626984126984127,0.3333333333333333,1,0.5294117647058824,0.75,0.4,0.8571428571428571,0.75,0.6666666666666666,0.36363636363636365,1,0.8333333333333334,0.375,0.25,1,0.2,0.5,0.875
