goal,target,indicator,series_code,series_description,first_year,last_year,n_years_live,is_stable_core,starts_late,ends_early,status,n_observations,n_observations_country,n_observations_agency,n_declared_missing,n_missing_structural,n_missing_suppressed,pct_country_produced
1,1.1,1.1.1,SI_POV_DAY1,Proportion of population below international poverty line (%),2015,2023,9,TRUE,FALSE,FALSE,stable,4489,0,4489,0,0,0,0
1,1.1,1.1.1,SI_POV_EMP1,"Employed population below international poverty line, by sex and age (%)",2015,2023,9,TRUE,FALSE,FALSE,stable,2574,0,2574,0,0,0,0
1,1.2,1.2.1,SI_POV_NAHC,Proportion of population living below the national poverty line (%),2015,2023,9,TRUE,FALSE,FALSE,stable,516,516,0,0,0,0,100
1,1.2,1.2.2,SD_MDP_ANDI,Average proportion of deprivations for people multidimensionally poor (%),2015,2023,9,TRUE,FALSE,FALSE,stable,189,189,0,0,0,0,100
1,1.2,1.2.2,SD_MDP_ANDIHH,Average share of weighted deprivations of total households (intensity) (%),2015,2023,9,TRUE,FALSE,FALSE,stable,56,56,0,0,0,0,100
1,1.2,1.2.2,SD_MDP_CSMP,Proportion of children living in child-specific multidimensional poverty (%),2015,2019,4,FALSE,FALSE,TRUE,exited_early,25,25,0,0,0,0,100
1,1.2,1.2.2,SD_MDP_MUHC,Proportion of population living in multidimensional poverty (%),2015,2023,9,TRUE,FALSE,FALSE,stable,1849,1849,0,0,0,0,100
1,1.2,1.2.2,SD_MDP_MUHHC,Proportion of households living in multidimensional poverty (%),2015,2023,9,TRUE,FALSE,FALSE,stable,78,78,0,0,0,0,100
1,1.3,1.3.1,SI_COV_BENFTS,"[ILO] Proportion of population covered by at least one social protection benefit, by sex (%)",2015,2023,9,TRUE,FALSE,FALSE,stable,652,0,652,0,0,0,0
1,1.3,1.3.1,SI_COV_CHLD,"[ILO] Proportion of children/households receiving child/family cash benefit, by sex (%)",2015,2023,9,TRUE,FALSE,FALSE,stable,656,0,656,0,0,0,0
1,1.3,1.3.1,SI_COV_DISAB,"[ILO] Proportion of population with severe disabilities receiving disability cash benefit, by sex (%)",2015,2023,9,TRUE,FALSE,FALSE,stable,917,0,917,0,0,0,0
1,1.3,1.3.1,SI_COV_LMKT,[World Bank] Proportion of population covered by labour market programs (%),2015,2023,9,TRUE,FALSE,FALSE,stable,313,313,0,0,0,0,100
1,1.3,1.3.1,SI_COV_MATNL,[ILO] Proportion of mothers with newborns receiving maternity cash benefit (%),2015,2023,9,TRUE,FALSE,FALSE,stable,376,0,376,0,0,0,0
1,1.3,1.3.1,SI_COV_PENSN,"[ILO] Proportion of population above statutory pensionable age receiving a pension, by sex (%)",2015,2023,9,TRUE,FALSE,FALSE,stable,1139,0,1139,0,0,0,0
1,1.3,1.3.1,SI_COV_POOR,"[ILO] Proportion of poor population receiving social assistance cash benefit, by sex (%)",2015,2023,9,TRUE,FALSE,FALSE,stable,290,0,290,0,0,0,0
1,1.3,1.3.1,SI_COV_SOCAST,[World Bank] Proportion of population covered by social assistance programs (%),2015,2023,9,TRUE,FALSE,FALSE,stable,608,608,0,0,0,0,100
1,1.3,1.3.1,SI_COV_SOCINS,[World Bank] Proportion of population covered by social insurance programs (%),2015,2023,9,TRUE,FALSE,FALSE,stable,562,562,0,0,0,0,100
1,1.3,1.3.1,SI_COV_UEMP,"[ILO] Proportion of unemployed persons receiving unemployment cash benefit, by sex (%)",2015,2023,9,TRUE,FALSE,FALSE,stable,1265,0,1265,0,0,0,0
1,1.3,1.3.1,SI_COV_VULN,"[ILO] Proportion of vulnerable population receiving social assistance cash benefit, by sex (%)",2015,2023,9,TRUE,FALSE,FALSE,stable,519,0,519,0,0,0,0
1,1.3,1.3.1,SI_COV_WKINJRY,"[ILO] Proportion of employed population covered in the event of work injury, by sex (%)",2015,2023,9,TRUE,FALSE,FALSE,stable,609,0,609,0,0,0,0
1,1.4,1.4.1,SP_ACS_BSRVH2O,"Proportion of population using basic drinking water services, by location (%)",2015,2023,9,TRUE,FALSE,FALSE,stable,4812,0,4812,0,0,0,0
1,1.4,1.4.1,SP_ACS_BSRVSAN,"Proportion of population using basic sanitation services, by location (%)",2015,2023,9,TRUE,FALSE,FALSE,stable,4754,0,4754,0,0,0,0
1,1.4,1.4.2,SP_LGL_LNDDOC,"Proportion of people with legally recognized documentation of their rights to land out of total adult population, by sex (%)",2015,2023,9,TRUE,FALSE,FALSE,stable,206,45,161,0,0,0,21.8
1,1.4,1.4.2,SP_LGL_LNDSEC,"Proportion of people who perceive their rights to land as secure out of total adult population, by sex (%)",2015,2023,9,TRUE,FALSE,FALSE,stable,83,13,70,0,0,0,15.7
1,1.4,1.4.2,SP_LGL_LNDSTR,"Proportion of people with secure tenure rights to land out of total adult population, by sex (%)",2015,2022,8,FALSE,FALSE,TRUE,exited_early,458,10,448,0,0,0,2.2
1,1.5,1.5.1,VC_DSR_AFFCT,Number of people affected by disaster (number),2015,2023,9,TRUE,FALSE,FALSE,stable,2736,2736,0,0,0,0,100
1,1.5,1.5.1,VC_DSR_DAFF,"Number of directly affected persons attributed to disasters per 100,000 population (number)",2015,2023,9,TRUE,FALSE,FALSE,stable,2736,2736,0,0,0,0,100
1,1.5,1.5.1,VC_DSR_IJILN,Number of injured or ill people attributed to disasters (number),2015,2023,9,TRUE,FALSE,FALSE,stable,2484,2484,0,0,0,0,100
1,1.5,1.5.1,VC_DSR_MISS,Number of missing persons due to disaster (number),2015,2023,9,TRUE,FALSE,FALSE,stable,2223,2223,0,0,0,0,100
1,1.5,1.5.1,VC_DSR_MMHN,Number of deaths and missing persons attributed to disasters (number),2015,2023,9,TRUE,FALSE,FALSE,stable,2943,2943,0,0,0,0,100
1,1.5,1.5.1,VC_DSR_MORT,Number of deaths due to disaster (number),2015,2023,9,TRUE,FALSE,FALSE,stable,2910,2910,0,0,0,0,100
1,1.5,1.5.1,VC_DSR_MTMP,"Number of deaths and missing persons attributed to disasters per 100,000 population (number)",2015,2023,9,TRUE,FALSE,FALSE,stable,2943,2943,0,0,0,0,100
1,1.5,1.5.1,VC_DSR_PDAN,Number of people whose damaged dwellings were attributed to disasters (number),2015,2023,9,TRUE,FALSE,FALSE,stable,2220,2220,0,0,0,0,100
1,1.5,1.5.1,VC_DSR_PDLN,"Number of people whose livelihoods were disrupted or destroyed, attributed to disasters (number)",2015,2023,9,TRUE,FALSE,FALSE,stable,1626,1626,0,0,0,0,100
1,1.5,1.5.1,VC_DSR_PDYN,Number of people whose destroyed dwellings were attributed to disasters (number),2015,2023,9,TRUE,FALSE,FALSE,stable,1947,1947,0,0,0,0,100
1,1.5,1.5.2,VC_DSR_AGLH,Direct agriculture loss attributed to disasters (current United States dollars),2015,2023,9,TRUE,FALSE,FALSE,stable,962,962,0,0,0,0,100
1,1.5,1.5.2,VC_DSR_CHLN,Direct economic loss to cultural heritage damaged or destroyed attributed to disasters (millions of current United States dollars),2015,2023,9,TRUE,FALSE,FALSE,stable,678,678,0,0,0,0,100
1,1.5,1.5.2,VC_DSR_CILN,Direct economic loss resulting from damaged or destroyed critical infrastructure attributed to disasters (current United States dollars),2015,2023,9,TRUE,FALSE,FALSE,stable,1062,1062,0,0,0,0,100
1,1.5,1.5.2,VC_DSR_DDPA,Direct economic loss to other damaged or destroyed productive assets attributed to disasters (current United States dollars),2015,2023,9,TRUE,FALSE,FALSE,stable,664,664,0,0,0,0,100
1,1.5,1.5.2,VC_DSR_GDPLS,Direct economic loss attributed to disasters (current United States dollars),2015,2023,9,TRUE,FALSE,FALSE,stable,1608,1608,0,0,0,0,100
1,1.5,1.5.2,VC_DSR_HOLH,Direct economic loss in the housing sector attributed to disasters (current United States dollars),2015,2023,9,TRUE,FALSE,FALSE,stable,1452,1452,0,0,0,0,100
1,1.5,1.5.2,VC_DSR_LSGP,Direct economic loss attributed to disasters relative to GDP (%),2015,2023,9,TRUE,FALSE,FALSE,stable,1608,1608,0,0,0,0,100
1,1.5,1.5.3,SG_DSR_LGRGSR,Score of adoption and implementation of national DRR strategies in line with the Sendai Framework,2015,2023,9,TRUE,FALSE,FALSE,stable,1917,1917,0,0,0,0,100
1,1.5,1.5.4,SG_DSR_SILN,Number of local governments that adopt and implement local DRR strategies in line with national strategies (number),2015,2023,9,TRUE,FALSE,FALSE,stable,1980,1980,0,0,0,0,100
1,1.5,1.5.4,SG_DSR_SILS,Proportion of local governments that adopt and implement local disaster risk reduction strategies in line with national disaster risk reduction strategies (%),2015,2023,9,TRUE,FALSE,FALSE,stable,1959,1959,0,0,0,0,100
1,1.5,1.5.4,SG_GOV_LOGV,Number of local governments (number),2015,2023,9,TRUE,FALSE,FALSE,stable,2043,2043,0,0,0,0,100
1,1.a,1.a.1,DC_ODA_POVDLG,"Official development assistance grants for poverty reduction, by donor countries (percentage of GNI)",2015,2023,9,TRUE,FALSE,FALSE,stable,368,368,0,0,0,0,100
1,1.a,1.a.1,DC_ODA_POVLG,"Official development assistance grants for poverty reduction, by recipient countries (percentage of GNI)",2015,2023,9,TRUE,FALSE,FALSE,stable,1240,1240,0,0,0,0,100
1,1.a,1.a.2,SD_XPD_ESED,"Proportion of total government spending on essential services, education [UIS methodology] (%)",2015,2023,9,TRUE,FALSE,FALSE,stable,1347,1269,78,0,0,0,94.2
1,1.a,1.a.2,SG_XPD_EDUC,"Proportion of total government spending on essential services, education (%)",2015,2023,9,TRUE,FALSE,FALSE,stable,874,874,0,0,0,0,100
1,1.a,1.a.2,SG_XPD_ESSRV,Proportion of total government spending on essential services (%),2015,2023,9,TRUE,FALSE,FALSE,stable,850,850,0,0,0,0,100
1,1.a,1.a.2,SG_XPD_HLTH,"Proportion of total government spending on essential services, health (%)",2015,2023,9,TRUE,FALSE,FALSE,stable,875,875,0,0,0,0,100
1,1.a,1.a.2,SG_XPD_PROT,"Proportion of total government spending on essential services, social protection (%)",2015,2023,9,TRUE,FALSE,FALSE,stable,851,851,0,0,0,0,100
1,1.b,1.b.1,SG_XPD_PR,Proportion of government spending which benefits the poorest 20 percent (%),2015,2022,8,FALSE,FALSE,TRUE,exited_early,121,121,0,0,0,0,100
1,1.b,1.b.1,SG_XPD_PR_EDUC,Proportion of government spending on education which benefits the poorest 20 percent (%),2015,2020,6,FALSE,FALSE,TRUE,exited_early,40,40,0,0,0,0,100
1,1.b,1.b.1,SG_XPD_PR_HLTH,Proportion of government spending on health which benefits the poorest 20 percent (%),2015,2020,6,FALSE,FALSE,TRUE,exited_early,39,39,0,0,0,0,100
1,1.b,1.b.1,SG_XPD_PR_SOC,Proportion of government spending on social transfers which benefits the poorest 20 percent (%),2015,2022,8,FALSE,FALSE,TRUE,exited_early,119,119,0,0,0,0,100
2,2.1,2.1.1,SN_ITK_DEFC,Prevalence of undernourishment (%),2015,2023,9,TRUE,FALSE,FALSE,stable,1481,0,1481,22,0,1,0
2,2.1,2.1.1,SN_ITK_DEFCN,Number of undernourished people (millions),2015,2023,9,TRUE,FALSE,FALSE,stable,977,0,977,526,0,505,0
2,2.1,2.1.2,AG_PRD_FIESMS,Prevalence of moderate or severe food insecurity in the population (%),2015,2023,9,TRUE,FALSE,FALSE,stable,3417,93,3324,1317,0,513,2.7
2,2.1,2.1.2,AG_PRD_FIESMSN,Population in moderate or severe food insecurity (thousands of people),2015,2023,9,TRUE,FALSE,FALSE,stable,3417,93,3324,1317,0,513,2.7
2,2.1,2.1.2,AG_PRD_FIESS,Prevalence of severe food insecurity in the population (%),2015,2023,9,TRUE,FALSE,FALSE,stable,3390,93,3297,1317,0,513,2.7
2,2.1,2.1.2,AG_PRD_FIESSN,Population in severe food insecurity (thousands of people),2015,2023,9,TRUE,FALSE,FALSE,stable,3218,67,3151,1489,0,762,2.1
2,2.2,2.2.1,SH_STA_STNT,Proportion of children moderately or severely stunted (%),2015,2023,9,TRUE,FALSE,FALSE,stable,4347,0,4347,0,0,0,0
2,2.2,2.2.1,SH_STA_STNTN,Children moderately or severely stunted (thousands),2015,2023,9,TRUE,FALSE,FALSE,stable,4347,0,4347,0,0,0,0
2,2.2,2.2.2,SH_STA_WAST,Proportion of children moderately or severely wasted (%),2015,2023,9,TRUE,FALSE,FALSE,stable,304,304,0,0,0,0,100
2,2.2,2.2.2,SH_STA_WASTN,Children moderately or severely wasted (thousands),2015,2023,9,TRUE,FALSE,FALSE,stable,304,304,0,0,0,0,100
2,2.2,2.2.2,SN_STA_OVWGT,Proportion of children moderately or severely overweight (%),2015,2023,9,TRUE,FALSE,FALSE,stable,4374,0,4374,0,0,0,0
2,2.2,2.2.2,SN_STA_OVWGTN,Children moderately or severely overweight (thousands),2015,2023,9,TRUE,FALSE,FALSE,stable,4374,0,4374,0,0,0,0
2,2.2,2.2.3,SH_STA_ANEM,Proportion of women aged 15-49 years with anaemia (%),2015,2023,9,TRUE,FALSE,FALSE,stable,1728,0,1728,0,0,0,0
2,2.2,2.2.3,SH_STA_ANEM_NPRG,"Proportion of women aged 15-49 years with anaemia, non-pregnant (%)",2015,2023,9,TRUE,FALSE,FALSE,stable,1728,0,1728,0,0,0,0
2,2.2,2.2.3,SH_STA_ANEM_PREG,"Proportion of women aged 15-49 years with anaemia, pregnant (%)",2015,2023,9,TRUE,FALSE,FALSE,stable,1728,0,1728,0,0,0,0
2,2.2,2.2.4,SH_MDD_CHLD,Prevalence of minimum dietary diversity among children aged 6-23 months (%),2015,2023,9,TRUE,FALSE,FALSE,stable,95,95,0,0,0,0,100
2,2.2,2.2.4,SH_MDD_WMN_NPRG,Prevalence of minimum dietary diversity among non-pregnant women aged 15-49 years (%),2020,2023,4,FALSE,TRUE,FALSE,entered_late,62,0,62,298,0,21,0
2,2.3,2.3.1,PD_AGR_LSFP,"Productivity of large-scale food producers (agricultural output per labour day, PPP) (constant 2017 international $)",2015,2023,8,FALSE,FALSE,FALSE,intermittent,326,241,85,786,0,0,73.9
2,2.3,2.3.1,PD_AGR_SSFP,"Productivity of small-scale food producers (agricultural output per labour day, PPP) (constant 2017 international $)",2015,2023,9,TRUE,FALSE,FALSE,stable,339,251,88,921,0,0,74
2,2.3,2.3.2,SI_AGR_LSFP,"Average income of large-scale food producers, PPP (constant 2017 international $)",2015,2022,8,FALSE,FALSE,TRUE,exited_early,168,7,161,1128,0,0,4.2
2,2.3,2.3.2,SI_AGR_SSFP,"Average income of small-scale food producers, PPP (constant 2017 international $)",2015,2022,8,FALSE,FALSE,TRUE,exited_early,181,17,164,1124,0,0,9.4
2,2.4,2.4.1,AG_LND_AGRBIO,Proportion of agricultural land area that has achieved an acceptable or desirable level of use of agro-biodiversity supportive practices (%),2016,2023,8,FALSE,TRUE,FALSE,entered_late,64,64,0,168,0,0,100
2,2.4,2.4.1,AG_LND_AGRWAG,Proportion of agricultural land area that has achieved an acceptable or desirable level of wage rate in agriculture (%),2015,2023,8,FALSE,FALSE,FALSE,intermittent,80,80,0,192,0,0,100
2,2.4,2.4.1,AG_LND_FERTMG,Proportion of agricultural land area that has achieved an acceptable or desirable level of management of fertilizers (%),2017,2023,7,FALSE,TRUE,FALSE,entered_late,75,75,0,156,0,0,100
2,2.4,2.4.1,AG_LND_FIES,Proportion of agricultural land area that has achieved an acceptable or desirable level of food security (%),2018,2023,6,FALSE,TRUE,FALSE,entered_late,64,64,0,104,0,0,100
2,2.4,2.4.1,AG_LND_FOVH,Proportion of agricultural land area that has achieved an acceptable or desirable level of farm output value per hectare (%),2015,2023,8,FALSE,FALSE,FALSE,intermittent,97,97,0,215,0,0,100
2,2.4,2.4.1,AG_LND_H2OAVAIL,Proportion of agricultural land area that has achieved an acceptable or desirable level of variation in water availability (%),2016,2023,7,FALSE,TRUE,FALSE,entered_late,58,58,0,152,0,0,100
2,2.4,2.4.1,AG_LND_LNDSTR,Proportion of agricultural land area that has achieved an acceptable or desirable level of secure tenure rights to agricultural land (%),2016,2023,8,FALSE,TRUE,FALSE,entered_late,106,106,0,278,0,0,100
2,2.4,2.4.1,AG_LND_NFI,Proportion of agricultural land area that has achieved an acceptable or desirable level of net farm income (%),2017,2023,7,FALSE,TRUE,FALSE,entered_late,82,82,0,135,0,0,100
2,2.4,2.4.1,AG_LND_PSTCDSMG,Proportion of agricultural land area that has achieved an acceptable or desirable level of management of pesticides (%),2017,2023,7,FALSE,TRUE,FALSE,entered_late,66,66,0,151,0,0,100
2,2.4,2.4.1,AG_LND_RMM,Proportion of agricultural land area that has achieved an acceptable or desirable level of risk mitigation mechanisms (%),2016,2023,8,FALSE,TRUE,FALSE,entered_late,93,93,0,187,0,0,100
2,2.4,2.4.1,AG_LND_SDGRD,Proportion of agricultural land area that has achieved an acceptable or desirable level of soil degradation (%),2018,2023,6,FALSE,TRUE,FALSE,entered_late,36,36,0,84,0,0,100
2,2.4,2.4.1,AG_LND_SUST,Proportion of agricultural area under productive and sustainable agriculture (%),2020,2023,4,FALSE,TRUE,FALSE,entered_late,14,14,0,26,0,0,100
2,2.4,2.4.1,AG_LND_SUST_PRXCSS,"[PROXY] Progress toward productive and sustainable agriculture, current status score",2015,2023,9,TRUE,FALSE,FALSE,stable,1692,0,1692,0,0,0,0
2,2.4,2.4.1,AG_LND_SUST_PRXTS,"[PROXY] Progress toward productive and sustainable agriculture, trend score",2015,2023,9,TRUE,FALSE,FALSE,stable,1692,0,1692,0,0,0,0
2,2.5,2.5.1,ER_GRF_ANIMKPT,Number of local breeds kept in the country,2015,2023,9,TRUE,FALSE,FALSE,stable,1572,1572,0,12,0,0,100
2,2.5,2.5.1,ER_GRF_ANIMKPT_TRB,Number of transboundary breeds (including extinct ones),2015,2023,9,TRUE,FALSE,FALSE,stable,1601,1601,0,19,0,0,100
2,2.5,2.5.1,ER_GRF_ANIMRCNTN,Number of local breeds for which sufficient genetic resources are stored for reconstitution,2015,2023,9,TRUE,FALSE,FALSE,stable,537,198,339,507,0,0,36.9
2,2.5,2.5.1,ER_GRF_ANIMRCNTN_TRB,Number of transboundary breeds for which sufficient genetic resources are stored for reconstitution,2015,2023,9,TRUE,FALSE,FALSE,stable,523,190,333,494,0,0,36.3
2,2.5,2.5.1,ER_GRF_PLNTSTOR,Plant genetic resources accessions stored ex situ (number),2016,2023,8,FALSE,TRUE,FALSE,entered_late,944,410,534,360,360,0,43.4
2,2.5,2.5.2,ER_NOEX_LBREDN,Number of local breeds (not extinct) (number),2015,2023,9,TRUE,FALSE,FALSE,stable,1563,409,1154,12,0,0,26.2
2,2.5,2.5.2,ER_NOEX_TRBBREDN,Number of transboundary breeds (not extinct) (number),2015,2023,9,TRUE,FALSE,FALSE,stable,1601,0,1601,19,0,0,0
2,2.5,2.5.2,ER_RSK_LBREDS,Proportion of local breeds classified as being at risk of extinction as a share of local breeds with known level of extinction risk (%),2015,2023,9,TRUE,FALSE,FALSE,stable,740,409,331,592,0,0,55.3
2,2.5,2.5.2,ER_RSK_TRBBREDS,Proportion of transboundary breeds classified as being at risk of extinction as a share of local breeds with known level of extinction risk (%),2015,2023,9,TRUE,FALSE,FALSE,stable,765,0,765,504,0,0,0
2,2.5,2.5.2,ER_UNK_LBREDN,Number of local breeds with unknown risk status (number),2015,2023,9,TRUE,FALSE,FALSE,stable,1563,409,1154,12,0,0,26.2
2,2.5,2.5.2,ER_UNK_TRBBREDN,Number of transboundary breeds with unknown risk status (number),2015,2023,9,TRUE,FALSE,FALSE,stable,1601,0,1601,19,0,0,0
2,2.a,2.a.1,AG_PRD_AGVAS,Agriculture value added share of GDP (%),2015,2023,9,TRUE,FALSE,FALSE,stable,1601,0,1601,100,0,0,0
2,2.a,2.a.1,AG_PRD_ORTIND,Agriculture orientation index for government expenditures,2015,2023,9,TRUE,FALSE,FALSE,stable,1601,0,1601,100,0,0,0
2,2.a,2.a.1,AG_XPD_AGSGB,Agriculture share of Government Expenditure (%),2015,2023,9,TRUE,FALSE,FALSE,stable,1601,0,1601,100,0,0,0
2,2.a,2.a.2,DC_TOF_AGRL,"Total official flows (disbursements) for agriculture, by recipient countries (millions of constant 2024 United States dollars)",2015,2023,9,TRUE,FALSE,FALSE,stable,1237,1237,0,0,0,0,100
2,2.b,2.b.1,AG_PRD_XSUBDY,Agricultural export subsidies (millions of current United States dollars),2015,2023,9,TRUE,FALSE,FALSE,stable,108,108,0,0,0,0,100
2,2.c,2.c.1,AG_FPA_CFPI,"Indicator of Food Price Anomalies (IFPA), by Consumer Food Price Index",2015,2023,9,TRUE,FALSE,FALSE,stable,1644,0,1644,3,0,0,0
2,2.c,2.c.1,AG_FPA_COMM,"Indicator of Food Price Anomalies (IFPA), by type of product",2015,2023,9,TRUE,FALSE,FALSE,stable,1798,0,1798,326,0,0,0
3,3.1,3.1.1,SH_STA_MORT,Maternal mortality ratio,2015,2023,9,TRUE,FALSE,FALSE,stable,1737,0,1737,0,0,0,0
3,3.1,3.1.2,SH_STA_BRTC,Proportion of births attended by skilled health personnel (%),2015,2023,9,TRUE,FALSE,FALSE,stable,870,870,0,0,0,0,100
3,3.2,3.2.1,SH_DYN_IMRT,"Infant mortality rate (deaths per 1,000 live births)",2015,2023,9,TRUE,FALSE,FALSE,stable,5238,5238,0,0,0,0,100
3,3.2,3.2.1,SH_DYN_IMRTN,Infant deaths (number),2015,2023,9,TRUE,FALSE,FALSE,stable,5238,5238,0,0,0,0,100
3,3.2,3.2.1,SH_DYN_MORT,"Under-five mortality rate, by sex (deaths per 1,000 live births)",2015,2023,9,TRUE,FALSE,FALSE,stable,5238,5238,0,0,0,0,100
3,3.2,3.2.1,SH_DYN_MORTN,Under-five deaths (number),2015,2023,9,TRUE,FALSE,FALSE,stable,5238,5238,0,0,0,0,100
3,3.2,3.2.2,SH_DYN_NMRT,"Neonatal mortality rate (deaths per 1,000 live births)",2015,2023,9,TRUE,FALSE,FALSE,stable,1746,1746,0,0,0,0,100
3,3.2,3.2.2,SH_DYN_NMRTN,Neonatal deaths (number),2015,2023,9,TRUE,FALSE,FALSE,stable,1746,1746,0,0,0,0,100
3,3.3,3.3.1,SH_HIV_INCD,"Number of new HIV infections per 1,000 uninfected population, by sex and age (per 1,000 uninfected population)",2015,2023,9,TRUE,FALSE,FALSE,stable,15977,0,15977,5434,0,5434,0
3,3.3,3.3.2,SH_TBS_INCD,"Tuberculosis incidence (per 100,000 population)",2015,2023,9,TRUE,FALSE,FALSE,stable,1746,0,1746,9,0,0,0
3,3.3,3.3.3,SH_STA_MALR,"Malaria incidence per 1,000 population at risk (per 1,000 population)",2015,2023,9,TRUE,FALSE,FALSE,stable,963,690,273,0,0,0,71.7
3,3.3,3.3.4,SH_HAP_HBSAG_26,"Prevalence of hepatitis B surface antigen (HBsAg), 2026 methodology (%)",2015,2023,9,TRUE,FALSE,FALSE,stable,1764,0,1764,0,0,0,0
3,3.3,3.3.5,SH_TRP_INTVN,Number of people requiring interventions against neglected tropical diseases (number),2015,2023,9,TRUE,FALSE,FALSE,stable,1728,1728,0,0,0,0,100
3,3.4,3.4.1,SH_DTH_NCOM,"Mortality rate attributed to cardiovascular disease, cancer, diabetes or chronic respiratory disease (probability)",2015,2021,4,FALSE,FALSE,TRUE,exited_early,2208,756,1452,0,0,0,34.2
3,3.4,3.4.2,SH_STA_SCIDE,"Suicide mortality rate, by sex (deaths per 100,000 population)",2015,2021,4,FALSE,FALSE,TRUE,exited_early,2208,756,1452,0,0,0,34.2
3,3.5,3.5.1,SH_SUD_ALCOL,"Alcohol use disorders, 12-month prevalence (%)",2016,2016,1,FALSE,TRUE,TRUE,entered_late,564,0,0,0,0,0,0
3,3.5,3.5.1,SH_SUD_TREAT,"Coverage of treatment interventions (pharmacological, psychosocial and rehabilitation and aftercare services) for substance use disorders (%)",2015,2023,9,TRUE,FALSE,FALSE,stable,2361,148,2213,0,0,0,6.3
3,3.5,3.5.2,SH_ALC_CONSPT,Alcohol consumption per capita (aged 15 years and older) within a calendar year (litres of pure alcohol),2015,2023,9,TRUE,FALSE,FALSE,stable,1710,0,1710,9,9,0,0
3,3.6,3.6.1,SH_STA_TRAF,"Death rate due to road traffic injuries, by sex (per 100,000 population)",2021,2021,1,FALSE,TRUE,TRUE,entered_late,192,101,91,0,0,0,52.6
3,3.6,3.6.1,SH_STA_TRAFN,Number of deaths rate due to road traffic injuries,2021,2021,1,FALSE,TRUE,TRUE,entered_late,192,101,91,0,0,0,52.6
3,3.7,3.7.1,SH_FPL_MTMM,Proportion of women of reproductive age (aged 15-49 years) who have their need for family planning satisfied with modern methods (% of women aged 15-49 years),2015,2023,9,TRUE,FALSE,FALSE,stable,183,183,0,0,0,0,100
3,3.7,3.7.2,SP_DYN_ADKL,"Adolescent birth rate (per 1,000 women aged 15-19 and 10-14 years)",2015,2023,9,TRUE,FALSE,FALSE,stable,1949,1949,0,0,0,0,100
3,3.8,3.8.1,SH_ACS_UNHC_25,"Universal health coverage (UHC) service coverage index, 2025 methodology",2015,2023,9,TRUE,FALSE,FALSE,stable,1737,0,1737,0,0,0,0
3,3.8,3.8.2,SH_OOP_XPD_EARNNET40,"Proportion of the population with positive out-of-pocket household expenditure on health exceeding 40% of household discretionary budget, by location, quintile, type of household and characteristics of the head of household (%)",2015,2023,9,TRUE,FALSE,FALSE,stable,4312,741,3571,0,0,0,17.2
3,3.9,3.9.1,SH_AAP_ASMORT,"Age-standardized mortality rate attributed to ambient air pollution (deaths per 100,000 population)",2019,2019,1,FALSE,TRUE,TRUE,entered_late,183,0,183,9,0,0,0
3,3.9,3.9.1,SH_HAP_ASMORT,"Age-standardized mortality rate attributed to household air pollution (deaths per 100,000 population)",2019,2019,1,FALSE,TRUE,TRUE,entered_late,180,0,180,9,0,0,0
3,3.9,3.9.1,SH_STA_ASAIRP,"Age-standardized mortality rate attributed to household and ambient air pollution (deaths per 100,000 population)",2019,2019,1,FALSE,TRUE,TRUE,entered_late,183,0,183,9,0,0,0
3,3.9,3.9.2,SH_STA_WASHARI,"Mortality rate attributed to unsafe water, unsafe sanitation and lack of hygiene from diarrhoea, intestinal nematode infections, malnutrition and acute respiratory infections (deaths per 100,000 population)",2019,2019,1,FALSE,TRUE,TRUE,entered_late,183,0,183,0,0,0,0
3,3.9,3.9.3,SH_STA_POISN,"Mortality rate attributed to unintentional poisonings, by sex (deaths per 100,000 population)",2015,2021,4,FALSE,FALSE,TRUE,exited_early,2208,756,1452,0,0,0,34.2
3,3.a,3.a.1,SH_PRV_SMOK,"Age-standardized prevalence of current tobacco use among persons aged 15 years and older, by sex (%)",2015,2020,2,FALSE,FALSE,TRUE,exited_early,990,0,990,0,0,0,0
3,3.b,3.b.1,SH_ACS_DTP3,Proportion of the target population who received 3 doses of diphtheria-tetanus-pertussis (DTP3) vaccine (%),2015,2023,9,TRUE,FALSE,FALSE,stable,1728,0,1728,0,0,0,0
3,3.b,3.b.1,SH_ACS_HPV,Proportion of the target population who received the final dose of human papillomavirus (HPV) vaccine (%),2015,2023,9,TRUE,FALSE,FALSE,stable,807,0,807,921,0,0,0
3,3.b,3.b.1,SH_ACS_MCV2,Proportion of the target population who received measles-containing-vaccine second-dose (MCV2) (%),2015,2023,9,TRUE,FALSE,FALSE,stable,1555,0,1555,173,0,0,0
3,3.b,3.b.1,SH_ACS_PCV3,Proportion of the target population who received a 3rd dose of pneumococcal conjugate (PCV3) vaccine (%),2015,2023,9,TRUE,FALSE,FALSE,stable,1269,0,1269,459,0,0,0
3,3.b,3.b.2,DC_TOF_HLTHL,"Total official development assistance to medical research and basic health sectors, gross disbursement, by recipient countries (millions of constant 2024 United States dollars)",2015,2023,9,TRUE,FALSE,FALSE,stable,1236,1236,0,0,0,0,100
3,3.b,3.b.2,DC_TOF_HLTHNT,"Total official development assistance to medical research and basic health sectors, net disbursement, by recipient countries (millions of constant 2024 United States dollars)",2015,2023,9,TRUE,FALSE,FALSE,stable,1238,1238,0,0,0,0,100
3,3.b,3.b.3,SH_HLF_EMED,Proportion of health facilities that have a core set of relevant essential medicines available and affordable on a sustainable basis (%),2015,2019,3,FALSE,FALSE,TRUE,exited_early,20,20,0,0,0,0,100
3,3.c,3.c.1,SH_MED_DEN,"Health worker density, by type of occupation (per 10,000 population)",2015,2023,9,TRUE,FALSE,FALSE,stable,4646,4646,0,0,0,0,100
3,3.c,3.c.1,SH_MED_HWRKDIS,"Health worker distribution, by sex and type of occupation (%)",2015,2023,9,TRUE,FALSE,FALSE,stable,2794,2794,0,0,0,0,100
3,3.d,3.d.1,SH_IHR_CAPS,"International Health Regulations (IHR) capacity, by type of IHR capacity (%)",2015,2023,9,TRUE,FALSE,FALSE,stable,20601,20601,0,0,0,0,100
3,3.d,3.d.2,SH_BLD_ECOLI,"Percentage of bloodstream infection due to Escherichia coli resistant to 3rd-generation cephalosporin (e.g., ESBL- E. coli) among patients seeking care and whose blood sample is taken and tested (%)",2016,2022,7,FALSE,TRUE,TRUE,entered_late,415,415,0,0,0,0,100
3,3.d,3.d.2,SH_BLD_MRSA,Percentage of bloodstream infection due to methicillin-resistant Staphylococcus aureus (MRSA) among patients seeking care and whose blood sample is taken and tested (%),2016,2022,7,FALSE,TRUE,TRUE,entered_late,405,405,0,0,0,0,100
4,4.1,4.1.1,SE_TOT_PRFL,Proportion of children and young people achieving a minimum proficiency level in reading and mathematics (%),2015,2023,8,FALSE,FALSE,FALSE,intermittent,2325,2325,0,0,0,0,100
4,4.1,4.1.2,SE_TOT_CPLR,"Completion rate, by sex, location, wealth quintile and education level (%)",2015,2023,9,TRUE,FALSE,FALSE,stable,44295,44295,0,0,0,0,100
4,4.2,4.2.1,SE_DEV_ONTRK,"Proportion of children aged 36−59 months who are developmentally on track in at least three of the following domains: literacy-numeracy, physical development, social-emotional development, and learning (% of children aged 36-59 months)",2015,2021,7,FALSE,FALSE,TRUE,exited_early,145,145,0,0,0,0,100
4,4.2,4.2.1,SE_DEV_ONTRKWB,"Percentage of children aged 24-59 months of age who are developmentally on track in health, learning and psychosocial well-being (% of children aged 24-59 months)",2021,2023,3,FALSE,TRUE,FALSE,entered_late,84,84,0,0,0,0,100
4,4.2,4.2.2,SE_PRE_PARTN,"Participation rate in organized learning (one year before the official primary entry age), by sex (%)",2015,2023,9,TRUE,FALSE,FALSE,stable,3339,2312,1027,0,0,0,69.2
4,4.3,4.3.1,SE_ADT_EDUCTRN,"Participation rate in formal and non-formal education and training, by sex (%)",2015,2023,9,TRUE,FALSE,FALSE,stable,8847,246,8601,0,0,0,2.8
4,4.4,4.4.1,SE_ADT_ACTS,"Proportion of youth and adults with information and communications technology (ICT) skills, by sex and type of skill (%)",2015,2023,9,TRUE,FALSE,FALSE,stable,84967,84967,0,0,0,0,100
4,4.5,4.5.1,SE_ADT_AGP_LITR,Adjusted gender parity index for youth/adult literacy rate (ratio),2015,2023,9,TRUE,FALSE,FALSE,stable,1247,1003,244,0,0,0,80.4
4,4.5,4.5.1,SE_ADT_ALP_LITR,Adjusted location parity index for youth/adult literacy rate (ratio),2015,2023,9,TRUE,FALSE,FALSE,stable,1080,861,219,0,0,0,79.7
4,4.5,4.5.1,SE_ADT_AMP_LITR,Adjusted immigration status parity index for youth/adult literacy rate (ratio),2019,2023,4,FALSE,TRUE,FALSE,entered_late,30,30,0,0,0,0,100
4,4.5,4.5.1,SE_ADT_AWP_LITR,Adjusted wealth parity index for youth/adult literacy rate (ratio),2015,2023,9,TRUE,FALSE,FALSE,stable,290,96,194,0,0,0,33.1
4,4.5,4.5.1,SE_AGP_CPRA,"Adjusted gender parity index for completion rate, by location, wealth quintile and education level",2015,2023,9,TRUE,FALSE,FALSE,stable,7932,7932,0,0,0,0,100
4,4.5,4.5.1,SE_ALP_CPLR,"Adjusted location parity index for completion rate, by sex, wealth quintile and education level",2015,2023,9,TRUE,FALSE,FALSE,stable,6443,6443,0,0,0,0,100
4,4.5,4.5.1,SE_AWP_CPRA,"Adjusted wealth parity index for completion rate, by sex, location and education level",2015,2023,9,TRUE,FALSE,FALSE,stable,3488,3488,0,0,0,0,100
4,4.5,4.5.1,SE_GPI_ICTS,"Gender parity index for youth/adults with information and communications technology (ICT) skills, by type of skill (ratio)",2015,2023,9,TRUE,FALSE,FALSE,stable,5938,5938,0,0,0,0,100
4,4.5,4.5.1,SE_GPI_PART,Adjusted gender parity index for participation rate in formal and non-formal education and training (ratio),2015,2023,9,TRUE,FALSE,FALSE,stable,2954,82,2872,0,0,0,2.8
4,4.5,4.5.1,SE_GPI_PTNPRE,"Adjusted gender parity index for participation rate in organized learning (one year before the official primary entry age), (ratio)",2015,2023,9,TRUE,FALSE,FALSE,stable,1101,759,342,0,0,0,68.9
4,4.5,4.5.1,SE_GPI_TCAQ,"Adjusted gender parity index for the proportion of teachers with the minimum required qualifications, by education level (ratio)",2015,2023,9,TRUE,FALSE,FALSE,stable,2426,2395,31,0,0,0,98.7
4,4.5,4.5.1,SE_LGP_ACHI,Adjusted language test parity index for achieving a minimum proficiency level in reading and mathematics (ratio),2015,2023,8,FALSE,FALSE,FALSE,intermittent,645,645,0,0,0,0,100
4,4.5,4.5.1,SE_NAP_ACHI,Adjusted immigration status parity index for achieving a minimum proficiency level in reading and mathematics (ratio),2015,2023,6,FALSE,FALSE,FALSE,intermittent,505,505,0,0,0,0,100
4,4.5,4.5.1,SE_TOT_GPI,Adjusted gender parity index for achieving a minimum proficiency level in reading and mathematics (ratio),2015,2023,8,FALSE,FALSE,FALSE,intermittent,760,760,0,0,0,0,100
4,4.5,4.5.1,SE_TOT_RUPI,Adjusted rural to urban parity index for achieving a minimum proficiency level in reading and mathematics (ratio),2015,2023,7,FALSE,FALSE,FALSE,intermittent,372,372,0,0,0,0,100
4,4.5,4.5.1,SE_TOT_SESPI,Adjusted low to high socio-economic parity index for achieving a minimum proficiency level in reading and mathematics (ratio),2015,2023,8,FALSE,FALSE,FALSE,intermittent,679,679,0,0,0,0,100
4,4.6,4.6.1,SE_ADT_LITR,Youth/adult literacy rate (%),2015,2023,9,TRUE,FALSE,FALSE,stable,3803,3027,776,0,0,0,79.6
4,4.7,4.7.1,SE_GCEDESD_CUR,Extent to which global citizenship education and education for sustainable development are mainstreamed in curricula,2020,2020,1,FALSE,TRUE,TRUE,entered_late,177,177,0,0,0,0,100
4,4.7,4.7.1,SE_GCEDESD_NEP,Extent to which global citizenship education and education for sustainable development are mainstreamed in national education policies,2020,2020,1,FALSE,TRUE,TRUE,entered_late,192,192,0,0,0,0,100
4,4.7,4.7.1,SE_GCEDESD_SAS,Extent to which global citizenship education and education for sustainable development are mainstreamed in student assessment,2020,2020,1,FALSE,TRUE,TRUE,entered_late,192,192,0,0,0,0,100
4,4.7,4.7.1,SE_GCEDESD_TED,Extent to which global citizenship education and education for sustainable development are mainstreamed in teacher education,2020,2020,1,FALSE,TRUE,TRUE,entered_late,186,186,0,0,0,0,100
4,4.7,4.7.1,SE_SGE_BIODIV,Score on greening education in biodiversity (%),2023,2023,1,FALSE,TRUE,FALSE,entered_late,327,327,0,0,0,0,100
4,4.7,4.7.1,SE_SGE_CLIMCH,Score on greening education in climate change (%),2023,2023,1,FALSE,TRUE,FALSE,entered_late,327,327,0,0,0,0,100
4,4.7,4.7.1,SE_SGE_ENVSUST,Score on greening education in environment and sustainability (%),2023,2023,1,FALSE,TRUE,FALSE,entered_late,327,327,0,0,0,0,100
4,4.7,4.7.1,SE_SGE_OVERALL,"Score on greening education in environment and sustainability, climate change, and biodiversity (%)",2023,2023,1,FALSE,TRUE,FALSE,entered_late,327,327,0,0,0,0,100
4,4.a,4.a.1,SE_ACC_HNDWSH,"Proportion of schools with basic handwashing facilities, by education level (%)",2015,2023,9,TRUE,FALSE,FALSE,stable,2214,2213,1,0,0,0,100
4,4.a,4.a.1,SE_ACS_CMPTR,"Proportion of schools with access to computers for pedagogical purposes, by education level (%)",2015,2023,9,TRUE,FALSE,FALSE,stable,3274,3031,243,0,0,0,92.6
4,4.a,4.a.1,SE_ACS_ELECT,"Proportion of schools with access to electricity, by education level (%)",2015,2023,9,TRUE,FALSE,FALSE,stable,2704,2689,15,0,0,0,99.4
4,4.a,4.a.1,SE_ACS_H2O,"Proportion of schools with access to basic drinking water, by education level (%)",2015,2023,9,TRUE,FALSE,FALSE,stable,2376,2358,18,0,0,0,99.2
4,4.a,4.a.1,SE_ACS_INTNT,"Proportion of schools with access to the internet for pedagogical purposes, by education level (%)",2015,2023,9,TRUE,FALSE,FALSE,stable,3022,2909,113,0,0,0,96.3
4,4.a,4.a.1,SE_ACS_SANIT,"Proportion of schools with access to single-sex basic sanitation, by education level (%)",2015,2023,9,TRUE,FALSE,FALSE,stable,2060,2047,13,0,0,0,99.4
4,4.a,4.a.1,SE_INF_DSBL,"Proportion of schools with access to adapted infrastructure and materials for students with disabilities, by education level (%)",2015,2023,9,TRUE,FALSE,FALSE,stable,1131,1131,0,0,0,0,100
4,4.b,4.b.1,DC_TOF_SCHIPSL,"Total official flows for scholarships, by recipient countries (millions of constant 2024 United States dollars)",2015,2023,9,TRUE,FALSE,FALSE,stable,1240,1240,0,0,0,0,100
4,4.c,4.c.1,SE_TRA_GRDL,"Proportion of teachers with the minimum required qualifications, by education level and sex (%)",2015,2023,9,TRUE,FALSE,FALSE,stable,8635,8613,22,0,0,0,99.7
5,5.1,5.1.1,SG_LGL_GENEQEMP,"Legal frameworks that promote, enforce and monitor gender equality (percentage of achievement, 0 - 100) -- Area 3: employment and economic benefits",2018,2022,3,FALSE,TRUE,TRUE,entered_late,268,0,268,0,0,0,0
5,5.1,5.1.1,SG_LGL_GENEQLFP,"Legal frameworks that promote, enforce and monitor gender equality (percentage of achievement, 0 - 100) -- Area 1: overarching legal frameworks and public life",2018,2022,3,FALSE,TRUE,TRUE,entered_late,268,0,268,0,0,0,0
5,5.1,5.1.1,SG_LGL_GENEQMAR,"Legal frameworks that promote, enforce and monitor gender equality (percentage of achievement, 0 - 100) -- Area 4: marriage and family",2018,2022,3,FALSE,TRUE,TRUE,entered_late,268,0,268,0,0,0,0
5,5.1,5.1.1,SG_LGL_GENEQVAW,"Legal frameworks that promote, enforce and monitor gender equality (percentage of achievement, 0 - 100) --  Area 2: violence against women",2018,2022,3,FALSE,TRUE,TRUE,entered_late,268,0,268,0,0,0,0
5,5.2,5.2.1,VC_VAW_MARR,"Proportion of ever-partnered women and girls subjected to physical and/or sexual violence by a current or former intimate partner in the previous 12 months, by age (%)",2023,2023,1,FALSE,TRUE,FALSE,entered_late,322,0,322,0,0,0,0
5,5.2,5.2.2,VC_VAW_NONMARR,Proportion of women and girls aged 15 years and older subjected to sexual violence by persons other than an intimate partner in the previous 12 months (%),2023,2023,1,FALSE,TRUE,FALSE,entered_late,248,0,248,0,0,0,0
5,5.3,5.3.1,SP_DYN_MRBF15,Proportion of women aged 20-24 years who were married or in a union before age 15 (%),2015,2023,9,TRUE,FALSE,FALSE,stable,105,105,0,0,0,0,100
5,5.3,5.3.1,SP_DYN_MRBF18,Proportion of women aged 20-24 years who were married or in a union before age 18 (%),2015,2023,9,TRUE,FALSE,FALSE,stable,108,108,0,0,0,0,100
5,5.3,5.3.2,SH_STA_FGMS,"Proportion of girls and women aged 15-49 years who have undergone female genital mutilation, by age (%)",2015,2023,9,TRUE,FALSE,FALSE,stable,23,23,0,0,0,0,100
5,5.4,5.4.1,SL_DOM_TSPD,"Proportion of time spent on unpaid domestic chores and care work, by sex, age and location (%)",2015,2023,9,TRUE,FALSE,FALSE,stable,1676,1676,0,0,0,0,100
5,5.4,5.4.1,SL_DOM_TSPDCW,"Proportion of time spent on unpaid care work, by sex, age and location (%)",2015,2023,9,TRUE,FALSE,FALSE,stable,1411,1411,0,0,0,0,100
5,5.4,5.4.1,SL_DOM_TSPDDC,"Proportion of time spent on unpaid domestic chores, by sex, age and location (%)",2015,2023,9,TRUE,FALSE,FALSE,stable,1441,1441,0,0,0,0,100
5,5.5,5.5.1,SG_GEN_LOCGELS,Proportion of elected seats held by women in deliberative bodies of local government (%),2015,2023,9,TRUE,FALSE,FALSE,stable,339,339,0,28,28,0,100
5,5.5,5.5.1,SG_GEN_PARL,Proportion of seats held by women in national parliaments (% of total number of seats),2015,2023,9,TRUE,FALSE,FALSE,stable,1713,1713,0,14,0,0,100
5,5.5,5.5.1,SG_GEN_PARLN,Number of seats held by women in national parliaments (number),2015,2023,9,TRUE,FALSE,FALSE,stable,1713,1713,0,14,0,0,100
5,5.5,5.5.1,SG_GEN_PARLNT,Current number of seats in national parliaments (number),2021,2023,3,FALSE,TRUE,FALSE,entered_late,566,566,0,11,0,0,100
5,5.5,5.5.2,IC_GEN_MGTL,Proportion of women in managerial positions - 13th ICLS (%),2015,2023,9,TRUE,FALSE,FALSE,stable,937,937,0,0,0,0,100
5,5.5,5.5.2,IC_GEN_MGTL_19ICLS,Proportion of women in managerial positions - 19th ICLS (%),2015,2023,9,TRUE,FALSE,FALSE,stable,566,566,0,0,0,0,100
5,5.5,5.5.2,IC_GEN_MGTN,Proportion of women in senior and middle management positions - 13th ICLS (%),2015,2023,9,TRUE,FALSE,FALSE,stable,787,787,0,0,0,0,100
5,5.5,5.5.2,IC_GEN_MGTN_19ICLS,Proportion of women in senior and middle management positions - 19th ICLS (%),2015,2023,9,TRUE,FALSE,FALSE,stable,443,443,0,0,0,0,100
5,5.6,5.6.1,SH_FPL_INFM,"Proportion of women who make their own informed decisions regarding sexual relations, contraceptive use and reproductive health care (% of women aged 15-49 years)",2015,2023,9,TRUE,FALSE,FALSE,stable,77,77,0,0,0,0,100
5,5.6,5.6.1,SH_FPL_INFMCU,Proportion of women who make their own informed decisions regarding contraceptive use (% of women aged 15-49 years),2015,2023,9,TRUE,FALSE,FALSE,stable,77,77,0,0,0,0,100
5,5.6,5.6.1,SH_FPL_INFMRH,Proportion of women who make their own informed decisions regarding reproductive health care (% of women aged 15-49 years),2015,2023,9,TRUE,FALSE,FALSE,stable,77,77,0,0,0,0,100
5,5.6,5.6.1,SH_FPL_INFMSR,Proportion of women who make their own informed decisions regarding sexual relations (% of women aged 15-49 years),2015,2023,9,TRUE,FALSE,FALSE,stable,77,77,0,0,0,0,100
5,5.6,5.6.2,SH_LGR_ACSRHE,"Extent to which countries have laws and regulations that guarantee full and equal access to women and men aged 15 years and older to sexual and reproductive health care, information and education (%)",2019,2022,2,FALSE,TRUE,TRUE,entered_late,115,115,0,38,0,0,100
5,5.6,5.6.2,SH_LGR_ACSRHEC1,"(S.1.C.1) Extent to which countries have laws and regulations that guarantee full and equal access to women and men aged 15 years and older to sexual and reproductive health care, information and education: Component 1: Maternity Care (%)",2019,2022,2,FALSE,TRUE,TRUE,entered_late,147,147,0,6,0,0,100
5,5.6,5.6.2,SH_LGR_ACSRHEC10,"(S.4.C.10) Extent to which countries have laws and regulations that guarantee full and equal access to women and men aged 15 years and older to sexual and reproductive health care, information and education: Component 10: HIV Counselling and Test Services",2019,2022,2,FALSE,TRUE,TRUE,entered_late,151,151,0,2,0,0,100
5,5.6,5.6.2,SH_LGR_ACSRHEC11,"(S.4.C.11) Extent to which countries have laws and regulations that guarantee full and equal access to women and men aged 15 years and older to sexual and reproductive health care, information and education: Component 11: HIV Treatment and Care Services (%)",2019,2022,2,FALSE,TRUE,TRUE,entered_late,151,151,0,2,0,0,100
5,5.6,5.6.2,SH_LGR_ACSRHEC12,"(S.4.C.12) Extent to which countries have laws and regulations that guarantee full and equal access to women and men aged 15 years and older to sexual and reproductive health care, information and education: Component 12: HIV Confidentiality (%)",2019,2022,2,FALSE,TRUE,TRUE,entered_late,151,151,0,2,0,0,100
5,5.6,5.6.2,SH_LGR_ACSRHEC13,"(S.4.C.13) Extent to which countries have laws and regulations that guarantee full and equal access to women and men aged 15 years and older to sexual and reproductive health care, information and education: Component 13: HPV Vaccine (%)",2019,2022,2,FALSE,TRUE,TRUE,entered_late,152,152,0,1,0,0,100
5,5.6,5.6.2,SH_LGR_ACSRHEC2,"(S.1.C.2) Extent to which countries have laws and regulations that guarantee full and equal access to women and men aged 15 years and older to sexual and reproductive health care, information and education: Component 2: Life Saving Commodities (%)",2019,2022,2,FALSE,TRUE,TRUE,entered_late,146,146,0,7,0,0,100
5,5.6,5.6.2,SH_LGR_ACSRHEC3,"(S.1.C.3) Extent to which countries have laws and regulations that guarantee full and equal access to women and men aged 15 years and older to sexual and reproductive health care, information and education: Component 3: Abortion",2019,2022,2,FALSE,TRUE,TRUE,entered_late,131,131,0,22,0,0,100
5,5.6,5.6.2,SH_LGR_ACSRHEC4,"(S.1.C.4) Extent to which countries have laws and regulations that guarantee full and equal access to women and men aged 15 years and older to sexual and reproductive health care, information and education: Component 4: Post-Abortion Care (%)",2019,2022,2,FALSE,TRUE,TRUE,entered_late,148,148,0,5,0,0,100
5,5.6,5.6.2,SH_LGR_ACSRHEC5,"(S.2.C.5) Extent to which countries have laws and regulations that guarantee full and equal access to women and men aged 15 years and older to sexual and reproductive health care, information and education: Component 5: Contraceptive Services (%)",2019,2022,2,FALSE,TRUE,TRUE,entered_late,151,151,0,2,0,0,100
5,5.6,5.6.2,SH_LGR_ACSRHEC6,"(S.2.C.6) Extent to which countries have laws and regulations that guarantee full and equal access to women and men aged 15 years and older to sexual and reproductive health care, information and education: Component 6: Contraceptive Consent (%)",2019,2022,2,FALSE,TRUE,TRUE,entered_late,151,151,0,2,0,0,100
5,5.6,5.6.2,SH_LGR_ACSRHEC7,"(S.2.C.7) Extent to which countries have laws and regulations that guarantee full and equal access to women and men aged 15 years and older to sexual and reproductive health care, information and education: Component 7: Emergency Contraception (%)",2019,2022,2,FALSE,TRUE,TRUE,entered_late,148,148,0,5,0,0,100
5,5.6,5.6.2,SH_LGR_ACSRHEC8,"(S.3.C.8) Extent to which countries have laws and regulations that guarantee full and equal access to women and men aged 15 years and older to sexual and reproductive health care, information and education: Component 8: Sexuality Education Curriculum Laws (%)",2019,2022,2,FALSE,TRUE,TRUE,entered_late,148,148,0,5,0,0,100
5,5.6,5.6.2,SH_LGR_ACSRHEC9,"(S.3.C.9) Extent to which countries have laws and regulations that guarantee full and equal access to women and men aged 15 years and older to sexual and reproductive health care, information and education: Component 9: Sexuality Education Curriculum Topics (%)",2019,2022,2,FALSE,TRUE,TRUE,entered_late,141,141,0,12,0,0,100
5,5.6,5.6.2,SH_LGR_ACSRHES1,"(S.1) Extent to which countries have laws and regulations that guarantee full and equal access to women and men aged 15 years and older to sexual and reproductive health care, information and education: Section 1: Maternity Care (%)",2019,2022,2,FALSE,TRUE,TRUE,entered_late,120,120,0,33,0,0,100
5,5.6,5.6.2,SH_LGR_ACSRHES2,"(S.2) Extent to which countries have laws and regulations that guarantee full and equal access to women and men aged 15 years and older to sexual and reproductive health care, information and education: Section 2: Contraceptive and Family Planning (%)",2019,2022,2,FALSE,TRUE,TRUE,entered_late,148,148,0,5,0,0,100
5,5.6,5.6.2,SH_LGR_ACSRHES3,"(S.3) Extent to which countries have laws and regulations that guarantee full and equal access to women and men aged 15 years and older to sexual and reproductive health care, information and education: Section 3: Sexuality Education (%)",2019,2022,2,FALSE,TRUE,TRUE,entered_late,140,140,0,13,0,0,100
5,5.6,5.6.2,SH_LGR_ACSRHES4,"(S.4) Extent to which countries have laws and regulations that guarantee full and equal access to women and men aged 15 years and older to sexual and reproductive health care, information and education: Section 4: HIV and HPV (%)",2019,2022,2,FALSE,TRUE,TRUE,entered_late,150,150,0,3,0,0,100
5,5.a,5.a.1,SP_GNP_WNOWNS,"Share of women among owners or rights-bearers of agricultural land, by type of tenure (%)",2015,2023,9,TRUE,FALSE,FALSE,stable,84,18,66,618,0,0,21.4
5,5.a,5.a.1,SP_LGL_LNDAGSEC,"Proportion of total agricultural population with ownership or secure rights over agricultural land, by sex (%)",2015,2023,9,TRUE,FALSE,FALSE,stable,258,57,201,1848,0,0,22.1
5,5.a,5.a.2,SG_LGL_LNDFEMOD,Degree to which the legal framework (including customary law) guarantees women’s equal rights to land ownership and/or control (1=No evidence to 6=Highest levels of guarantees),2019,2023,5,FALSE,TRUE,FALSE,entered_late,79,79,0,411,0,0,100
5,5.b,5.b.1,IT_MOB_OWN,"Proportion of individuals who own a mobile telephone, by sex (%)",2015,2023,9,TRUE,FALSE,FALSE,stable,1759,1087,672,0,0,0,61.8
5,5.c,5.c.1,SG_GEN_EQPWNN,Countries with systems to track and make public allocations for gender equality and women's empowerment (0 = does not meet the requirement; 1 = approached the requirement; 2  =  Fully meets requirement),2018,2022,3,FALSE,TRUE,TRUE,entered_late,124,0,124,0,0,0,0
6,6.1,6.1.1,SH_H2O_SAFE,"Proportion of population using safely managed drinking water services, by urban/rural (%)",2015,2023,9,TRUE,FALSE,FALSE,stable,2913,0,2913,0,0,0,0
6,6.2,6.2.1,SH_SAN_DEFECT,"Proportion of population practicing open defecation, by urban/rural (%)",2015,2023,9,TRUE,FALSE,FALSE,stable,4690,0,4690,0,0,0,0
6,6.2,6.2.1,SH_SAN_HNDWSH,"Proportion of population with basic handwashing facilities on premises, by urban/rural (%)",2015,2023,9,TRUE,FALSE,FALSE,stable,2731,0,2731,0,0,0,0
6,6.2,6.2.1,SH_SAN_SAFE,"Proportion of population using safely managed sanitation services, by urban/rural (%)",2015,2023,9,TRUE,FALSE,FALSE,stable,3251,0,3251,0,0,0,0
6,6.3,6.3.1,EN_WWT_GEN,Total wastewater generated (million m3/year),2022,2022,1,FALSE,TRUE,TRUE,entered_late,456,456,0,479,0,0,100
6,6.3,6.3.1,EN_WWT_TREAT,Total wastewater treated (million m3/year),2022,2022,1,FALSE,TRUE,TRUE,entered_late,122,122,0,68,0,0,100
6,6.3,6.3.1,EN_WWT_TREATR,"Proportion of wastewater treated, by activity and location (%)",2022,2022,1,FALSE,TRUE,TRUE,entered_late,94,94,0,52,0,0,100
6,6.3,6.3.1,EN_WWT_TREATR_SF,"Proportion of wastewater safely treated, by activity and location (%)",2022,2022,1,FALSE,TRUE,TRUE,entered_late,58,58,0,26,0,0,100
6,6.3,6.3.1,EN_WWT_TREAT_SF,Total wastewater safely treated (million m3/year),2022,2022,1,FALSE,TRUE,TRUE,entered_late,73,73,0,117,0,0,100
6,6.3,6.3.1,EN_WWT_WWDS,Proportion of safely treated domestic wastewater flows (%),2020,2022,2,FALSE,TRUE,TRUE,entered_late,250,0,250,0,0,0,0
6,6.3,6.3.2,EN_H2O_GRAMBQ,Proportion of groundwater bodies with good ambient water quality (%),2017,2023,3,FALSE,TRUE,FALSE,entered_late,183,183,0,0,0,0,100
6,6.3,6.3.2,EN_H2O_OPAMBQ,Proportion of open water bodies with good ambient water quality (%),2017,2023,3,FALSE,TRUE,FALSE,entered_late,191,191,0,0,0,0,100
6,6.3,6.3.2,EN_H2O_RVAMBQ,Proportion of river water bodies with good ambient water quality (%),2017,2023,3,FALSE,TRUE,FALSE,entered_late,255,255,0,0,0,0,100
6,6.3,6.3.2,EN_H2O_WBAMBQ,Proportion of bodies of water with good ambient water quality (%),2017,2023,3,FALSE,TRUE,FALSE,entered_late,294,294,0,0,0,0,100
6,6.4,6.4.1,ER_H2O_WUEYST,Water Use Efficiency (United States dollars per cubic meter),2015,2023,9,TRUE,FALSE,FALSE,stable,6252,2079,4173,21,0,0,33.3
6,6.4,6.4.2,ER_H2O_STRESS,Level of water stress: freshwater withdrawal as a proportion of available freshwater resources (%),2015,2023,9,TRUE,FALSE,FALSE,stable,6343,597,5746,2,0,0,9.4
6,6.5,6.5.1,ER_H2O_IWRMD,Degree of integrated water resources management implementation (%),2017,2023,3,FALSE,TRUE,FALSE,entered_late,541,541,0,0,0,0,100
6,6.5,6.5.1,ER_H2O_IWRMD_EE,"Degree of integrated water resources management implementation, enabling environment (%)",2017,2023,3,FALSE,TRUE,FALSE,entered_late,541,541,0,0,0,0,100
6,6.5,6.5.1,ER_H2O_IWRMD_FI,"Degree of integrated water resources management implementation, financing (%)",2017,2023,3,FALSE,TRUE,FALSE,entered_late,540,540,0,0,0,0,100
6,6.5,6.5.1,ER_H2O_IWRMD_IP,"Degree of integrated water resources management implementation, institutions and participation (%)",2017,2023,3,FALSE,TRUE,FALSE,entered_late,541,541,0,0,0,0,100
6,6.5,6.5.1,ER_H2O_IWRMD_MI,"Degree of integrated water resources management implementation, management instruments (%)",2017,2023,3,FALSE,TRUE,FALSE,entered_late,541,541,0,0,0,0,100
6,6.5,6.5.2,EG_TBA_H2CO,Proportion of transboundary basins (river and lake basins and aquifers) with an operational arrangement for water cooperation (%),2017,2023,5,FALSE,TRUE,FALSE,entered_late,286,286,0,302,126,0,100
6,6.5,6.5.2,EG_TBA_H2COAQ,Proportion of transboundary aquifers with an operational arrangement for water cooperation (%),2017,2023,5,FALSE,TRUE,FALSE,entered_late,271,271,0,317,144,0,100
6,6.5,6.5.2,EG_TBA_H2CORL,Proportion of transboundary river and lake basins with an operational arrangement for water cooperation (%),2017,2023,5,FALSE,TRUE,FALSE,entered_late,323,323,0,265,139,0,100
6,6.6,6.6.1,EN_LKRV_PWAC,Lakes and rivers permanent water area change (%),2015,2022,8,FALSE,FALSE,TRUE,exited_early,1520,0,1520,0,0,0,0
6,6.6,6.6.1,EN_LKRV_PWAN,Lakes and rivers permanent water area (square kilometres),2015,2022,8,FALSE,FALSE,TRUE,exited_early,1512,0,1512,0,0,0,0
6,6.6,6.6.1,EN_LKRV_PWAP,Lakes and rivers permanent water area (% of total land area),2015,2022,8,FALSE,FALSE,TRUE,exited_early,1512,0,1512,0,0,0,0
6,6.6,6.6.1,EN_LKRV_SWAC,Lakes and rivers seasonal water area change (%),2015,2022,8,FALSE,FALSE,TRUE,exited_early,1512,0,1512,0,0,0,0
6,6.6,6.6.1,EN_LKRV_SWAN,Lakes and rivers seasonal water area (square kilometres),2015,2022,8,FALSE,FALSE,TRUE,exited_early,1512,0,1512,0,0,0,0
6,6.6,6.6.1,EN_LKRV_SWAP,Lakes and rivers seasonal water area (% of total land area),2015,2022,8,FALSE,FALSE,TRUE,exited_early,1512,0,1512,0,0,0,0
6,6.6,6.6.1,EN_LKW_QLTRB,Lake water quality turbidity (%),2017,2021,5,FALSE,TRUE,TRUE,entered_late,2660,0,2660,0,0,0,0
6,6.6,6.6.1,EN_LKW_QLTRST,Lake water quality trophic state (%),2017,2021,5,FALSE,TRUE,TRUE,entered_late,2660,0,2660,0,0,0,0
6,6.6,6.6.1,EN_RSRV_MNWAC,Reservoir minimum water area change (%),2015,2022,8,FALSE,FALSE,TRUE,exited_early,1104,0,1104,0,0,0,0
6,6.6,6.6.1,EN_RSRV_MNWAN,Reservoir minimum water area (square kilometres),2015,2022,8,FALSE,FALSE,TRUE,exited_early,1512,0,1512,0,0,0,0
6,6.6,6.6.1,EN_RSRV_MNWAP,Reservoir minimum water area (% of total land area),2015,2022,8,FALSE,FALSE,TRUE,exited_early,1520,0,1520,0,0,0,0
6,6.6,6.6.1,EN_RSRV_MXWAN,Reservoir maximum water area (square kilometres),2015,2022,8,FALSE,FALSE,TRUE,exited_early,1512,0,1512,0,0,0,0
6,6.6,6.6.1,EN_RSRV_MXWAP,Reservoir maximum water area (% of total land area),2015,2022,8,FALSE,FALSE,TRUE,exited_early,1520,0,1520,0,0,0,0
6,6.6,6.6.1,EN_RVR_MNRVFLC,Change in minimum river flow (%),2015,2023,9,TRUE,FALSE,FALSE,stable,1674,0,1674,0,0,0,0
6,6.6,6.6.1,EN_RVR_MNRVFLN,River flow minimum (m3/s),2015,2023,9,TRUE,FALSE,FALSE,stable,1701,0,1701,0,0,0,0
6,6.6,6.6.1,EN_RVR_MXRVFLC,Change in maximum river flow (%),2015,2023,9,TRUE,FALSE,FALSE,stable,1674,0,1674,0,0,0,0
6,6.6,6.6.1,EN_RVR_MXRVFLN,River flow maximum (m3/s),2015,2023,9,TRUE,FALSE,FALSE,stable,1701,0,1701,0,0,0,0
6,6.6,6.6.1,EN_WBE_HMWTL,Extent of human made wetlands (square kilometres),2021,2021,1,FALSE,TRUE,TRUE,entered_late,47,47,0,0,0,0,100
6,6.6,6.6.1,EN_WBE_INWTL,Extent of inland wetlands (square kilometres),2021,2021,1,FALSE,TRUE,TRUE,entered_late,101,101,0,0,0,0,100
6,6.6,6.6.1,EN_WBE_MANGC,Mangrove total area change (%),2015,2020,6,FALSE,FALSE,TRUE,exited_early,570,0,570,0,0,0,0
6,6.6,6.6.1,EN_WBE_MANGN,Mangrove area (square kilometres),2015,2020,6,FALSE,FALSE,TRUE,exited_early,570,0,570,0,0,0,0
6,6.6,6.6.1,EN_WBE_NDQTGRW,Nationally derived quantity of groundwater (millions of cubic metres per annum),2017,2017,1,FALSE,TRUE,TRUE,entered_late,8,8,0,19,19,0,100
6,6.6,6.6.1,EN_WBE_WTLN,Wetlands area (square kilometres),2017,2017,1,FALSE,TRUE,TRUE,entered_late,190,0,190,0,0,0,0
6,6.6,6.6.1,EN_WBE_WTLP,Wetlands area (% of total land area),2017,2017,1,FALSE,TRUE,TRUE,entered_late,188,0,188,0,0,0,0
6,6.a,6.a.1,DC_TOF_WASHL,"Total official development assistance (gross disbursement) for water supply and sanitation, by recipient countries (millions of constant 2024 United States dollars)",2015,2023,9,TRUE,FALSE,FALSE,stable,1224,1224,0,0,0,0,100
6,6.b,6.b.1,ER_H2O_PRDU,"Countries with procedures in law or policy for participation by service users/communities in planning program in rural drinking-water supply, by level of definition in procedures (10 = Clearly defined; 5 = Not clearly defined ; 0 = NA)",2017,2022,3,FALSE,TRUE,TRUE,entered_late,319,0,319,0,0,0,0
6,6.b,6.b.1,ER_H2O_RURP,"Countries with users/communities participating in planning programs in rural drinking-water supply, by level of participation (3 = High; 2 = Moderate; 1 = Low; 0 = NA)",2017,2022,3,FALSE,TRUE,TRUE,entered_late,319,0,319,0,0,0,0
6,6.b,6.b.1,ER_WAT_PART,"Countries with users/communities participating in planning programs in water resources planning and management, by level of participation (3 = High; 2 = Moderate; 1 = Low; 0 = NA)",2017,2022,3,FALSE,TRUE,TRUE,entered_late,319,0,319,0,0,0,0
6,6.b,6.b.1,ER_WAT_PRDU,"Countries with procedures in law or policy for participation by service users/communities in planning program in water resources planning and management, by level of definition in procedures (10 = Clearly defined; 5 = Not clearly defined ; 0 = NA)",2017,2022,3,FALSE,TRUE,TRUE,entered_late,319,0,319,0,0,0,0
7,7.1,7.1.1,EG_ACS_ELEC,"Proportion of population with access to electricity, by urban/rural (%)",2015,2023,9,TRUE,FALSE,FALSE,stable,5183,767,4416,109,0,0,14.8
7,7.1,7.1.2,EG_EGY_CLEAN,Proportion of population with primary reliance on clean fuels and technology (%),2015,2023,9,TRUE,FALSE,FALSE,stable,5184,0,5184,0,0,0,0
7,7.2,7.2.1,EG_FEC_RNEW,Renewable energy share in the total final energy consumption (%),2015,2023,9,TRUE,FALSE,FALSE,stable,1755,0,1755,0,0,0,0
7,7.3,7.3.1,EG_EGY_PRIM,Energy intensity level of primary energy (megajoules per constant 2021 purchasing power parity GDP),2015,2023,9,TRUE,FALSE,FALSE,stable,1755,0,1755,0,0,0,0
7,7.a,7.a.1,EG_IFF_RANDN,"International financial flows to developing countries in support of clean energy research and development and renewable energy production, including in hybrid systems (millions of constant 2023 United States dollars)",2015,2023,9,TRUE,FALSE,FALSE,stable,10440,0,10440,0,0,0,0
7,7.b,7.b.1,EG_EGY_RNEW,Installed renewable electricity-generating capacity (watts per capita),2015,2023,9,TRUE,FALSE,FALSE,stable,24318,0,24318,0,0,0,0
8,8.1,8.1.1,NY_GDP_PCAP,Annual growth rate of real GDP per capita (%),2015,2023,9,TRUE,FALSE,FALSE,stable,1764,1764,0,0,0,0,100
8,8.10,8.10.1,FB_ATM_TOTL,"Number of automated teller machines (ATMs) per 100,000 adults",2015,2023,9,TRUE,FALSE,FALSE,stable,1558,1558,0,0,0,0,100
8,8.10,8.10.1,FB_CBK_BRCH,"Number of commercial bank branches per 100,000 adults",2015,2023,9,TRUE,FALSE,FALSE,stable,1545,1545,0,0,0,0,100
8,8.10,8.10.2,FB_BNK_ACCSS,"Proportion of adults (15 years and older) with an account at a financial institution or mobile-money-service provider, by sex (% of adults aged 15 years and older)",2017,2021,2,FALSE,TRUE,TRUE,entered_late,2545,0,2545,0,0,0,0
8,8.10,8.10.2,FB_BNK_ACCSS_ILF,Proportion of adults (15 years and older) active in labor force with an account at a financial institution or mobile-money-service provider (% of adults aged 15 years and older),2017,2021,2,FALSE,TRUE,TRUE,entered_late,281,0,281,0,0,0,0
8,8.10,8.10.2,FB_BNK_ACCSS_OLF,Proportion of adults (15 years and older) out of labor force with an account at a financial institution or mobile-money-service provider (% of adults aged 15 years and older),2017,2021,2,FALSE,TRUE,TRUE,entered_late,281,0,281,0,0,0,0
8,8.2,8.2.1,SL_EMP_PCAP,Annual growth rate of real GDP per employed person (%),2015,2023,9,TRUE,FALSE,FALSE,stable,1625,0,1625,0,0,0,0
8,8.3,8.3.1,SL_ISV_IFEM,"Proportion of informal employment, by sector and sex - 13th ICLS (%)",2015,2023,9,TRUE,FALSE,FALSE,stable,5978,5978,0,0,0,0,100
8,8.3,8.3.1,SL_ISV_IFEM_19ICLS,"Proportion of informal employment, by sector and sex - 19th ICLS (%)",2015,2023,9,TRUE,FALSE,FALSE,stable,3495,3495,0,0,0,0,100
8,8.4,8.4.2,EN_MAT_DOMCMPC,"Domestic material consumption per capita, by type of raw material (tonnes)",2015,2023,9,TRUE,FALSE,FALSE,stable,24098,4410,19688,0,0,0,18.3
8,8.4,8.4.2,EN_MAT_DOMCMPG,"Domestic material consumption per unit of GDP, by type of raw material (kilograms per constant 2020 United States dollars)",2015,2023,9,TRUE,FALSE,FALSE,stable,24098,0,24098,0,0,0,0
8,8.4,8.4.2,EN_MAT_DOMCMPT,"Domestic material consumption, by type of raw material (tonnes)",2015,2023,9,TRUE,FALSE,FALSE,stable,24098,4874,19224,0,0,0,20.2
8,8.5,8.5.1,SL_EMP_EARN,Average hourly earnings of employees by sex and occupation (local currency),2015,2023,9,TRUE,FALSE,FALSE,stable,15679,15679,0,0,0,0,100
8,8.5,8.5.2,SL_TLF_UEM,"Unemployment rate, by sex and age - 13th ICLS (%)",2015,2023,9,TRUE,FALSE,FALSE,stable,9610,9610,0,0,0,0,100
8,8.5,8.5.2,SL_TLF_UEMDIS,"Unemployment rate, by sex and disability - 13th ICLS (%)",2015,2023,9,TRUE,FALSE,FALSE,stable,4375,4375,0,0,0,0,100
8,8.5,8.5.2,SL_TLF_UEMDIS_19ICLS,"Unemployment rate, by sex and disability - 19th ICLS (%)",2015,2023,9,TRUE,FALSE,FALSE,stable,3333,3333,0,0,0,0,100
8,8.5,8.5.2,SL_TLF_UEM_19ICLS,"Unemployment rate, by sex and age - 19th ICLS (%)",2015,2023,9,TRUE,FALSE,FALSE,stable,5534,5534,0,0,0,0,100
8,8.6,8.6.1,SL_TLF_NEET,"Proportion of youth not in education, employment or training, by sex and age - 13th ICLS (%)",2015,2023,9,TRUE,FALSE,FALSE,stable,2802,2802,0,0,0,0,100
8,8.6,8.6.1,SL_TLF_NEET_19ICLS,"Proportion of youth not in education, employment or training, by sex and age - 19th ICLS (%)",2015,2023,9,TRUE,FALSE,FALSE,stable,1651,1651,0,0,0,0,100
8,8.7,8.7.1,SL_TLF_CHLDEA,"Proportion of children engaged in economic activity, by sex and age  (%)",2015,2023,9,TRUE,FALSE,FALSE,stable,264,264,0,0,0,0,100
8,8.7,8.7.1,SL_TLF_CHLDEC,"Proportion of children engaged in economic activity and household chores, by sex and age (%)",2015,2023,9,TRUE,FALSE,FALSE,stable,255,255,0,0,0,0,100
8,8.8,8.8.1,SL_EMP_FTLINJUR,"Fatal occupational injuries among employees, by sex and migrant status (per 100,000 employees)",2015,2023,9,TRUE,FALSE,FALSE,stable,1541,1541,0,0,0,0,100
8,8.8,8.8.1,SL_EMP_INJUR,"Non-fatal occupational injuries among employees, by sex and migrant status (per 100,000 employees)",2015,2023,9,TRUE,FALSE,FALSE,stable,1598,1598,0,0,0,0,100
8,8.8,8.8.2,SL_LBR_NTLCPL,Level of national compliance with labour rights (freedom of association and collective bargaining) based on International Labour Organization (ILO) textual sources and national legislation,2015,2023,9,TRUE,FALSE,FALSE,stable,1674,0,1674,0,0,0,0
8,8.9,8.9.1,ST_GDP_ZS,Tourism direct GDP as a proportion of total GDP (%),2015,2023,9,TRUE,FALSE,FALSE,stable,734,734,0,0,0,0,100
8,8.9,8.9.2,ST_EMP_TRSMN,Employed persons in the tourism industries (number),2015,2023,9,TRUE,FALSE,FALSE,stable,730,730,0,0,0,0,100
8,8.a,8.a.1,DC_TOF_TRDCMDL,"Total official flows (commitments) for Aid for Trade, by donor countries (millions of constant 2024 United States dollars)",2015,2023,9,TRUE,FALSE,FALSE,stable,383,383,0,0,0,0,100
8,8.a,8.a.1,DC_TOF_TRDCML,"Total official flows (commitments) for Aid for Trade, by recipient countries (millions of constant 2024 United States dollars)",2015,2023,9,TRUE,FALSE,FALSE,stable,1240,1240,0,0,0,0,100
8,8.a,8.a.1,DC_TOF_TRDDBMDL,"Total official flows (disbursement) for Aid for Trade, by donor countries (millions of constant 2024 United States dollars)",2015,2023,9,TRUE,FALSE,FALSE,stable,383,383,0,0,0,0,100
8,8.a,8.a.1,DC_TOF_TRDDBML,"Total official flows (disbursement) for Aid for Trade, by recipient countries (millions of constant 2024 United States dollars)",2015,2023,9,TRUE,FALSE,FALSE,stable,1240,1240,0,0,0,0,100
8,8.b,8.b.1,SL_CPA_YEMP,"Existence of a developed and operationalized national strategy for youth employment, as a distinct strategy or as part of a national employment strategy",2019,2023,5,FALSE,TRUE,FALSE,entered_late,446,0,446,0,0,0,0
9,9.1,9.1.1,SP_ROD_R2KM,Proportion of the rural population who live within 2 km of an all-season road,2015,2021,6,FALSE,FALSE,TRUE,exited_early,21,2,19,0,0,0,9.5
9,9.1,9.1.2,IS_RDP_FRGVOL,"Freight volume, by mode of transport (tonne kilometres)",2017,2022,6,FALSE,TRUE,TRUE,entered_late,913,913,0,0,0,0,100
9,9.1,9.1.2,IS_RDP_PFVOL,"Passenger volume (passenger kilometres), by mode of transport",2017,2022,6,FALSE,TRUE,TRUE,entered_late,937,937,0,0,0,0,100
9,9.1,9.1.2,IS_RDP_PORFVOL,"Container port traffic, maritime transport (twenty-foot equivalent units - TEUs)",2015,2023,9,TRUE,FALSE,FALSE,stable,1038,1038,0,0,0,0,100
9,9.2,9.2.1,NV_IND_MANF,Manufacturing value added (constant 2020 United States dollars) as a proportion of GDP (%),2015,2023,9,TRUE,FALSE,FALSE,stable,1773,1773,0,0,0,0,100
9,9.2,9.2.1,NV_IND_MANFPC,Manufacturing value added per capita (constant 2020 United States dollars),2015,2023,9,TRUE,FALSE,FALSE,stable,1773,1773,0,0,0,0,100
9,9.2,9.2.1,NV_IND_MANF_CD,Manufacturing value added (current United States dollars) as a proportion of GDP (%),2015,2023,9,TRUE,FALSE,FALSE,stable,1773,1773,0,0,0,0,100
9,9.2,9.2.2,SL_TLF_MANF,Manufacturing employment as a proportion of total employment - 13th ICLS (%),2015,2023,9,TRUE,FALSE,FALSE,stable,1050,1050,0,0,0,0,100
9,9.2,9.2.2,SL_TLF_MANF_19ICLS,Manufacturing employment as a proportion of total employment - 19th ICLS(%),2015,2023,9,TRUE,FALSE,FALSE,stable,590,590,0,0,0,0,100
9,9.3,9.3.1,NV_IND_SSIS,Proportion of small-scale manufacturing industries in total manufacturing value added based on international classification (%),2015,2023,9,TRUE,FALSE,FALSE,stable,476,476,0,1,0,0,100
9,9.3,9.3.1,NV_IND_SSIS_NC,Proportion of small-scale industries in total industry value added based on national classification (%),2015,2023,9,TRUE,FALSE,FALSE,stable,385,385,0,1,0,0,100
9,9.3,9.3.2,FC_ACC_SSID,Proportion of small-scale industries with a loan or line of credit (%),2015,2023,9,TRUE,FALSE,FALSE,stable,152,0,152,0,0,0,0
9,9.4,9.4.1,EN_ATM_CO2,Carbon dioxide emissions from fuel combustion (millions of tonnes),2015,2023,9,TRUE,FALSE,FALSE,stable,2646,0,2646,0,0,0,0
9,9.4,9.4.1,EN_ATM_CO2GDP,Carbon dioxide emissions per unit of GDP PPP (kilogrammes of CO2 per constant 2021 United States dollars),2015,2023,9,TRUE,FALSE,FALSE,stable,1323,0,1323,0,0,0,0
9,9.4,9.4.1,EN_ATM_CO2MVA,Carbon dioxide emissions from manufacturing industries per unit of manufacturing value added (kilogrammes of CO2 per constant 2020 United States dollars),2015,2023,9,TRUE,FALSE,FALSE,stable,1323,0,1323,0,0,0,0
9,9.5,9.5.1,GB_XPD_RSDV,Research and development expenditure as a proportion of GDP (%),2015,2023,9,TRUE,FALSE,FALSE,stable,818,809,9,0,0,0,98.9
9,9.5,9.5.2,GB_POP_SCIERD,"Researchers (in full-time equivalent) per million inhabitants (per 1,000,000 population)",2015,2023,9,TRUE,FALSE,FALSE,stable,734,696,38,0,0,0,94.8
9,9.a,9.a.1,DC_TOF_INFRAL,"Total official flows for infrastructure, by recipient countries (millions of constant 2024 United States dollars)",2015,2023,9,TRUE,FALSE,FALSE,stable,1237,1237,0,0,0,0,100
9,9.b,9.b.1,NV_IND_TECH,Proportion of medium and high-tech manufacturing value added in total value added (%),2015,2023,9,TRUE,FALSE,FALSE,stable,946,946,0,0,0,0,100
9,9.c,9.c.1,IT_MOB_2GNTWK,Proportion of population covered by at least a 2G mobile network (%),2015,2023,9,TRUE,FALSE,FALSE,stable,1686,1522,164,0,0,0,90.3
9,9.c,9.c.1,IT_MOB_3GNTWK,Proportion of population covered by at least a 3G mobile network (%),2015,2023,9,TRUE,FALSE,FALSE,stable,1669,1478,191,0,0,0,88.6
9,9.c,9.c.1,IT_MOB_4GNTWK,Proportion of population covered by at least a 4G mobile network (%),2015,2023,9,TRUE,FALSE,FALSE,stable,1644,1443,201,0,0,0,87.8
9,9.c,9.c.1,IT_MOB_5GNTWK,Proportion of population covered by at least a 5G mobile network (%),2018,2023,6,FALSE,TRUE,FALSE,entered_late,517,476,41,0,0,0,92.1
10,10.1,10.1.1,SI_HEI_TOTL,Growth rates of household expenditure or income per capita (%),2015,2023,9,TRUE,FALSE,FALSE,stable,184,0,184,0,0,0,0
10,10.2,10.2.1,SI_POV_50MI,Proportion of people living below 50 percent of median income (%),2015,2023,9,TRUE,FALSE,FALSE,stable,692,0,692,0,0,0,0
10,10.3,10.3.1,VC_VOV_GDSD,"Proportion of population reporting having felt discriminated against, by grounds of discrimination, sex and disability (%)",2015,2023,9,TRUE,FALSE,FALSE,stable,14888,12418,2470,0,0,0,83.4
10,10.4,10.4.1,SL_EMP_GTOTL,Labour share of GDP (%),2015,2023,9,TRUE,FALSE,FALSE,stable,837,0,837,0,0,0,0
10,10.4,10.4.2,SI_DST_FISP,"Redistributive impact of fiscal policy, Gini index (%)",2015,2023,9,TRUE,FALSE,FALSE,stable,802,574,228,296,0,0,71.6
10,10.5,10.5.1,FI_FSI_FSANL,Non-performing loans to total gross loans (%),2015,2023,9,TRUE,FALSE,FALSE,stable,1263,1263,0,0,0,0,100
10,10.5,10.5.1,FI_FSI_FSERA,Return on assets (%),2015,2023,9,TRUE,FALSE,FALSE,stable,1270,1270,0,0,0,0,100
10,10.5,10.5.1,FI_FSI_FSKA,Regulatory capital to assets (%),2015,2023,9,TRUE,FALSE,FALSE,stable,1223,1223,0,0,0,0,100
10,10.5,10.5.1,FI_FSI_FSKNL,Non-performing loans net of provisions to capital (%),2015,2023,9,TRUE,FALSE,FALSE,stable,1249,1249,0,0,0,0,100
10,10.5,10.5.1,FI_FSI_FSKRTC,Regulatory Tier 1 capital to risk-weighted assets (%),2015,2023,9,TRUE,FALSE,FALSE,stable,1265,1265,0,0,0,0,100
10,10.5,10.5.1,FI_FSI_FSLS,Liquid assets to short term liabilities (%),2015,2023,9,TRUE,FALSE,FALSE,stable,1176,1176,0,0,0,0,100
10,10.5,10.5.1,FI_FSI_FSSNO,Net open position in foreign exchange to capital (%),2015,2023,9,TRUE,FALSE,FALSE,stable,1025,1025,0,0,0,0,100
10,10.6,10.6.1,SG_INT_MBRDEV,"Proportion of members of developing countries in international organizations, by organization (%)",2015,2023,9,TRUE,FALSE,FALSE,stable,21658,0,21658,0,0,0,0
10,10.6,10.6.1,SG_INT_VRTDEV,"Proportion of voting rights of developing countries in international organizations, by organization (%)",2015,2023,9,TRUE,FALSE,FALSE,stable,21658,0,21658,0,0,0,0
10,10.7,10.7.1,SL_EMP_RCOST_MO,Migrant recruitment costs (number of months of earnings),2019,2023,5,FALSE,TRUE,FALSE,entered_late,24,24,0,0,0,0,100
10,10.7,10.7.2,SG_CPA_MIGRS,"Countries with migration policies to facilitate orderly, safe, regular and responsible migration and mobility of people, by policy domain (1 = Requires further progress; 2 = Partially meets; 3 = Meets; 4 = Fully meets)",2019,2021,2,FALSE,TRUE,TRUE,entered_late,1400,1400,0,14,14,0,100
10,10.7,10.7.3,SM_DTH_MIGR,Total deaths and disappearances recorded during migration (number),2015,2023,9,TRUE,FALSE,FALSE,stable,601,0,601,0,0,0,0
10,10.7,10.7.4,SM_POP_REFG_OR,"Number of refugees per 100,000 population, by country of origin (per 100,000 population)",2015,2023,9,TRUE,FALSE,FALSE,stable,1764,1764,0,0,0,0,100
10,10.a,10.a.1,TM_TRF_ZERO,Proportion of tariff lines applied to imports with zero-tariff (%),2015,2023,9,TRUE,FALSE,FALSE,stable,11019,11019,0,0,0,0,100
10,10.b,10.b.1,DC_TRF_TOTDL,"Total assistance for development, by donor countries (millions of current United States dollars)",2015,2023,9,TRUE,FALSE,FALSE,stable,426,426,0,0,0,0,100
10,10.b,10.b.1,DC_TRF_TOTL,"Total assistance for development, by recipient countries (millions of current United States dollars)",2015,2023,9,TRUE,FALSE,FALSE,stable,1240,1240,0,0,0,0,100
10,10.c,10.c.1,SI_RMT_COST,Average remittance costs of sending $200 to a receiving country as a proportion of the amount remitted (%),2015,2023,8,FALSE,FALSE,FALSE,intermittent,806,0,806,17,0,0,0
10,10.c,10.c.1,SI_RMT_COST_BC,Average remittance costs of sending $200 in a corridor as a proportion of the amount remitted (%),2016,2023,8,FALSE,TRUE,FALSE,entered_late,2879,0,2879,51,0,0,0
10,10.c,10.c.1,SI_RMT_COST_SC,SmaRT average remittance costs of sending $200 in a corridor as a proportion of the amount remitted (%),2016,2023,8,FALSE,TRUE,FALSE,entered_late,2691,0,2691,239,0,0,0
10,10.c,10.c.1,SI_RMT_COST_SND,Average remittance costs of sending $200 for a sending country as a proportion of the amount remitted (%),2015,2023,8,FALSE,FALSE,FALSE,intermittent,358,358,0,26,0,0,100
11,11.1,11.1.1,EN_LND_INDQTHSNG,Proportion of urban population living in inadequate housing (%),2015,2023,9,TRUE,FALSE,FALSE,stable,1071,1071,0,0,0,0,100
11,11.1,11.1.1,EN_LND_SLUM,Proportion of urban population living in slums (%),2015,2023,9,TRUE,FALSE,FALSE,stable,707,77,630,0,0,0,10.9
11,11.2,11.2.1,SP_TRN_PUBL,Proportion of population that has convenient access to public transport (%),2015,2023,9,TRUE,FALSE,FALSE,stable,2487,670,1817,0,0,0,26.9
11,11.3,11.3.1,EN_LND_CNSPOP,Ratio of land consumption rate to population growth rate,2015,2023,9,TRUE,FALSE,FALSE,stable,2692,1757,935,0,0,0,65.3
11,11.3,11.3.2,SG_URB_CSPART,Proportion of cities with a direct participation structure of civil society in urban planning and management that operate regularly and democratically,2015,2023,9,TRUE,FALSE,FALSE,stable,86,86,0,0,0,0,100
11,11.4,11.4.1,GB_XPD_CULNAT_PB,"Total expenditure per capita spent on cultural and natural heritage, public (PPP, constant 2017 United States dollars)",2017,2023,7,FALSE,TRUE,FALSE,entered_late,671,651,20,0,0,0,97
11,11.4,11.4.1,GB_XPD_CULNAT_PBPV,"Total expenditure per capita spent on cultural and natural heritage, public and private (PPP, constant 2017 United States dollars)",2017,2023,7,FALSE,TRUE,FALSE,entered_late,109,106,3,0,0,0,97.2
11,11.4,11.4.1,GB_XPD_CULNAT_PV,"Total expenditure per capita spent on cultural and natural heritage, private (PPP, constant 2017 United States dollars)",2017,2023,7,FALSE,TRUE,FALSE,entered_late,114,112,2,0,0,0,98.2
11,11.4,11.4.1,GB_XPD_CUL_PBPV,"Total expenditure per capita spent on cultural heritage, public and private (PPP, constant 2017 United States dollars)",2017,2023,7,FALSE,TRUE,FALSE,entered_late,96,93,3,0,0,0,96.9
11,11.4,11.4.1,GB_XPD_NAT_PBPV,"Total expenditure per capita spent on natural heritage, public and private (PPP, constant 2017 United States dollars)",2017,2023,7,FALSE,TRUE,FALSE,entered_late,75,74,1,0,0,0,98.7
11,11.5,11.5.1,VC_DSR_AFFCT,Number of people affected by disaster (number),2015,2023,9,TRUE,FALSE,FALSE,stable,2736,2736,0,0,0,0,100
11,11.5,11.5.1,VC_DSR_DAFF,"Number of directly affected persons attributed to disasters per 100,000 population (number)",2015,2023,9,TRUE,FALSE,FALSE,stable,2736,2736,0,0,0,0,100
11,11.5,11.5.1,VC_DSR_IJILN,Number of injured or ill people attributed to disasters (number),2015,2023,9,TRUE,FALSE,FALSE,stable,2484,2484,0,0,0,0,100
11,11.5,11.5.1,VC_DSR_MISS,Number of missing persons due to disaster (number),2015,2023,9,TRUE,FALSE,FALSE,stable,2223,2223,0,0,0,0,100
11,11.5,11.5.1,VC_DSR_MMHN,Number of deaths and missing persons attributed to disasters (number),2015,2023,9,TRUE,FALSE,FALSE,stable,2943,2943,0,0,0,0,100
11,11.5,11.5.1,VC_DSR_MORT,Number of deaths due to disaster (number),2015,2023,9,TRUE,FALSE,FALSE,stable,2910,2910,0,0,0,0,100
11,11.5,11.5.1,VC_DSR_MTMP,"Number of deaths and missing persons attributed to disasters per 100,000 population (number)",2015,2023,9,TRUE,FALSE,FALSE,stable,2943,2943,0,0,0,0,100
11,11.5,11.5.1,VC_DSR_PDAN,Number of people whose damaged dwellings were attributed to disasters (number),2015,2023,9,TRUE,FALSE,FALSE,stable,2220,2220,0,0,0,0,100
11,11.5,11.5.1,VC_DSR_PDLN,"Number of people whose livelihoods were disrupted or destroyed, attributed to disasters (number)",2015,2023,9,TRUE,FALSE,FALSE,stable,1626,1626,0,0,0,0,100
11,11.5,11.5.1,VC_DSR_PDYN,Number of people whose destroyed dwellings were attributed to disasters (number),2015,2023,9,TRUE,FALSE,FALSE,stable,1947,1947,0,0,0,0,100
11,11.5,11.5.2,VC_DSR_AGLH,Direct agriculture loss attributed to disasters (current United States dollars),2015,2023,9,TRUE,FALSE,FALSE,stable,962,962,0,0,0,0,100
11,11.5,11.5.2,VC_DSR_CHLN,Direct economic loss to cultural heritage damaged or destroyed attributed to disasters (millions of current United States dollars),2015,2023,9,TRUE,FALSE,FALSE,stable,678,678,0,0,0,0,100
11,11.5,11.5.2,VC_DSR_CILN,Direct economic loss resulting from damaged or destroyed critical infrastructure attributed to disasters (current United States dollars),2015,2023,9,TRUE,FALSE,FALSE,stable,1062,1062,0,0,0,0,100
11,11.5,11.5.2,VC_DSR_DDPA,Direct economic loss to other damaged or destroyed productive assets attributed to disasters (current United States dollars),2015,2023,9,TRUE,FALSE,FALSE,stable,664,664,0,0,0,0,100
11,11.5,11.5.2,VC_DSR_GDPLS,Direct economic loss attributed to disasters (current United States dollars),2015,2023,9,TRUE,FALSE,FALSE,stable,1608,1608,0,0,0,0,100
11,11.5,11.5.2,VC_DSR_HOLH,Direct economic loss in the housing sector attributed to disasters (current United States dollars),2015,2023,9,TRUE,FALSE,FALSE,stable,1452,1452,0,0,0,0,100
11,11.5,11.5.2,VC_DSR_LSGP,Direct economic loss attributed to disasters relative to GDP (%),2015,2023,9,TRUE,FALSE,FALSE,stable,1608,1608,0,0,0,0,100
11,11.5,11.5.3,VC_DSR_BSDN,Number of disruptions to basic services attributed to disasters (number),2015,2023,9,TRUE,FALSE,FALSE,stable,459,459,0,0,0,0,100
11,11.5,11.5.3,VC_DSR_CDAN,Number of damaged critical infrastructure attributed to disasters (number),2015,2023,9,TRUE,FALSE,FALSE,stable,460,460,0,0,0,0,100
11,11.5,11.5.3,VC_DSR_CDYN,Number of other destroyed or damaged critical infrastructure units and facilities attributed to disasters (number),2015,2023,9,TRUE,FALSE,FALSE,stable,292,292,0,0,0,0,100
11,11.5,11.5.3,VC_DSR_EFDN,Number of destroyed or damaged educational facilities attributed to disasters (number),2015,2023,9,TRUE,FALSE,FALSE,stable,399,399,0,0,0,0,100
11,11.5,11.5.3,VC_DSR_ESDN,Number of disruptions to educational services attributed to disasters (number),2015,2023,9,TRUE,FALSE,FALSE,stable,377,377,0,0,0,0,100
11,11.5,11.5.3,VC_DSR_HFDN,Number of destroyed or damaged health facilities attributed to disasters (number),2015,2023,9,TRUE,FALSE,FALSE,stable,350,350,0,0,0,0,100
11,11.5,11.5.3,VC_DSR_HSDN,Number of disruptions to health services attributed to disasters (number),2015,2023,9,TRUE,FALSE,FALSE,stable,359,359,0,0,0,0,100
11,11.5,11.5.3,VC_DSR_OBDN,Number of disruptions to other basic services attributed to disasters (number),2015,2023,9,TRUE,FALSE,FALSE,stable,344,344,0,0,0,0,100
11,11.6,11.6.1,EN_REF_WASCOL,"Municipal Solid Waste collection coverage, by cities (%)",2015,2023,9,TRUE,FALSE,FALSE,stable,4655,4410,245,0,0,0,94.7
11,11.6,11.6.2,EN_ATM_PM25,"Annual mean levels of fine particulate matter (population-weighted), by location (micrograms per cubic meter)",2015,2023,9,TRUE,FALSE,FALSE,stable,8496,0,8496,0,0,0,0
11,11.7,11.7.1,EN_ACS_URB_OPENSP,Average share of urban population with convenient access to open public spaces (%),2017,2023,7,FALSE,TRUE,FALSE,entered_late,1666,193,1473,0,0,0,11.6
11,11.7,11.7.1,EN_URB_OPENSP,Average share of the built-up area of cities that is open space for public use for all (%),2015,2023,9,TRUE,FALSE,FALSE,stable,1927,823,1104,0,0,0,42.7
11,11.7,11.7.2,VC_VOH_SXPH,"Proportion of persons victim of non-sexual or sexual harassment, in the previous 12 months (%)",2015,2023,9,TRUE,FALSE,FALSE,stable,88,88,0,0,0,0,100
11,11.a,11.a.1,SD_CPA_UPRDP,Countries that have national urban policies or regional development plans that respond to population dynamics; ensure balanced territorial development; and increase local fiscal space (1 = YES; 0 = NO),2020,2023,2,FALSE,TRUE,FALSE,entered_late,392,392,0,0,0,0,100
11,11.b,11.b.1,SG_DSR_LGRGSR,Score of adoption and implementation of national DRR strategies in line with the Sendai Framework,2015,2023,9,TRUE,FALSE,FALSE,stable,1917,1917,0,0,0,0,100
11,11.b,11.b.2,SG_DSR_SILN,Number of local governments that adopt and implement local DRR strategies in line with national strategies (number),2015,2023,9,TRUE,FALSE,FALSE,stable,1980,1980,0,0,0,0,100
11,11.b,11.b.2,SG_DSR_SILS,Proportion of local governments that adopt and implement local disaster risk reduction strategies in line with national disaster risk reduction strategies (%),2015,2023,9,TRUE,FALSE,FALSE,stable,1959,1959,0,0,0,0,100
11,11.b,11.b.2,SG_GOV_LOGV,Number of local governments (number),2015,2023,9,TRUE,FALSE,FALSE,stable,2043,2043,0,0,0,0,100
11,11.c,11.c.1,DC_TOF_URBINFRA,Total official development assistance and other official flows in support of urban infrastructure or urban infrastructure projects (millions of constant 2023 United States dollars),2022,2022,1,FALSE,TRUE,TRUE,entered_late,36,0,36,0,0,0,0
12,12.1,12.1.1,SG_SCP_CNTRY,Countries with sustainable consumption and production (SCP) national action plans or SCP mainstreamed as a priority or target into national policies (1 = YES; 0 = NO),2019,2023,5,FALSE,TRUE,FALSE,entered_late,60,60,0,0,0,0,100
12,12.1,12.1.1,SG_SCP_POLINS,Countries with policy instrument for sustainable consumption and production (1 = YES; 0 = NO),2019,2023,5,FALSE,TRUE,FALSE,entered_late,109,109,0,0,0,0,100
12,12.1,12.1.1,SG_SCP_TOTLN,"Number of policies, instruments and mechanism in place for sustainable consumption and production (Number)",2019,2023,5,FALSE,TRUE,FALSE,entered_late,60,60,0,0,0,0,100
12,12.2,12.2.2,EN_MAT_DOMCMPC,"Domestic material consumption per capita, by type of raw material (tonnes)",2015,2023,9,TRUE,FALSE,FALSE,stable,24098,4410,19688,0,0,0,18.3
12,12.2,12.2.2,EN_MAT_DOMCMPG,"Domestic material consumption per unit of GDP, by type of raw material (kilograms per constant 2020 United States dollars)",2015,2023,9,TRUE,FALSE,FALSE,stable,24098,0,24098,0,0,0,0
12,12.2,12.2.2,EN_MAT_DOMCMPT,"Domestic material consumption, by type of raw material (tonnes)",2015,2023,9,TRUE,FALSE,FALSE,stable,24098,4874,19224,0,0,0,20.2
12,12.3,12.3.1,AG_FOOD_WST,Food waste (Tonnes),2015,2022,8,FALSE,FALSE,TRUE,exited_early,1827,380,1447,0,0,0,20.8
12,12.3,12.3.1,AG_FOOD_WST_PC,Food waste per capita (KG),2015,2022,8,FALSE,FALSE,TRUE,exited_early,1812,359,1453,0,0,0,19.8
12,12.4,12.4.1,SG_HAZ_CMRBASEL,"Parties meeting their commitments and obligations in transmitting information as required by Basel Convention on hazardous waste, and other chemicals (%)",2015,2020,2,FALSE,FALSE,TRUE,exited_early,369,369,0,0,0,0,100
12,12.4,12.4.1,SG_HAZ_CMRMNMT,"Parties meeting their commitments and obligations in transmitting information as required by Minamata Convention on hazardous waste, and other chemicals (%)",2020,2020,1,FALSE,TRUE,TRUE,entered_late,105,105,0,0,0,0,100
12,12.4,12.4.1,SG_HAZ_CMRMNTRL,"Parties meeting their commitments and obligations in transmitting information as required by Montreal Protocol on hazardous waste, and other chemicals (%)",2015,2020,2,FALSE,FALSE,TRUE,exited_early,387,387,0,0,0,0,100
12,12.4,12.4.1,SG_HAZ_CMRROTDAM,"Parties meeting their commitments and obligations in transmitting information as required by Rotterdam Convention on hazardous waste, and other chemicals (%)",2015,2020,2,FALSE,FALSE,TRUE,exited_early,312,312,0,0,0,0,100
12,12.4,12.4.1,SG_HAZ_CMRSTHOLM,"Parties meeting their commitments and obligations in transmitting information as required by Stockholm Convention on hazardous waste, and other chemicals (%)",2015,2020,2,FALSE,FALSE,TRUE,exited_early,352,352,0,0,0,0,100
12,12.4,12.4.2,EN_EWT_COLLPCAP,"Electronic waste collected, per capita (KG)",2015,2023,9,TRUE,FALSE,FALSE,stable,403,293,110,0,0,0,72.7
12,12.4,12.4.2,EN_EWT_COLLR,Proportion of electronic waste collected (%),2015,2023,9,TRUE,FALSE,FALSE,stable,96,96,0,0,0,0,100
12,12.4,12.4.2,EN_EWT_COLLV,Electronic waste collected (Tonnes),2015,2023,9,TRUE,FALSE,FALSE,stable,403,403,0,0,0,0,100
12,12.4,12.4.2,EN_EWT_GENPCAP,"Electronic waste generated, per capita (Kg)",2015,2023,9,TRUE,FALSE,FALSE,stable,195,101,94,0,0,0,51.8
12,12.4,12.4.2,EN_EWT_GENV,Electronic waste generated (Tonnes),2015,2023,9,TRUE,FALSE,FALSE,stable,195,195,0,0,0,0,100
12,12.4,12.4.2,EN_HAZ_EXP,"Hazardous waste exported, (Tonnes)",2015,2023,9,TRUE,FALSE,FALSE,stable,585,585,0,0,0,0,100
12,12.4,12.4.2,EN_HAZ_GENGDP,"Hazardous waste generated, per unit of GDP (kilograms per constant 2015 United States dollars)",2015,2023,9,TRUE,FALSE,FALSE,stable,493,0,493,0,0,0,0
12,12.4,12.4.2,EN_HAZ_GENV,Hazardous waste generated (Tonnes),2015,2023,9,TRUE,FALSE,FALSE,stable,523,523,0,0,0,0,100
12,12.4,12.4.2,EN_HAZ_IMP,"Hazardous waste imported, (Tonnes)",2015,2023,9,TRUE,FALSE,FALSE,stable,503,503,0,0,0,0,100
12,12.4,12.4.2,EN_HAZ_PCAP,"Hazardous waste generated, per capita (Kg)",2015,2023,9,TRUE,FALSE,FALSE,stable,523,202,321,0,0,0,38.6
12,12.4,12.4.2,EN_HAZ_TREATV,"Hazardous waste treated, by type of treatment (Tonnes)",2015,2023,9,TRUE,FALSE,FALSE,stable,1617,1617,0,0,0,0,100
12,12.4,12.4.2,EN_HAZ_TRTDISR,Proportion of hazardous waste treated or disposed (%),2015,2023,9,TRUE,FALSE,FALSE,stable,349,349,0,0,0,0,100
12,12.4,12.4.2,EN_HAZ_TRTDISV,Hazardous waste treated or disposed (Tonnes),2015,2023,9,TRUE,FALSE,FALSE,stable,376,376,0,0,0,0,100
12,12.4,12.4.2,EN_MWT_COLLV,Municipal waste collected (Tonnes),2015,2023,9,TRUE,FALSE,FALSE,stable,701,701,0,0,0,0,100
12,12.4,12.4.2,EN_MWT_EXP,Municipal waste exported (Tonnes),2015,2023,9,TRUE,FALSE,FALSE,stable,125,125,0,0,0,0,100
12,12.4,12.4.2,EN_MWT_GENV,Municipal waste generated (Tonnes),2015,2023,9,TRUE,FALSE,FALSE,stable,618,618,0,0,0,0,100
12,12.4,12.4.2,EN_MWT_IMP,Municipal waste imported (Tonnes),2015,2023,9,TRUE,FALSE,FALSE,stable,117,117,0,0,0,0,100
12,12.4,12.4.2,EN_MWT_TREATR,"Proportion of municipal waste treated, by type of treatment (%)",2015,2023,9,TRUE,FALSE,FALSE,stable,2322,2322,0,0,0,0,100
12,12.4,12.4.2,EN_MWT_TREATV,Municipal waste treated by type of treatment (Tonnes),2015,2023,9,TRUE,FALSE,FALSE,stable,2586,2586,0,0,0,0,100
12,12.4,12.4.2,EN_TWT_GENV,"Total waste generation, by activity (Tonnes)",2015,2023,9,TRUE,FALSE,FALSE,stable,2610,2610,0,0,0,0,100
12,12.5,12.5.1,EN_EWT_RCYPCAP,"Electronic waste recycled, per capita (Kg)",2015,2023,9,TRUE,FALSE,FALSE,stable,395,263,132,0,0,0,66.6
12,12.5,12.5.1,EN_EWT_RCYR,Proportion of electronic waste recycled (%),2015,2023,9,TRUE,FALSE,FALSE,stable,179,157,22,0,0,0,87.7
12,12.5,12.5.1,EN_EWT_RCYV,Electronic waste recycled (Tonnes),2015,2023,9,TRUE,FALSE,FALSE,stable,377,377,0,0,0,0,100
12,12.5,12.5.1,EN_MWT_RCYR,Proportion of municipal waste recycled (%),2015,2022,8,FALSE,FALSE,TRUE,exited_early,452,452,0,0,0,0,100
12,12.5,12.5.1,EN_MWT_RCYV,Municipal waste recycled (Tonnes),2015,2023,9,TRUE,FALSE,FALSE,stable,583,583,0,0,0,0,100
12,12.6,12.6.1,EN_SCP_FRMN,"Number of companies publishing sustainability reports with disclosure by dimension, by level of requirement (Number)",2015,2023,9,TRUE,FALSE,FALSE,stable,4972,0,4972,0,0,0,0
12,12.7,12.7.1,SG_SCP_PROCN,Number of countries implementing sustainable public procurement policies and action plans,2020,2022,2,FALSE,TRUE,TRUE,entered_late,82,82,0,0,0,0,100
12,12.7,12.7.1,SG_SCP_PROCN_HS,Number of countries implementing sustainable public procurement policies and action plans at higher subnational level by level of implementation (1 = YES; 0 = NO),2020,2020,1,FALSE,TRUE,TRUE,entered_late,30,30,0,0,0,0,100
12,12.7,12.7.1,SG_SCP_PROCN_LS,Number of countries implementing sustainable public procurement policies and action plans at lower subnational level by level of implementation (1 = YES; 0 = NO),2020,2020,1,FALSE,TRUE,TRUE,entered_late,9,9,0,0,0,0,100
12,12.8,12.8.1,SE_GCEDESD_CUR,Extent to which global citizenship education and education for sustainable development are mainstreamed in curricula,2020,2020,1,FALSE,TRUE,TRUE,entered_late,177,177,0,0,0,0,100
12,12.8,12.8.1,SE_GCEDESD_NEP,Extent to which global citizenship education and education for sustainable development are mainstreamed in national education policies,2020,2020,1,FALSE,TRUE,TRUE,entered_late,192,192,0,0,0,0,100
12,12.8,12.8.1,SE_GCEDESD_SAS,Extent to which global citizenship education and education for sustainable development are mainstreamed in student assessment,2020,2020,1,FALSE,TRUE,TRUE,entered_late,192,192,0,0,0,0,100
12,12.8,12.8.1,SE_GCEDESD_TED,Extent to which global citizenship education and education for sustainable development are mainstreamed in teacher education,2020,2020,1,FALSE,TRUE,TRUE,entered_late,186,186,0,0,0,0,100
12,12.8,12.8.1,SE_SGE_BIODIV,Score on greening education in biodiversity (%),2023,2023,1,FALSE,TRUE,FALSE,entered_late,327,327,0,0,0,0,100
12,12.8,12.8.1,SE_SGE_CLIMCH,Score on greening education in climate change (%),2023,2023,1,FALSE,TRUE,FALSE,entered_late,327,327,0,0,0,0,100
12,12.8,12.8.1,SE_SGE_ENVSUST,Score on greening education in environment and sustainability (%),2023,2023,1,FALSE,TRUE,FALSE,entered_late,327,327,0,0,0,0,100
12,12.8,12.8.1,SE_SGE_OVERALL,"Score on greening education in environment and sustainability, climate change, and biodiversity (%)",2023,2023,1,FALSE,TRUE,FALSE,entered_late,327,327,0,0,0,0,100
12,12.a,12.a.1,EG_EGY_RNEW,Installed renewable electricity-generating capacity (watts per capita),2015,2023,9,TRUE,FALSE,FALSE,stable,24318,0,24318,0,0,0,0
12,12.b,12.b.1,ST_EEV_ACCSEEA,Implementation of standard accounting tools to monitor the economic and environmental aspects of tourism (SEEA tables),2015,2023,9,TRUE,FALSE,FALSE,stable,1159,1159,0,0,0,0,100
12,12.b,12.b.1,ST_EEV_ACCTSA,Implementation of standard accounting tools to monitor the economic and environmental aspects of tourism (Tourism Satellite Account tables),2015,2023,9,TRUE,FALSE,FALSE,stable,1200,1200,0,0,0,0,100
12,12.b,12.b.1,ST_EEV_STDACCT,Implementation of standard accounting tools to monitor the economic and environmental aspects of tourism (number of tables),2015,2023,9,TRUE,FALSE,FALSE,stable,1213,1213,0,0,0,0,100
12,12.c,12.c.1,ER_FFS_CMPT_CD,Fossil-fuel subsidies (consumption and production) (billions of nominal United States dollars),2015,2023,9,TRUE,FALSE,FALSE,stable,1606,157,1449,0,0,0,9.8
12,12.c,12.c.1,ER_FFS_CMPT_GDP,Fossil-fuel subsidies (consumption and production) as a proportion of total GDP (%),2015,2023,9,TRUE,FALSE,FALSE,stable,1606,59,1547,0,0,0,3.7
12,12.c,12.c.1,ER_FFS_CMPT_PC_CD,Fossil-fuel subsidies (consumption and production) per capita (nominal United States dollars),2015,2023,9,TRUE,FALSE,FALSE,stable,1606,0,1606,0,0,0,0
13,13.1,13.1.1,VC_DSR_AFFCT,Number of people affected by disaster (number),2015,2023,9,TRUE,FALSE,FALSE,stable,2736,2736,0,0,0,0,100
13,13.1,13.1.1,VC_DSR_DAFF,"Number of directly affected persons attributed to disasters per 100,000 population (number)",2015,2023,9,TRUE,FALSE,FALSE,stable,2736,2736,0,0,0,0,100
13,13.1,13.1.1,VC_DSR_IJILN,Number of injured or ill people attributed to disasters (number),2015,2023,9,TRUE,FALSE,FALSE,stable,2484,2484,0,0,0,0,100
13,13.1,13.1.1,VC_DSR_MISS,Number of missing persons due to disaster (number),2015,2023,9,TRUE,FALSE,FALSE,stable,2223,2223,0,0,0,0,100
13,13.1,13.1.1,VC_DSR_MMHN,Number of deaths and missing persons attributed to disasters (number),2015,2023,9,TRUE,FALSE,FALSE,stable,2943,2943,0,0,0,0,100
13,13.1,13.1.1,VC_DSR_MORT,Number of deaths due to disaster (number),2015,2023,9,TRUE,FALSE,FALSE,stable,2910,2910,0,0,0,0,100
13,13.1,13.1.1,VC_DSR_MTMP,"Number of deaths and missing persons attributed to disasters per 100,000 population (number)",2015,2023,9,TRUE,FALSE,FALSE,stable,2943,2943,0,0,0,0,100
13,13.1,13.1.1,VC_DSR_PDAN,Number of people whose damaged dwellings were attributed to disasters (number),2015,2023,9,TRUE,FALSE,FALSE,stable,2220,2220,0,0,0,0,100
13,13.1,13.1.1,VC_DSR_PDLN,"Number of people whose livelihoods were disrupted or destroyed, attributed to disasters (number)",2015,2023,9,TRUE,FALSE,FALSE,stable,1626,1626,0,0,0,0,100
13,13.1,13.1.1,VC_DSR_PDYN,Number of people whose destroyed dwellings were attributed to disasters (number),2015,2023,9,TRUE,FALSE,FALSE,stable,1947,1947,0,0,0,0,100
13,13.1,13.1.2,SG_DSR_LGRGSR,Score of adoption and implementation of national DRR strategies in line with the Sendai Framework,2015,2023,9,TRUE,FALSE,FALSE,stable,1917,1917,0,0,0,0,100
13,13.1,13.1.3,SG_DSR_SILN,Number of local governments that adopt and implement local DRR strategies in line with national strategies (number),2015,2023,9,TRUE,FALSE,FALSE,stable,1980,1980,0,0,0,0,100
13,13.1,13.1.3,SG_DSR_SILS,Proportion of local governments that adopt and implement local disaster risk reduction strategies in line with national disaster risk reduction strategies (%),2015,2023,9,TRUE,FALSE,FALSE,stable,1959,1959,0,0,0,0,100
13,13.1,13.1.3,SG_GOV_LOGV,Number of local governments (number),2015,2023,9,TRUE,FALSE,FALSE,stable,2043,2043,0,0,0,0,100
13,13.2,13.2.2,EN_ATM_GHGT_WLU,Total greenhouse gas emissions with LULUCF (Mt CO₂ equivalent),2020,2022,3,FALSE,TRUE,TRUE,entered_late,280,280,0,0,0,0,100
13,13.2,13.2.2,EN_ATM_GHGT_WOLU,Total greenhouse gas emissions without LULUCF (Mt CO₂ equivalent),2020,2022,3,FALSE,TRUE,TRUE,entered_late,280,280,0,0,0,0,100
13,13.3,13.3.1,SE_GCEDESD_CUR,Extent to which global citizenship education and education for sustainable development are mainstreamed in curricula,2020,2020,1,FALSE,TRUE,TRUE,entered_late,177,177,0,0,0,0,100
13,13.3,13.3.1,SE_GCEDESD_NEP,Extent to which global citizenship education and education for sustainable development are mainstreamed in national education policies,2020,2020,1,FALSE,TRUE,TRUE,entered_late,192,192,0,0,0,0,100
13,13.3,13.3.1,SE_GCEDESD_SAS,Extent to which global citizenship education and education for sustainable development are mainstreamed in student assessment,2020,2020,1,FALSE,TRUE,TRUE,entered_late,192,192,0,0,0,0,100
13,13.3,13.3.1,SE_GCEDESD_TED,Extent to which global citizenship education and education for sustainable development are mainstreamed in teacher education,2020,2020,1,FALSE,TRUE,TRUE,entered_late,186,186,0,0,0,0,100
13,13.3,13.3.1,SE_SGE_BIODIV,Score on greening education in biodiversity (%),2023,2023,1,FALSE,TRUE,FALSE,entered_late,327,327,0,0,0,0,100
13,13.3,13.3.1,SE_SGE_CLIMCH,Score on greening education in climate change (%),2023,2023,1,FALSE,TRUE,FALSE,entered_late,327,327,0,0,0,0,100
13,13.3,13.3.1,SE_SGE_ENVSUST,Score on greening education in environment and sustainability (%),2023,2023,1,FALSE,TRUE,FALSE,entered_late,327,327,0,0,0,0,100
13,13.3,13.3.1,SE_SGE_OVERALL,"Score on greening education in environment and sustainability, climate change, and biodiversity (%)",2023,2023,1,FALSE,TRUE,FALSE,entered_late,327,327,0,0,0,0,100
14,14.1,14.1.1,EN_MAR_BEALIT_BP,Beach litter originating from national land-based sources that ends in the beach (%),2017,2021,5,FALSE,TRUE,TRUE,entered_late,705,0,705,0,0,0,0
14,14.1,14.1.1,EN_MAR_BEALIT_BV,Beach litter originating from national land-based sources that ends in the beach (Tonnes),2017,2022,6,FALSE,TRUE,TRUE,entered_late,20046,0,20046,0,0,0,0
14,14.1,14.1.1,EN_MAR_BEALIT_EXP,Exported beach litter originating from national land-based sources (Tonnes),2017,2022,6,FALSE,TRUE,TRUE,entered_late,846,0,846,0,0,0,0
14,14.1,14.1.1,EN_MAR_BEALIT_OP,Beach litter originating from national land-based sources that ends in the ocean (%),2017,2021,5,FALSE,TRUE,TRUE,entered_late,705,0,705,0,0,0,0
14,14.1,14.1.1,EN_MAR_BEALIT_OV,Beach litter originating from national land-based sources that ends in the ocean (Tonnes),2017,2021,5,FALSE,TRUE,TRUE,entered_late,705,0,705,0,0,0,0
14,14.1,14.1.1,EN_MAR_BEALIT_PUSA,Beach litter items per unit of surface area (Number of items per 100 square meters),2015,2023,9,TRUE,FALSE,FALSE,stable,765,78,687,0,0,0,10.2
14,14.1,14.1.1,EN_MAR_CHLANM,"Chlorophyll-a anomaly, remote sensing (%)",2018,2022,5,FALSE,TRUE,TRUE,entered_late,2250,0,2250,0,0,0,0
14,14.1,14.1.1,EN_MAR_CHLCONC,Chlorophyll-a concentration (milligram per liter),2015,2022,8,FALSE,FALSE,TRUE,exited_early,92,92,0,0,0,0,100
14,14.1,14.1.1,EN_MAR_CHLDEV,"Chlorophyll-a deviations, remote sensing (%)",2015,2022,8,FALSE,FALSE,TRUE,exited_early,1176,0,1176,0,0,0,0
14,14.1,14.1.1,EN_MAR_DSI_MML,Coastal Eutrophication: Total Dissolved Silica (micromole per liter),2015,2022,8,FALSE,FALSE,TRUE,exited_early,98,98,0,0,0,0,100
14,14.1,14.1.1,EN_MAR_PLASDD,Floating plastic debris density (count per km2),2016,2023,8,FALSE,TRUE,FALSE,entered_late,20,20,0,0,0,0,100
14,14.1,14.1.1,EN_MAR_TN_MML,Coastal Eutrophication: Total Nitrogen (micromole per liter),2015,2022,8,FALSE,FALSE,TRUE,exited_early,589,589,0,0,0,0,100
14,14.1,14.1.1,EN_MAR_TP_MML,Coastal Eutrophication: Total Phosphorus (micromole per liter),2015,2023,9,TRUE,FALSE,FALSE,stable,580,580,0,0,0,0,100
14,14.2,14.2.1,EN_SCP_ECSYBA,Number of countries using ecosystem-based approaches to managing marine areas (1 = YES; 0 = NO),2015,2023,9,TRUE,FALSE,FALSE,stable,199,199,0,0,0,0,100
14,14.3,14.3.1,ER_OAW_MNACD,Average marine acidity (pH) measured at agreed suite of representative sampling stations,2015,2023,9,TRUE,FALSE,FALSE,stable,1398,1398,0,0,0,0,100
14,14.4,14.4.1,ER_H2O_FWTL,Proportion of fish stocks within biologically sustainable levels (not overexploited) (%),2016,2023,6,FALSE,TRUE,FALSE,entered_late,183,183,0,1189,119,37,100
14,14.5,14.5.1,ER_MRN_MPA,Average proportion of Marine Key Biodiversity Areas (KBAs) covered by protected areas (%),2015,2023,9,TRUE,FALSE,FALSE,stable,1296,1296,0,0,0,0,100
14,14.6,14.6.1,ER_REG_UNFCIM,"Progress by countries in the degree of implementation of international instruments aiming to combat illegal, unreported and unregulated fishing (level of implementation: 1 lowest to 5 highest)",2018,2022,3,FALSE,TRUE,TRUE,entered_late,265,265,0,275,37,37,100
14,14.7,14.7.1,EN_SCP_FSHGDP,Sustainable fisheries as a proportion of GDP,2015,2023,5,FALSE,FALSE,FALSE,intermittent,525,525,0,90,0,0,100
14,14.a,14.a.1,ER_RDE_OSEX,National ocean science expenditure as a share of total research and development funding (%),2015,2023,9,TRUE,FALSE,FALSE,stable,111,111,0,0,0,0,100
14,14.b,14.b.1,ER_REG_SSFRAR,Degree of application of a legal/regulatory/policy/institutional framework which recognizes and protects access rights for small-scale fisheries (level of implementation: 1 lowest to 5 highest),2018,2022,3,FALSE,TRUE,TRUE,entered_late,296,296,0,241,21,25,100
14,14.c,14.c.1,ER_UNCLOS_IMPLE,Score for the implementation of UNCLOS and its two implementing agreements (%),2021,2023,2,FALSE,TRUE,FALSE,entered_late,59,59,0,3,0,0,100
14,14.c,14.c.1,ER_UNCLOS_RATACC,Score for the ratification of and accession to UNCLOS and its two implementing agreements (%),2021,2023,2,FALSE,TRUE,FALSE,entered_late,62,62,0,0,0,0,100
15,15.1,15.1.1,AG_LND_FRST,Forest area as a proportion of total land area (%),2015,2020,2,FALSE,FALSE,TRUE,exited_early,388,358,30,0,0,0,92.3
15,15.1,15.1.1,AG_LND_FRSTN,Forest area (thousands of hectares),2015,2020,2,FALSE,FALSE,TRUE,exited_early,388,358,30,0,0,0,92.3
15,15.1,15.1.1,AG_LND_TOTL,Land area (thousands of hectares),2015,2020,2,FALSE,FALSE,TRUE,exited_early,388,169,219,0,0,0,43.6
15,15.1,15.1.2,ER_PTD_FRHWTR,Average proportion of Freshwater Key Biodiversity Areas (KBAs) covered by protected areas (%),2015,2023,9,TRUE,FALSE,FALSE,stable,1422,1422,0,0,0,0,100
15,15.1,15.1.2,ER_PTD_TERR,Average proportion of Terrestrial Key Biodiversity Areas (KBAs) covered by protected areas (%),2015,2023,9,TRUE,FALSE,FALSE,stable,1737,1737,0,0,0,0,100
15,15.2,15.2.1,AG_LND_FRSTBIOPHA,Above-ground biomass in forest (tonnes per hectare),2015,2020,2,FALSE,FALSE,TRUE,exited_early,371,349,22,5,4,0,94.1
15,15.2,15.2.1,AG_LND_FRSTCERT,Forest area certified under an independently verified certification scheme (thousands of hectares),2015,2023,9,TRUE,FALSE,FALSE,stable,1764,1764,0,0,0,0,100
15,15.2,15.2.1,AG_LND_FRSTCHG,Annual forest area change rate (%),2015,2015,1,FALSE,FALSE,TRUE,exited_early,192,178,14,2,2,0,92.7
15,15.2,15.2.1,AG_LND_FRSTMGT,Proportion of forest area with a long-term management plan (%),2015,2020,2,FALSE,FALSE,TRUE,exited_early,249,238,11,15,4,0,95.6
15,15.2,15.2.1,AG_LND_FRSTPRCT,Proportion of forest area within legally established protected areas (%),2015,2020,2,FALSE,FALSE,TRUE,exited_early,347,331,16,13,4,0,95.4
15,15.3,15.3.1,AG_LND_DGRD,Proportion of land that is degraded over total land area (%),2015,2019,2,FALSE,FALSE,TRUE,exited_early,240,240,0,54,0,0,100
15,15.4,15.4.1,ER_PTD_MTN,Average proportion of Mountain Key Biodiversity Areas (KBAs) covered by protected areas (%),2015,2023,9,TRUE,FALSE,FALSE,stable,1467,1467,0,0,0,0,100
15,15.4,15.4.2,ER_MTN_DGRDA,Area of degraded mountain land (square kilometres),2015,2021,3,FALSE,FALSE,TRUE,exited_early,1539,21,1518,1401,1329,72,1.4
15,15.4,15.4.2,ER_MTN_DGRDP,Proportion of degraded mountain land (%),2015,2021,3,FALSE,FALSE,TRUE,exited_early,1539,21,1518,1401,1329,72,1.4
15,15.4,15.4.2,ER_MTN_GRNCOV,Mountain green cover area (square kilometres),2015,2021,3,FALSE,FALSE,TRUE,exited_early,16902,204,16698,15411,14619,792,1.2
15,15.4,15.4.2,ER_MTN_GRNCVI,Mountain Green Cover Index,2015,2021,3,FALSE,FALSE,TRUE,exited_early,16902,204,16698,15411,14619,792,1.2
15,15.4,15.4.2,ER_MTN_TOTL,Mountain area (square kilometres),2015,2021,3,FALSE,FALSE,TRUE,exited_early,1539,21,1518,1401,1329,72,1.4
15,15.5,15.5.1,ER_RSK_LST,Red List Index,2015,2023,9,TRUE,FALSE,FALSE,stable,1764,0,1764,0,0,0,0
15,15.6,15.6.1,ER_CBD_ABSCLRHS,"Countries that have legislative, administrative and policy framework or measures reported to the Access and Benefit-Sharing Clearing-House (1 = YES; 0 = NO)",2015,2023,9,TRUE,FALSE,FALSE,stable,646,646,0,0,0,0,100
15,15.6,15.6.1,ER_CBD_NAGOYA,Countries that are parties to the Nagoya Protocol (1 = YES; 0 = NO),2021,2023,3,FALSE,TRUE,FALSE,entered_late,582,582,0,0,0,0,100
15,15.6,15.6.1,ER_CBD_ORSPGRFA,"Countries that have legislative, administrative and policy framework or measures reported through the Online Reporting System on Compliance  of the International Treaty on Plant Genetic Resources for Food and Agriculture (PGRFA) (1 = YES; 0 = NO)",2016,2023,8,FALSE,TRUE,FALSE,entered_late,1568,1568,0,0,0,0,100
15,15.6,15.6.1,ER_CBD_PTYPGRFA,Countries that are contracting Parties to the International Treaty on Plant Genetic Resources for Food and Agriculture (PGRFA) (1 = YES; 0 = NO),2015,2023,9,TRUE,FALSE,FALSE,stable,1764,1764,0,0,0,0,100
15,15.6,15.6.1,ER_CBD_SMTA,Total reported number of Standard Material Transfer Agreements (SMTAs) transferring plant genetic resources for food and agriculture to the country (number),2015,2023,9,TRUE,FALSE,FALSE,stable,1764,1764,0,0,0,0,100
15,15.7,15.7.1,ER_WLD_TRPOACH,Proportion of traded wildlife that was poached or illicitly trafficked,2016,2021,6,FALSE,TRUE,TRUE,entered_late,1806,1806,0,2,0,0,100
15,15.8,15.8.1,ER_IAS_GLOFUN,"Recipient countries of global funding with access to any funding from global financial mechanisms for projects related to invasive alien species  management (1 = YES, 0 = NO)",2016,2022,3,FALSE,TRUE,TRUE,entered_late,296,296,0,0,0,0,100
15,15.8,15.8.1,ER_IAS_LEGIS,"Legislation, Regulation, Act related to the prevention of introduction and management of Invasive Alien Species (1 = YES, 0 = NO)",2016,2022,3,FALSE,TRUE,TRUE,entered_late,579,579,0,0,0,0,100
15,15.8,15.8.1,ER_IAS_NATBUD,"Countries with an allocation from the national budget to manage the threat of invasive alien species (1 = YES, 0 = NO)",2016,2022,3,FALSE,TRUE,TRUE,entered_late,300,300,0,0,0,0,100
15,15.8,15.8.1,ER_IAS_NBSAP,"National Biodiversity Strategy and Action Plan (NBSAP) targets alignment to Aichi Biodiversity target 9 set out in the Strategic Plan for Biodiversity 2011-2020 (1 = YES, 0 = NO)",2016,2022,3,FALSE,TRUE,TRUE,entered_late,579,579,0,0,0,0,100
15,15.9,15.9.1,ER_BDY_ABT2NP,Countries that established national targets in accordance with Aichi Biodiversity Target 2 of the Strategic Plan for Biodiversity 2011-2020 in their National Biodiversity Strategy and Action Plans (1 = YES; 0 = NO),2022,2022,1,FALSE,TRUE,TRUE,entered_late,386,386,0,0,0,0,100
15,15.a,15.a.1,DC_ODA_BDVDL,"Total official development assistance for biodiversity, by donor countries (millions of constant 2024 United States dollars)",2015,2023,9,TRUE,FALSE,FALSE,stable,558,558,0,0,0,0,100
15,15.a,15.a.1,DC_ODA_BDVL,"Total official development assistance for biodiversity, by recipient countries (millions of constant 2024 United States dollars)",2015,2023,9,TRUE,FALSE,FALSE,stable,2450,2450,0,0,0,0,100
15,15.b,15.b.1,DC_ODA_BDVDL,"Total official development assistance for biodiversity, by donor countries (millions of constant 2024 United States dollars)",2015,2023,9,TRUE,FALSE,FALSE,stable,558,558,0,0,0,0,100
15,15.b,15.b.1,DC_ODA_BDVL,"Total official development assistance for biodiversity, by recipient countries (millions of constant 2024 United States dollars)",2015,2023,9,TRUE,FALSE,FALSE,stable,2450,2450,0,0,0,0,100
15,15.c,15.c.1,ER_WLD_TRPOACH,Proportion of traded wildlife that was poached or illicitly trafficked,2016,2021,6,FALSE,TRUE,TRUE,entered_late,1806,1806,0,2,0,0,100
16,16.1,16.1.1,VC_IHR_PSRC,"Number of victims of intentional homicide per 100,000 population, by sex (victims per 100,000 population)",2015,2023,9,TRUE,FALSE,FALSE,stable,3051,3051,0,0,0,0,100
16,16.1,16.1.1,VC_IHR_PSRCN,"Number of victims of intentional homicide, by sex (number)",2015,2023,9,TRUE,FALSE,FALSE,stable,3051,3051,0,0,0,0,100
16,16.1,16.1.2,VC_DTH_TOCVN,"Number of conflict-related deaths (civilians), by sex, age and cause of death (Number)",2015,2023,9,TRUE,FALSE,FALSE,stable,1065,0,1065,0,0,0,0
16,16.1,16.1.2,VC_DTH_TONCVN,"Number of conflict-related deaths (non-civilians), by sex, age and cause of death (Number)",2015,2023,9,TRUE,FALSE,FALSE,stable,138,0,138,0,0,0,0
16,16.1,16.1.2,VC_DTH_TOTN,"Number of total conflict-related deaths, by sex, age and cause of death (Number)",2015,2023,9,TRUE,FALSE,FALSE,stable,2101,0,2101,0,0,0,0
16,16.1,16.1.2,VC_DTH_TOTR,"Number of total conflict-related deaths per 100,000 population (Per 100,000 population)",2015,2023,9,TRUE,FALSE,FALSE,stable,134,0,134,0,0,0,0
16,16.1,16.1.2,VC_DTH_TOUNN,"Number of conflict-related deaths (unknown), by sex, age and cause of death (Number)",2015,2023,9,TRUE,FALSE,FALSE,stable,78,0,78,0,0,0,0
16,16.1,16.1.3,VC_VOV_PHYL,"Proportion of population subjected to physical violence in the previous 12 months, by sex (%)",2015,2023,9,TRUE,FALSE,FALSE,stable,319,319,0,0,0,0,100
16,16.1,16.1.3,VC_VOV_PHY_ASLT,"Proportion of population subjected to physical assault in the previous 12 months, by sex (%)",2015,2023,9,TRUE,FALSE,FALSE,stable,507,507,0,0,0,0,100
16,16.1,16.1.3,VC_VOV_PSYCHL,"Proportion of population subjected to psychological violence in the previous 12 months, by sex (%)",2015,2023,9,TRUE,FALSE,FALSE,stable,112,112,0,0,0,0,100
16,16.1,16.1.3,VC_VOV_ROBB,"Proportion of population subjected to robbery in the previous 12 months, by sex (%)",2015,2023,9,TRUE,FALSE,FALSE,stable,474,474,0,0,0,0,100
16,16.1,16.1.3,VC_VOV_SEXL,"Proportion of population subjected to sexual violence in the previous 12 months, by sex (%)",2015,2023,9,TRUE,FALSE,FALSE,stable,196,196,0,0,0,0,100
16,16.1,16.1.3,VC_VOV_SEX_ASLT,"Proportion of population subjected to sexual assault in the previous 12 months, by sex (%)",2015,2023,9,TRUE,FALSE,FALSE,stable,268,268,0,0,0,0,100
16,16.1,16.1.4,VC_SNS_WALN_DRK,Proportion of population that feel safe walking alone around the area they live after dark (%),2015,2023,9,TRUE,FALSE,FALSE,stable,623,623,0,0,0,0,100
16,16.10,16.10.1,VC_VAW_MTUHRAN,"Countries with at least one verified case of killings of human rights defenders, journalists, and trade unionists (1 = YES, 0 = NO)",2015,2023,9,TRUE,FALSE,FALSE,stable,428,0,428,100,100,0,0
16,16.10,16.10.1,VC_VOC_ENFDISN,"Countries with at least one verified case of enforced disappearance of human rights defenders, journalists, and trade unionists (1 = YES, 0 = NO)",2015,2023,9,TRUE,FALSE,FALSE,stable,163,0,163,109,109,0,0
16,16.2,16.2.1,VC_VAW_PHYPYV,Proportion of children aged 1-14 years who experienced physical punishment and/or psychological aggression by caregivers in last month (% of children aged 1-14 years),2015,2023,9,TRUE,FALSE,FALSE,stable,86,86,0,0,0,0,100
16,16.2,16.2.2,VC_HTF_DETV,"Detected victims of human trafficking, by age and sex (number)",2015,2023,9,TRUE,FALSE,FALSE,stable,7823,7823,0,1271,0,0,100
16,16.2,16.2.2,VC_HTF_DETVFL,"Detected victims of human trafficking for forced labour, servitude and slavery, by age and sex (number)",2015,2023,9,TRUE,FALSE,FALSE,stable,4441,4441,0,1280,0,0,100
16,16.2,16.2.2,VC_HTF_DETVFLR,"Detected victims of human trafficking for forced labour, servitude and slavery, by age and sex (per 100,000 population)",2015,2023,9,TRUE,FALSE,FALSE,stable,4441,4441,0,1280,0,0,100
16,16.2,16.2.2,VC_HTF_DETVOG,"Detected victims of human trafficking for removal of organ, by age and sex (number)",2015,2023,9,TRUE,FALSE,FALSE,stable,3688,3688,0,277,0,0,100
16,16.2,16.2.2,VC_HTF_DETVOGR,"Detected victims of human trafficking for removal of organ, by age and sex (per 100,000 population)",2015,2023,9,TRUE,FALSE,FALSE,stable,3688,3688,0,277,0,0,100
16,16.2,16.2.2,VC_HTF_DETVOP,"Detected victims of human trafficking for other purposes, by age and sex (number)",2015,2023,9,TRUE,FALSE,FALSE,stable,4360,4360,0,1112,0,0,100
16,16.2,16.2.2,VC_HTF_DETVOPR,"Detected victims of human trafficking for other purposes, by age and sex (per 100,000 population)",2015,2023,9,TRUE,FALSE,FALSE,stable,4360,4360,0,1112,0,0,100
16,16.2,16.2.2,VC_HTF_DETVR,"Detected victims of human trafficking, by age and sex (per 100,000 population)",2015,2023,9,TRUE,FALSE,FALSE,stable,7823,7823,0,1271,0,0,100
16,16.2,16.2.2,VC_HTF_DETVSX,"Detected victims of human trafficking for sexual exploitation, by age and sex (number)",2015,2023,9,TRUE,FALSE,FALSE,stable,5059,5059,0,1078,0,0,100
16,16.2,16.2.2,VC_HTF_DETVSXR,"Detected victims of human trafficking for sexual exploitation, by age and sex (per 100,000 population)",2015,2023,9,TRUE,FALSE,FALSE,stable,5059,5059,0,1078,0,0,100
16,16.2,16.2.3,VC_VAW_SXVLN,"Proportion of population aged 18-29 years who experienced sexual violence by age 18, by sex (% of population aged 18-29)",2015,2023,9,TRUE,FALSE,FALSE,stable,69,69,0,0,0,0,100
16,16.3,16.3.1,VC_PRR_PHYV,"Police reporting rate for physical assault in the previous 12 months, by sex (%)",2015,2023,9,TRUE,FALSE,FALSE,stable,372,372,0,0,0,0,100
16,16.3,16.3.1,VC_PRR_PHY_VIO,"Police reporting rate for physical violence in the previous 12 months, by sex (%)",2015,2023,9,TRUE,FALSE,FALSE,stable,181,181,0,0,0,0,100
16,16.3,16.3.1,VC_PRR_PSYCHV,"Police reporting rate for psychological violence in the previous 12 months, by sex (%)",2021,2021,1,FALSE,TRUE,TRUE,entered_late,3,3,0,0,0,0,100
16,16.3,16.3.1,VC_PRR_ROBB,"Police reporting rate for robbery in the previous 12 months, by sex (%)",2015,2023,9,TRUE,FALSE,FALSE,stable,272,272,0,0,0,0,100
16,16.3,16.3.1,VC_PRR_SEXV,"Police reporting rate for sexual assault in the previous 12 months, by sex (%)",2015,2023,9,TRUE,FALSE,FALSE,stable,92,92,0,0,0,0,100
16,16.3,16.3.1,VC_PRR_SEX_VIO,"Police reporting rate for sexual violence in the previous 12 months, by sex (%)",2015,2023,9,TRUE,FALSE,FALSE,stable,87,87,0,0,0,0,100
16,16.3,16.3.2,VC_PRS_UNSNT,Unsentenced detainees as a proportion of overall prison population (%),2015,2023,9,TRUE,FALSE,FALSE,stable,2521,2521,0,0,0,0,100
16,16.3,16.3.3,SP_DISP_RESOL,Proportion of the population who have experienced a dispute in the past two years who accessed a formal or informal dispute resolution mechanism (%),2018,2023,6,FALSE,TRUE,FALSE,entered_late,58,58,0,0,0,0,100
16,16.4,16.4.1,DI_ILL_IN,Total value of inward illicit financial flows,2015,2023,9,TRUE,FALSE,FALSE,stable,20,9,11,15,0,0,45
16,16.4,16.4.1,DI_ILL_OUT,Total value of outward illicit financial flows,2015,2023,9,TRUE,FALSE,FALSE,stable,30,9,21,0,0,0,30
16,16.4,16.4.2,VC_ARM_SZTRACE,"Proportion of seized, found or surrendered arms whose illicit origin or context has been traced or established by a competent authority in line with international instruments",2016,2023,8,FALSE,TRUE,FALSE,entered_late,94,94,0,0,0,0,100
16,16.5,16.5.1,IU_COR_BRIB,"Prevalence rate of bribery, by sex (%)",2015,2023,9,TRUE,FALSE,FALSE,stable,287,287,0,0,0,0,100
16,16.5,16.5.2,IC_FRM_BRIB,Bribery incidence (% of firms experiencing at least one bribe payment request),2015,2023,9,TRUE,FALSE,FALSE,stable,152,0,152,0,0,0,0
16,16.6,16.6.1,GF_XPD_GBPC,Primary government expenditures as a proportion of original approved budget (%),2015,2023,9,TRUE,FALSE,FALSE,stable,1204,1204,0,0,0,0,100
16,16.6,16.6.2,SP_PSR_OSATIS_GOV,Proportion of population who say that overall they are satisfied with the quality of government services (%),2015,2023,7,FALSE,FALSE,FALSE,intermittent,242,242,0,0,0,0,100
16,16.6,16.6.2,SP_PSR_OSATIS_HLTH,Proportion of population who say that overall they are satisfied with the quality of healthcare services (%),2015,2023,9,TRUE,FALSE,FALSE,stable,1402,1402,0,0,0,0,100
16,16.6,16.6.2,SP_PSR_OSATIS_PRM,Proportion of population who say that overall they are satisfied with the quality of primary education services (%),2015,2023,9,TRUE,FALSE,FALSE,stable,106,106,0,0,0,0,100
16,16.6,16.6.2,SP_PSR_OSATIS_SEC,Proportion of population who say that overall they are satisfied with the quality of secondary education services (%),2015,2023,8,FALSE,FALSE,FALSE,intermittent,225,225,0,0,0,0,100
16,16.6,16.6.2,SP_PSR_SATIS_GOV,"Proportion of population satisfied with their last experience of public services, government services (%)",2015,2023,6,FALSE,FALSE,FALSE,intermittent,603,603,0,0,0,0,100
16,16.6,16.6.2,SP_PSR_SATIS_HLTH,"Proportion of population satisfied with their last experience of public services, healthcare services (%)",2015,2023,6,FALSE,FALSE,FALSE,intermittent,528,528,0,0,0,0,100
16,16.6,16.6.2,SP_PSR_SATIS_PRM,"Proportion of population satisfied with their last experience of public services, primary education services (%)",2015,2023,3,FALSE,FALSE,FALSE,intermittent,216,216,0,0,0,0,100
16,16.6,16.6.2,SP_PSR_SATIS_SEC,"Proportion of population satisfied with their last experience of public services, secondary education services (%)",2015,2023,5,FALSE,FALSE,FALSE,intermittent,366,366,0,0,0,0,100
16,16.7,16.7.1,SG_DMK_JDC,Proportions of positions in the judiciary compared to national distributions (ratio),2015,2023,9,TRUE,FALSE,FALSE,stable,1312,1312,0,0,0,0,100
16,16.7,16.7.1,SG_DMK_JDC_CNS,"Proportions of positions in the judiciary compared to national distributions, Constitutional Court (ratio)",2015,2023,9,TRUE,FALSE,FALSE,stable,982,982,0,0,0,0,100
16,16.7,16.7.1,SG_DMK_JDC_HGR,"Proportions of positions in the judiciary compared to national distributions, Higher Courts (ratio)",2015,2023,9,TRUE,FALSE,FALSE,stable,902,902,0,0,0,0,100
16,16.7,16.7.1,SG_DMK_JDC_LWR,"Proportions of positions in the judiciary compared to national distributions, Lower Courts (ratio)",2015,2023,9,TRUE,FALSE,FALSE,stable,880,880,0,0,0,0,100
16,16.7,16.7.1,SG_DMK_PARLCC_JC,"Number of chairs of permanent committees, by age sex and focus of the committee, Joint Committees",2021,2023,3,FALSE,TRUE,FALSE,entered_late,63,63,0,0,0,0,100
16,16.7,16.7.1,SG_DMK_PARLCC_LC,"Number of chairs of permanent committees, by age sex and focus of the committee, Lower Chamber or Unicameral",2021,2023,3,FALSE,TRUE,FALSE,entered_late,2522,2522,0,0,0,0,100
16,16.7,16.7.1,SG_DMK_PARLCC_UC,"Number of chairs of permanent committees, by age sex and focus of the committee, Upper Chamber",2021,2023,3,FALSE,TRUE,FALSE,entered_late,940,940,0,0,0,0,100
16,16.7,16.7.1,SG_DMK_PARLMP_LC,"Ratio for female members of parliaments (Ratio of the proportion of women in parliament in the proportion of women in the national population with the age of eligibility as a lower bound boundary), Lower Chamber or Unicameral",2021,2023,3,FALSE,TRUE,FALSE,entered_late,538,538,0,7,0,0,100
16,16.7,16.7.1,SG_DMK_PARLMP_UC,"Ratio for female members of parliaments (Ratio of the proportion of women in parliament in the proportion of women in the national population with the age of eligibility as a lower bound boundary), Upper Chamber",2021,2023,3,FALSE,TRUE,FALSE,entered_late,225,225,0,4,0,0,100
16,16.7,16.7.1,SG_DMK_PARLSP_LC,"Number of speakers in parliament, by age and sex , Lower Chamber or Unicameral",2021,2023,3,FALSE,TRUE,FALSE,entered_late,576,576,0,6,0,0,100
16,16.7,16.7.1,SG_DMK_PARLSP_UC,"Number of speakers in parliament, by age and sex, Upper Chamber",2021,2023,3,FALSE,TRUE,FALSE,entered_late,244,244,0,3,0,0,100
16,16.7,16.7.1,SG_DMK_PARLYTHN_LC,"Number of youth in parliament, Lower Chamber or Unicameral (Number)",2021,2023,3,FALSE,TRUE,FALSE,entered_late,405,405,0,0,0,0,100
16,16.7,16.7.1,SG_DMK_PARLYTHN_UC,"Number of youth in parliament, Upper Chamber (Number)",2021,2023,3,FALSE,TRUE,FALSE,entered_late,154,154,0,0,0,0,100
16,16.7,16.7.1,SG_DMK_PARLYTHP_LC,"Proportion of youth in parliament, Lower Chamber or Unicameral (%)",2021,2023,3,FALSE,TRUE,FALSE,entered_late,404,404,0,0,0,0,100
16,16.7,16.7.1,SG_DMK_PARLYTHP_UC,"Proportion of youth in parliament, Upper Chamber (%)",2021,2023,3,FALSE,TRUE,FALSE,entered_late,155,155,0,0,0,0,100
16,16.7,16.7.1,SG_DMK_PARLYTHR_LC,"Ratio of young members in parliament (Ratio of the proportion of young members in parliament in the proportion of the national population with the age of eligibility as a lower bound boundary), Lower Chamber or Unicameral",2021,2023,3,FALSE,TRUE,FALSE,entered_late,390,390,0,0,0,0,100
16,16.7,16.7.1,SG_DMK_PARLYTHR_UC,"Ratio of young members in parliament (Ratio of the proportion of young members in parliament in the proportion of the national population with the age of eligibility as a lower bound boundary), Upper Chamber",2021,2023,3,FALSE,TRUE,FALSE,entered_late,149,149,0,0,0,0,100
16,16.7,16.7.1,SG_DMK_PSRVC,Proportions of positions in the public service compared to national distributions (ratio),2015,2023,9,TRUE,FALSE,FALSE,stable,2411,2411,0,0,0,0,100
16,16.7,16.7.2,IU_DMK_ICRS,Proportion of population who believe decision-making is inclusive and responsive (%),2016,2023,6,FALSE,TRUE,FALSE,entered_late,113,81,32,0,0,0,71.7
16,16.7,16.7.2,IU_DMK_INCL,Proportion of population who believe decision-making is inclusive (%),2015,2023,9,TRUE,FALSE,FALSE,stable,355,106,249,0,0,0,29.9
16,16.7,16.7.2,IU_DMK_RESP,Proportion of population who believe decision-making is responsive (%),2016,2023,7,FALSE,TRUE,FALSE,entered_late,181,96,85,0,0,0,53
16,16.8,16.8.1,SG_INT_MBRDEV,"Proportion of members of developing countries in international organizations, by organization (%)",2015,2023,9,TRUE,FALSE,FALSE,stable,21658,0,21658,0,0,0,0
16,16.8,16.8.1,SG_INT_VRTDEV,"Proportion of voting rights of developing countries in international organizations, by organization (%)",2015,2023,9,TRUE,FALSE,FALSE,stable,21658,0,21658,0,0,0,0
16,16.9,16.9.1,SG_REG_BRTH,Proportion of children under 5 years of age whose births have been registered with a civil authority (% of children under 5 years of age),2015,2023,9,TRUE,FALSE,FALSE,stable,564,553,11,0,0,0,98
16,16.a,16.a.1,SG_NHR_CMPLNC,"Countries with National Human Rights Institutions in compliance with the Paris Principles (0 = No status; 1 = Status B, partially compliant; 2 = Status A, fully compliant)",2015,2023,9,TRUE,FALSE,FALSE,stable,1746,1746,0,0,0,0,100
16,16.a,16.a.1,SG_NHR_IMPL,Proportion of countries with independent National Human Rights Institutions in compliance with the Paris Principles (%),2015,2023,9,TRUE,FALSE,FALSE,stable,1746,0,1746,0,0,0,0
16,16.b,16.b.1,VC_VOV_GDSD,"Proportion of population reporting having felt discriminated against, by grounds of discrimination, sex and disability (%)",2015,2023,9,TRUE,FALSE,FALSE,stable,14888,12418,2470,0,0,0,83.4
17,17.1,17.1.1,GR_G14_GDP,Total government revenue (budgetary central government) as a proportion of GDP (%),2015,2023,9,TRUE,FALSE,FALSE,stable,1230,1230,0,0,0,0,100
17,17.1,17.1.1,GR_G14_XDC,"Total government revenue, in local currency",2015,2023,9,TRUE,FALSE,FALSE,stable,1232,1232,0,0,0,0,100
17,17.1,17.1.2,GC_GOB_TAXD,Proportion of domestic budget funded by domestic taxes (%),2015,2023,9,TRUE,FALSE,FALSE,stable,1224,1224,0,0,0,0,100
17,17.10,17.10.1,TM_TAX_WMFN,"Worldwide weighted tariff-average, most-favoured-nation status, by type of product (%)",2015,2023,9,TRUE,FALSE,FALSE,stable,8034,8034,0,0,0,0,100
17,17.10,17.10.1,TM_TAX_WMPS,"Worldwide weighted tariff-average, preferential status, by type of product (%)",2015,2023,9,TRUE,FALSE,FALSE,stable,8034,8034,0,0,0,0,100
17,17.11,17.11.1,TX_EXP_GBMRCH,Developing countries’ and least developed countries’ share of global merchandise exports (%),2015,2023,9,TRUE,FALSE,FALSE,stable,1737,1686,51,0,0,0,97.1
17,17.11,17.11.1,TX_EXP_GBSVR,Developing countries’ and least developed countries’ share of global services exports (%),2015,2023,9,TRUE,FALSE,FALSE,stable,1710,1628,82,0,0,0,95.2
17,17.11,17.11.1,TX_IMP_GBMRCH,Developing countries’ and least developed countries’ share of global merchandise imports (%),2015,2023,9,TRUE,FALSE,FALSE,stable,1737,1674,63,0,0,0,96.4
17,17.11,17.11.1,TX_IMP_GBSVR,Developing countries’ and least developed countries’ share of global services imports (%),2015,2023,9,TRUE,FALSE,FALSE,stable,1711,1607,104,0,0,0,93.9
17,17.12,17.12.1,TM_TAX_DMFN,"Average tariff applied by developed countries, most-favored nation status, by type of product (%)",2015,2023,9,TRUE,FALSE,FALSE,stable,10440,10440,0,0,0,0,100
17,17.12,17.12.1,TM_TAX_DPRF,"Average tariff applied by developed countries, preferential status, by type of product (%)",2015,2023,9,TRUE,FALSE,FALSE,stable,10440,10440,0,0,0,0,100
17,17.13,17.13.1,BN_CAB_XOKA_GD_ZS,Current account balance as a proportion of GDP (%),2015,2023,9,TRUE,FALSE,FALSE,stable,1591,0,1591,0,0,0,0
17,17.13,17.13.1,BN_KLT_PTXL_CD,"Portfolio investment, net (Balance of Payments, current United States dollars)",2015,2023,9,TRUE,FALSE,FALSE,stable,1495,0,1495,0,0,0,0
17,17.13,17.13.1,BX_KLT_DINV_WD_GD_ZS,"Foreign direct investment, net inflows, as a proportion of GDP (%)",2015,2023,9,TRUE,FALSE,FALSE,stable,1680,0,1680,0,0,0,0
17,17.13,17.13.1,DP_DOD_DLD2_CR_CG_Z1,"Gross public sector debt, Central Government, as a proportion of GDP (%)",2015,2023,9,TRUE,FALSE,FALSE,stable,432,0,432,0,0,0,0
17,17.13,17.13.1,DT_DOD_DECT_GN_ZS,External debt stocks as a proportion of GNI (%),2015,2023,9,TRUE,FALSE,FALSE,stable,1072,0,1072,0,0,0,0
17,17.13,17.13.1,FB_BNK_CAPA_ZS,Bank capital to assets ratio (%),2015,2023,9,TRUE,FALSE,FALSE,stable,1209,0,1209,0,0,0,0
17,17.13,17.13.1,FI_RES_TOTL_MO,Total reserves in months of imports (ratio),2015,2023,9,TRUE,FALSE,FALSE,stable,1455,0,1455,0,0,0,0
17,17.13,17.13.1,FM_LBL_BMNY_IR_ZS,Broad money to total reserves ratio,2015,2023,9,TRUE,FALSE,FALSE,stable,1200,0,1200,0,0,0,0
17,17.13,17.13.1,FM_LBL_BMNY_ZG,Annual broad money growth (%),2015,2023,9,TRUE,FALSE,FALSE,stable,1289,0,1289,0,0,0,0
17,17.13,17.13.1,FP_CPI_TOTL_ZG,"Annual inflation, consumer prices (%)",2015,2023,9,TRUE,FALSE,FALSE,stable,1621,0,1621,0,0,0,0
17,17.13,17.13.1,GC_BAL_CASH_GD_ZS,Cash surplus/deficit as a proportion of GDP (%),2015,2023,9,TRUE,FALSE,FALSE,stable,1157,0,1157,0,0,0,0
17,17.13,17.13.1,GC_TAX_TOTL_GD_ZS,Tax revenue as a proportion of GDP (%),2015,2023,9,TRUE,FALSE,FALSE,stable,1190,0,1190,0,0,0,0
17,17.13,17.13.1,NE_CON_GOVT_KD_ZG,Annual growth of the general government final consumption expenditure (%),2015,2023,9,TRUE,FALSE,FALSE,stable,1449,0,1449,0,0,0,0
17,17.13,17.13.1,NE_CON_PRVT_KD_ZG,Annual growth of households and NPISHs final consumption expenditure (%),2015,2023,9,TRUE,FALSE,FALSE,stable,1451,0,1451,0,0,0,0
17,17.13,17.13.1,NE_EXP_GNFS_KD_ZG,Annual growth of exports of goods and services (%),2015,2023,9,TRUE,FALSE,FALSE,stable,1454,0,1454,0,0,0,0
17,17.13,17.13.1,NE_GDI_TOTL_KD_ZG,Annual growth of the gross capital formation (%),2015,2023,9,TRUE,FALSE,FALSE,stable,1407,0,1407,0,0,0,0
17,17.13,17.13.1,NE_IMP_GNFS_KD_ZG,Annual growth of imports of goods and services (%),2015,2023,9,TRUE,FALSE,FALSE,stable,1454,0,1454,0,0,0,0
17,17.13,17.13.1,NY_GDP_MKTP_KD_ZG,Annual GDP growth (%),2015,2023,9,TRUE,FALSE,FALSE,stable,1732,0,1732,0,0,0,0
17,17.13,17.13.1,PA_NUS_ATLS,DEC alternative conversion factor (in local currency unit per United States dollar),2015,2023,9,TRUE,FALSE,FALSE,stable,1761,0,1761,0,0,0,0
17,17.13,17.13.1,TG_VAL_TOTL_GD_ZS,Merchandise trade as a proportion of GDP (%),2015,2023,9,TRUE,FALSE,FALSE,stable,1710,0,1710,0,0,0,0
17,17.14,17.14.1,SG_CPA_SDEVP,Mechanisms in place to enhance policy coherence for sustainable development (%),2020,2022,2,FALSE,TRUE,TRUE,entered_late,49,49,0,0,0,0,100
17,17.15,17.15.1,SG_PLN_PRPOLRES,Extent of use of country-owned results frameworks and planning tools by providers of development cooperation - data by provider (%),2016,2018,2,FALSE,TRUE,TRUE,entered_late,59,59,0,0,0,0,100
17,17.15,17.15.1,SG_PLN_PRVNDI,Proportion of project objectives of new development interventions drawn from country-led result frameworks - data by provider (%),2016,2018,2,FALSE,TRUE,TRUE,entered_late,59,59,0,0,0,0,100
17,17.15,17.15.1,SG_PLN_PRVRICTRY,Proportion of results indicators drawn from country-led results frameworks - data by provider (%),2016,2018,2,FALSE,TRUE,TRUE,entered_late,59,59,0,0,0,0,100
17,17.15,17.15.1,SG_PLN_PRVRIMON,Proportion of results indicators which will be monitored using government sources and monitoring systems - data by provider (%),2016,2018,2,FALSE,TRUE,TRUE,entered_late,59,59,0,0,0,0,100
17,17.15,17.15.1,SG_PLN_RECNDI,Proportion of project objectives in new development interventions drawn from country-led result frameworks - data by recipient (%),2016,2023,3,FALSE,TRUE,FALSE,entered_late,159,159,0,1,1,0,100
17,17.15,17.15.1,SG_PLN_RECRICTRY,Proportion of results indicators drawn from country-led results frameworks - data by recipient (%),2016,2023,3,FALSE,TRUE,FALSE,entered_late,159,159,0,1,1,0,100
17,17.15,17.15.1,SG_PLN_RECRIMON,Proportion of results indicators which will be monitored using government sources and monitoring systems - data by recipient (%),2016,2023,3,FALSE,TRUE,FALSE,entered_late,159,159,0,1,1,0,100
17,17.15,17.15.1,SG_PLN_REPOLRES,Extent of use of country-owned results frameworks and planning tools by providers of development cooperation - data by recipient (%),2016,2023,3,FALSE,TRUE,FALSE,entered_late,159,159,0,1,1,0,100
17,17.16,17.16.1,SG_PLN_MSTKSDG_P,"Number of countries reporting progress in multi-stakeholder development effectiveness monitoring frameworks that support the achievement of the sustainable development goals, Provider (1 = YES; 0 = NO)",2016,2018,2,FALSE,TRUE,TRUE,entered_late,39,0,39,0,0,0,0
17,17.16,17.16.1,SG_PLN_MSTKSDG_R,"Number of countries reporting progress in multi-stakeholder development effectiveness monitoring frameworks that support the achievement of the sustainable development goals, Recipient (1 = YES; 0 = NO)",2016,2023,3,FALSE,TRUE,FALSE,entered_late,143,0,143,1,1,0,0
17,17.17,17.17.1,GF_COM_PPPI,"Amount of United States dollars committed to public-private partnerships for infrastructure, million USD nominal",2015,2020,6,FALSE,FALSE,TRUE,exited_early,769,0,769,0,0,0,0
17,17.17,17.17.1,GF_COM_PPPI_KD,"Amount of United States dollars committed to public-private partnerships for infrastructure, million USD real",2015,2020,6,FALSE,FALSE,TRUE,exited_early,690,0,690,0,0,0,0
17,17.18,17.18.1,IQ_SPI_PIL4,Data Sources performance index (Statistical Performance Indicators Pillar 4) (Index),2016,2023,8,FALSE,TRUE,FALSE,entered_late,1437,0,1437,0,0,0,0
17,17.18,17.18.1,IQ_SPI_PIL5,Data Infrastructure performance index (Statistical Performance Indicators Pillar 5) (Index),2016,2023,8,FALSE,TRUE,FALSE,entered_late,1519,0,1519,0,0,0,0
17,17.18,17.18.1,SG_STT_ODIN,Open Data Inventory (ODIN) Coverage Index,2022,2022,1,FALSE,TRUE,TRUE,entered_late,189,0,189,0,0,0,0
17,17.18,17.18.2,SG_STT_FPOS,Countries with national statistical legislation exists that complies with the Fundamental Principles of Official Statistics (1 = YES; 0 = NO),2019,2023,5,FALSE,TRUE,FALSE,entered_late,799,799,0,181,0,0,100
17,17.18,17.18.3,SG_STT_NSDSFDDNR,Countries with national statistical plans with funding from donors (1 = YES; 0 = NO),2019,2023,5,FALSE,TRUE,FALSE,entered_late,179,179,0,801,0,0,100
17,17.18,17.18.3,SG_STT_NSDSFDGVT,Countries with national statistical plans with funding from Government (1 = YES; 0 = NO),2019,2023,5,FALSE,TRUE,FALSE,entered_late,507,507,0,473,0,0,100
17,17.18,17.18.3,SG_STT_NSDSFDOTHR,Countries with national statistical plans with funding from others (1 = YES; 0 = NO),2019,2023,5,FALSE,TRUE,FALSE,entered_late,85,85,0,895,0,0,100
17,17.18,17.18.3,SG_STT_NSDSFND,Countries with national statistical plans that are fully funded (1 = YES; 0 = NO),2019,2023,5,FALSE,TRUE,FALSE,entered_late,706,706,0,274,0,0,100
17,17.18,17.18.3,SG_STT_NSDSIMPL,Countries with national statistical plans that are under implementation (1 = YES; 0 = NO),2019,2023,5,FALSE,TRUE,FALSE,entered_late,866,866,0,114,0,0,100
17,17.19,17.19.1,SG_STT_CAPTY,Dollar value of all resources made available to strengthen statistical capacity in developing countries (current United States dollars),2015,2023,9,TRUE,FALSE,FALSE,stable,1201,0,1201,563,0,0,0
17,17.19,17.19.2,SG_REG_BRTH90N,Countries with birth registration data that are at least 90 percent complete (1 = YES; 0 = NO),2015,2023,9,TRUE,FALSE,FALSE,stable,1369,1369,0,0,0,0,100
17,17.19,17.19.2,SG_REG_CENSUSN,Countries that have conducted at least one population and housing census in the last 10 years (1 = YES; 0 = NO),2015,2023,9,TRUE,FALSE,FALSE,stable,148,148,0,0,0,0,100
17,17.19,17.19.2,SG_REG_DETH75N,Countries with death registration data that are at least 75 percent complete (1 = YES; 0 = NO),2015,2023,9,TRUE,FALSE,FALSE,stable,1327,1327,0,0,0,0,100
17,17.2,17.2.1,DC_ODA_LDCG,"Net official development assistance (ODA) to LDCs as a percentage of OECD-DAC donors' GNI, by donor countries (%)",2015,2023,9,TRUE,FALSE,FALSE,stable,407,407,0,0,0,0,100
17,17.2,17.2.1,DC_ODA_LDCS,"Net official development assistance (ODA) to LDCs from OECD-DAC countries, by donor countries (millions of constant 2024 United States dollars)",2015,2023,9,TRUE,FALSE,FALSE,stable,412,412,0,0,0,0,100
17,17.2,17.2.1,DC_ODA_LLDC,"Net official development assistance (ODA) to landlocked developing countries from OECD-DAC countries, by donor countries (millions of constant 2024 United States dollars)",2015,2023,9,TRUE,FALSE,FALSE,stable,412,412,0,0,0,0,100
17,17.2,17.2.1,DC_ODA_LLDCG,"Net official development assistance (ODA) to landlocked developing countries as a percentage of OECD-DAC donors' GNI, by donor countries (%)",2015,2023,9,TRUE,FALSE,FALSE,stable,407,407,0,0,0,0,100
17,17.2,17.2.1,DC_ODA_SIDS,"Net official development assistance (ODA) to small island states (SIDS) from OECD-DAC countries, by donor countries (millions of constant 2024 United States dollars)",2015,2023,9,TRUE,FALSE,FALSE,stable,418,418,0,0,0,0,100
17,17.2,17.2.1,DC_ODA_SIDSG,"Net official development assistance (ODA) to small island states (SIDS) as a percentage of OECD-DAC donors' GNI, by donor countries (%)",2015,2023,9,TRUE,FALSE,FALSE,stable,412,412,0,0,0,0,100
17,17.2,17.2.1,DC_ODA_TOTG,"Net official development assistance (ODA) as a percentage of OECD-DAC donors' GNI, by donor countries (%)",2015,2017,3,FALSE,FALSE,TRUE,exited_early,135,135,0,0,0,0,100
17,17.2,17.2.1,DC_ODA_TOTGGE,"Official development assistance (ODA) as a percentage of OECD-DAC donors' GNI on grant equivalent basis, by donor countries (%)",2018,2023,6,FALSE,TRUE,FALSE,entered_late,280,280,0,0,0,0,100
17,17.2,17.2.1,DC_ODA_TOTL,"Net official development assistance (ODA) from OECD-DAC countries, by donor countries (millions of constant 2024 United States dollars)",2015,2023,9,TRUE,FALSE,FALSE,stable,426,426,0,0,0,0,100
17,17.2,17.2.1,DC_ODA_TOTLGE,"Official development assistance (ODA) from OECD-DAC countries on grant equivalent basis, by donor countries (millions of constant 2024 United States dollars)",2018,2023,6,FALSE,TRUE,FALSE,entered_late,286,286,0,0,0,0,100
17,17.3,17.3.1,DC_OSSD_GRT,Gross receipts by developing countries of official sustainable development grants (millions of United States dollars),2019,2023,5,FALSE,TRUE,FALSE,entered_late,698,0,698,0,0,0,0
17,17.3,17.3.1,DC_OSSD_GRT_SSC,Gross receipts by developing countries of official sustainable development grants from South-South cooperation providers (millions of United States dollars),2020,2023,3,FALSE,TRUE,FALSE,entered_late,277,277,0,0,0,0,100
17,17.3,17.3.1,DC_OSSD_MPF,Gross receipts by developing countries of mobilised private finance (MPF) - on an experimental basis (millions of United States dollars),2016,2023,8,FALSE,TRUE,FALSE,entered_late,934,0,934,0,0,0,0
17,17.3,17.3.1,DC_OSSD_OFFCL,Gross receipts by developing countries of official concessional sustainable development loans (millions of United States dollars),2019,2023,5,FALSE,TRUE,FALSE,entered_late,663,0,663,0,0,0,0
17,17.3,17.3.1,DC_OSSD_OFFNL,Gross receipts by developing countries of official non-concessional sustainable development loans (millions of United States dollars),2019,2023,5,FALSE,TRUE,FALSE,entered_late,654,0,654,0,0,0,0
17,17.3,17.3.1,DC_OSSD_PRVGRT,Gross receipts by developing countries of private grants (millions of United States dollars),2016,2023,8,FALSE,TRUE,FALSE,entered_late,956,0,956,0,0,0,0
17,17.3,17.3.1,GF_FRN_FDI,Foreign direct investment (FDI) inflows (millions of United States dollars),2015,2023,9,TRUE,FALSE,FALSE,stable,1695,1695,0,0,0,0,100
17,17.3,17.3.2,BX_TRF_PWKR,Volume of remittances (in United States dollars) as a proportion of total GDP (%),2015,2023,9,TRUE,FALSE,FALSE,stable,1534,0,1534,0,0,0,0
17,17.4,17.4.1,DT_TDS_DECT,"Debt service as a proportion of exports of goods, services and primary income (%)",2015,2023,9,TRUE,FALSE,FALSE,stable,1034,0,1034,0,0,0,0
17,17.5,17.5.1,SG_CPA_OFDI,"Number of countries with an outward investment promotion scheme which can benefit developing countries, including LDCs (1 = YES, 0 = NO)",2023,2023,1,FALSE,TRUE,FALSE,entered_late,895,895,0,0,0,0,100
17,17.6,17.6.1,IT_NET_BBND,"Fixed broadband subscriptions per 100 inhabitants, by speed (per 100 inhabitants)",2015,2023,9,TRUE,FALSE,FALSE,stable,5532,0,5532,0,0,0,0
17,17.6,17.6.1,IT_NET_BBNDN,"Number of fixed broadband subscriptions, by speed (number)",2015,2023,9,TRUE,FALSE,FALSE,stable,5532,5427,105,0,0,0,98.1
17,17.7,17.7.1,DC_ENVTECH_EXP,Amount of tracked exported Environmentally Sound Technologies (current United States dollars),2015,2023,9,TRUE,FALSE,FALSE,stable,1452,0,1452,0,0,0,0
17,17.7,17.7.1,DC_ENVTECH_IMP,Amount of tracked imported Environmentally Sound Technologies (current United States dollars),2015,2023,9,TRUE,FALSE,FALSE,stable,1459,0,1459,0,0,0,0
17,17.7,17.7.1,DC_ENVTECH_INV,"Total investment in Environment Sound Technologies, by sector (current United States dollars)",2015,2021,7,FALSE,FALSE,TRUE,exited_early,73,73,0,0,0,0,100
17,17.7,17.7.1,DC_ENVTECH_REXP,Amount of tracked re-exported Environmentally Sound Technologies (current United States dollars),2015,2023,9,TRUE,FALSE,FALSE,stable,490,0,490,0,0,0,0
17,17.7,17.7.1,DC_ENVTECH_RIMP,Amount of tracked re-imported Environmentally Sound Technologies (current United States dollars),2015,2023,9,TRUE,FALSE,FALSE,stable,375,0,375,0,0,0,0
17,17.7,17.7.1,DC_ENVTECH_TT,Total trade of tracked Environmentally Sound Technologies (current United States dollars),2015,2023,9,TRUE,FALSE,FALSE,stable,1459,0,1459,0,0,0,0
17,17.8,17.8.1,IT_USE_ii99,Proportion of individuals using the Internet (%),2015,2023,9,TRUE,FALSE,FALSE,stable,3062,2177,885,0,0,0,71.1
17,17.9,17.9.1,DC_FTA_TOTAL,Total official development assistance (gross disbursement) for technical cooperation (millions of 2024 United States dollars),2015,2023,9,TRUE,FALSE,FALSE,stable,1240,1240,0,0,0,0,100
